Workbook

Sheet Original Data
A1: ID_Proyek | B1: Jenis_Proyek | C1: Lokasi | D1: Nama_Proyek | E1: Panjang_Jalan | F1: Tanggal_Mulai | G1: Tanggal_Selesai | H1: Durasi_Proyek | I1: Anggaran | J1: Kontraktor | K1: Sumber_Dana
A2: CN-0001-2023 | B2: Jalan Raya | C2: Tomohon | D2: Pembangunan Jalan Raya Tomohon | E2: 31.76 | F2: 45064 | G2: 45199 | H2: 135 | I2: 4887210098 | J2: Perum Lailasari Hariyah (Persero) Tbk | K2: APBN 2023
A3: CN-0002-2023 | B3: Gedung | C3: Makassar | D3: Pembangunan Gedung Pemerintah Makassar | F3: 45118 | G3: 45288 | H3: 170 | I3: 2534374084 | J3: PT A | K3: APBD 2023
A4: CN-0003-2023 | B4: Jalan Raya | C4: Depok | D4: Pembangunan Jalan Raya Depok | E4: 46.32 | F4: 45017 | G4: 45162 | H4: 145 | I4: 718301152 | J4: Perum Yuniar Hakim Tbk | K4: APBD 2023
A5: CN-0004-2023 | B5: Jalan Raya | C5: Makassar | D5: Pembangunan Jalan Raya Makassar | E5: 20.81 | F5: 45263 | G5: 45413 | H5: 150 | I5: 1402997498 | J5: PT A | K5: APBN 2023
A6: CN-0005-2023 | B6: Jembatan | C6: Bau-Bau | D6: Rehabilitasi Jembatan Bau-Bau | F6: 45063 | G6: 45233 | H6: 170 | I6: 973230661 | J6: PT C | K6: APBD 2023
A7: CN-0006-2023 | B7: Drainase | C7: Bandung | D7: Perbaikan Drainase Bandung | E7: 1.34 | F7: 44927 | G7: 44994 | H7: 67 | I7: 567100601 | J7: Perum Lailasari Hariyah (Persero) Tbk | K7: APBD 2023
A8: CN-0007-2023 | B8: Jembatan | C8: Jakarta | D8: Rehabilitasi Jembatan Jakarta | F8: 45035 | G8: 45339 | H8: 304 | I8: 4695148263 | K8: APBD 2023
A9: CN-0008-2023 | B9: Jembatan | C9: Medan | D9: Rehabilitasi Jembatan Medan | F9: 44989 | G9: 45301 | H9: 312 | I9: 1359388722 | J9: CV Sihombing | K9: APBD 2023
A10: CN-0009-2023 | B10: Jalan Raya | C10: Bandung | D10: Pembangunan Jalan Raya Bandung | E10: 37.14 | F10: 44948 | G10: 45054 | H10: 106 | I10: 4866835678 | J10: Perum Yuniar Hakim Tbk | K10: APBD 2023
A11: CN-0010-2023 | B11: Drainase | C11: Surabaya | D11: Perbaikan Drainase Surabaya | E11: 1.17 | F11: 45036 | G11: 45119 | H11: 83 | I11: 2094613916 | J11: PT D | K11: APBN 2023
A12: CN-0011-2023 | B12: Jalan Raya | C12: Depok | D12: Pembangunan Jalan Raya Depok | E12: 24.95 | F12: 45226 | G12: 45403 | H12: 177 | I12: 4695488551 | J12: PT A | K12: APBD 2023
A13: CN-0012-2023 | B13: Gedung | C13: Jakarta | D13: Pembangunan Gedung Pemerintah Jakarta | F13: 45320 | G13: 45161 | H13: -159 | I13: 1108345388 | J13: CV Sihombing | K13: APBN 2023
A14: CN-0013-2023 | B14: Drainase | C14: Bandung | D14: Perbaikan Drainase Bandung | E14: 3.51 | F14: 45338 | G14: 45128 | H14: -210 | I14: 4343883992 | J14: PT A | K14: APBN 2023
A15: CN-0014-2023 | B15: Jembatan | C15: Tomohon | D15: Rehabilitasi Jembatan Tomohon | F15: 45249 | G15: 45590 | H15: 341 | I15: 3933046847 | J15: PT A | K15: APBD 2023
A16: CN-0015-2023 | B16: Jembatan | C16: Makassar | D16: Rehabilitasi Jembatan Makassar | F16: 45179 | G16: 45400 | H16: 221 | I16: 3381767421 | J16: CV Sihombing | K16: APBD 2023
A17: CN-0016-2023 | B17: Flyover | C17: Bandung | D17: Pembangunan Flyover Bandung | F17: 45128 | G17: 45204 | H17: 76 | I17: 4180846335 | J17: PT C | K17: APBN 2023
A18: CN-0017-2023 | B18: Jalan Raya | C18: Medan | D18: Pembangunan Jalan Raya Medan | E18: 35.31 | F18: 44938 | G18: 44985 | H18: 47 | I18: 2760864114 | K18: APBN 2023
A19: CN-0018-2023 | B19: Jalan Raya | C19: Depok | D19: Pembangunan Jalan Raya Depok | E19: 13.12 | F19: 44969 | G19: 45123 | H19: 154 | I19: 2176989260 | J19: PT C | K19: APBN 2023
A20: CN-0019-2023 | B20: Flyover | C20: Surabaya | D20: Pembangunan Flyover Surabaya | F20: 44967 | G20: 45260 | H20: 293 | I20: 4508289840 | J20: PT B | K20: APBD 2023
A21: CN-0020-2023 | B21: Drainase | C21: Medan | D21: Perbaikan Drainase Medan | E21: 3.69 | F21: 44936 | G21: 45295 | H21: 359 | I21: 811513657 | J21: PT A | K21: APBN 2023
A22: CN-0021-2023 | B22: Gedung | C22: Bandung | D22: Pembangunan Gedung Pemerintah Bandung | F22: 45129 | G22: 45264 | H22: 135 | I22: 832981859 | J22: CV Sihombing | K22: APBD 2023
A23: CN-0022-2023 | B23: Gedung | C23: Jakarta | D23: Pembangunan Gedung Pemerintah Jakarta | F23: 45074 | G23: 45326 | H23: 252 | I23: 3757105268 | K23: APBN 2023
A24: CN-0023-2023 | B24: Gedung | C24: Bau-Bau | D24: Pembangunan Gedung Pemerintah Bau-Bau | F24: 45128 | G24: 45275 | H24: 147 | I24: 4790525232 | J24: CV Sihombing | K24: APBN 2023
A25: CN-0024-2023 | B25: Drainase | C25: Medan | D25: Perbaikan Drainase Medan | E25: 1.7 | F25: 45041 | G25: 45102 | H25: 61 | I25: 1383396199 | J25: PT B | K25: APBN 2023
A26: CN-0025-2023 | B26: Jembatan | C26: Medan | D26: Rehabilitasi Jembatan Medan | F26: 44974 | G26: 45082 | H26: 108 | I26: 2462450365 | J26: Perum Yuniar Hakim Tbk | K26: APBN 2023
A27: CN-0026-2023 | B27: Drainase | C27: Tomohon | D27: Perbaikan Drainase Tomohon | E27: 1.83 | F27: 45271 | G27: 45311 | H27: 40 | I27: 1414817147 | J27: CV Sihombing | K27: APBN 2023
A28: CN-0027-2023 | B28: Flyover | C28: Depok | D28: Pembangunan Flyover Depok | F28: 45160 | G28: 45415 | H28: 255 | I28: 4665481372 | K28: APBD 2023
A29: CN-0028-2023 | B29: Jembatan | C29: Jakarta | D29: Rehabilitasi Jembatan Jakarta | F29: 44945 | G29: 45037 | H29: 92 | I29: 3016693972 | J29: Perum Yuniar Hakim Tbk | K29: APBN 2023
A30: CN-0029-2023 | B30: Jalan Raya | C30: Bau-Bau | D30: Pembangunan Jalan Raya Bau-Bau | E30: 40.5 | F30: 45033 | G30: 45370 | H30: 337 | I30: 2187758490 | J30: CV Sihombing | K30: APBD 2023
A31: CN-0030-2023 | B31: Jembatan | C31: Depok | D31: Rehabilitasi Jembatan Depok | F31: 45241 | G31: 45505 | H31: 264 | I31: 1240232201 | J31: Perum Yuniar Hakim Tbk | K31: APBN 2023
A32: CN-0031-2023 | B32: Flyover | C32: Makassar | D32: Pembangunan Flyover Makassar | F32: 45118 | G32: 45256 | H32: 138 | I32: 4866732289 | J32: PT C | K32: APBD 2023
A33: CN-0032-2023 | B33: Jembatan | C33: Bau-Bau | D33: Rehabilitasi Jembatan Bau-Bau | F33: 44943 | G33: 45027 | H33: 84 | I33: 2228528699 | J33: CV Sihombing | K33: APBN 2023
A34: CN-0033-2023 | B34: Drainase | C34: Bandung | D34: Perbaikan Drainase Bandung | E34: 1.89 | F34: 45036 | G34: 45313 | H34: 277 | I34: 2685215729 | K34: APBN 2023
A35: CN-0034-2023 | B35: Drainase | C35: Bau-Bau | D35: Perbaikan Drainase Bau-Bau | E35: 1.49 | F35: 45076 | G35: 45355 | H35: 279 | I35: 1491624045 | J35: Perum Yuniar Hakim Tbk | K35: APBD 2023
A36: CN-0035-2023 | B36: Jembatan | C36: Bandung | D36: Rehabilitasi Jembatan Bandung | F36: 45240 | G36: 44995 | H36: -245 | I36: 2006686424 | J36: PT D | K36: APBN 2023
A37: CN-0036-2023 | B37: Gedung | C37: Depok | D37: Pembangunan Gedung Pemerintah Depok | F37: 45208 | G37: 45388 | H37: 180 | I37: 3436590647 | J37: PT A | K37: APBD 2023
A38: CN-0037-2023 | B38: Drainase | C38: Makassar | D38: Perbaikan Drainase Makassar | E38: 1.38 | F38: 45223 | G38: 45586 | H38: 363 | I38: 3888778874 | K38: APBN 2023
A39: CN-0038-2023 | B39: Gedung | C39: Bandung | D39: Pembangunan Gedung Pemerintah Bandung | F39: 45072 | G39: 45108 | H39: 36 | I39: 1394109768 | J39: PT B | K39: APBD 2023
A40: CN-0039-2023 | B40: Drainase | C40: Medan | D40: Perbaikan Drainase Medan | E40: 0.23 | F40: 44932 | G40: 45108 | H40: 176 | I40: 1785906562 | J40: CV Sihombing | K40: APBN 2023
A41: CN-0040-2023 | B41: Jembatan | C41: Surabaya | D41: Rehabilitasi Jembatan Surabaya | F41: 45248 | G41: 45605 | H41: 357 | I41: 1397308023 | J41: PT D | K41: APBD 2023
A42: CN-0041-2023 | B42: Jembatan | C42: Bandung | D42: Rehabilitasi Jembatan Bandung | F42: 45203 | G42: 45407 | H42: 204 | I42: 3049229310 | J42: CV Sihombing | K42: APBD 2023
A43: CN-0042-2023 | B43: Flyover | C43: Bandung | D43: Pembangunan Flyover Bandung | F43: 44976 | G43: 45307 | H43: 331 | I43: 1256237673 | J43: PT C | K43: APBD 2023
A44: CN-0043-2023 | B44: Jalan Raya | C44: Bandung | D44: Pembangunan Jalan Raya Bandung | E44: 34.53 | F44: 45052 | G44: 45087 | H44: 35 | I44: 4746340156 | J44: PT C | K44: APBN 2023
A45: CN-0044-2023 | B45: Gedung | C45: Bandung | D45: Pembangunan Gedung Pemerintah Bandung | F45: 45140 | G45: 45090 | H45: -50 | I45: 2769836383 | J45: PT D | K45: APBD 2023
A46: CN-0045-2023 | B46: Jembatan | C46: Tomohon | D46: Rehabilitasi Jembatan Tomohon | F46: 45115 | G46: 45145 | H46: 30 | I46: 711812604 | J46: PT C | K46: APBD 2023
A47: CN-0046-2023 | B47: Jembatan | C47: Jakarta | D47: Rehabilitasi Jembatan Jakarta | F47: 44941 | G47: 45188 | H47: 247 | I47: 4495132510 | J47: PT D | K47: APBD 2023
A48: CN-0047-2023 | B48: Jembatan | C48: Bau-Bau | D48: Rehabilitasi Jembatan Bau-Bau | F48: 45391 | G48: 45047 | H48: -344 | I48: 1385499186 | J48: Perum Yuniar Hakim Tbk | K48: APBD 2023
A49: CN-0048-2023 | B49: Drainase | C49: Surabaya | D49: Perbaikan Drainase Surabaya | E49: 3.76 | F49: 45319 | G49: 45257 | H49: -62 | I49: 1341653823 | J49: CV Sihombing | K49: APBN 2023
A50: CN-0049-2023 | B50: Flyover | C50: Bau-Bau | D50: Pembangunan Flyover Bau-Bau | F50: 45159 | G50: 45378 | H50: 219 | I50: 3047568779 | J50: PT D | K50: APBD 2023
A51: CN-0050-2023 | B51: Gedung | C51: Depok | D51: Pembangunan Gedung Pemerintah Depok | F51: 45155 | G51: 45382 | H51: 227 | I51: 3138461999 | J51: PT D | K51: APBD 2023
A52: CN-0051-2023 | B52: Jembatan | C52: Medan | D52: Rehabilitasi Jembatan Medan | F52: 44982 | G52: 45181 | H52: 199 | I52: 4864871386 | J52: PT C | K52: APBD 2023
A53: CN-0052-2023 | B53: Jembatan | C53: Surabaya | D53: Rehabilitasi Jembatan Surabaya | F53: 45242 | G53: 45439 | H53: 197 | I53: 1651434882 | J53: PT D | K53: APBN 2023
A54: CN-0053-2023 | B54: Jembatan | C54: Bandung | D54: Rehabilitasi Jembatan Bandung | F54: 45093 | G54: 45425 | H54: 332 | I54: 4096859172 | J54: CV Sihombing | K54: APBN 2023
A55: CN-0054-2023 | B55: Gedung | C55: Bau-Bau | D55: Pembangunan Gedung Pemerintah Bau-Bau | F55: 45160 | G55: 45496 | H55: 336 | I55: 1121826743 | J55: PT A | K55: APBD 2023
A56: CN-0055-2023 | B56: Jalan Raya | C56: Makassar | D56: Pembangunan Jalan Raya Makassar | E56: 33.4 | F56: 45069 | G56: 45337 | H56: 268 | I56: 1602168167 | J56: CV Sihombing | K56: APBN 2023
A57: CN-0056-2023 | B57: Jalan Raya | C57: Medan | D57: Pembangunan Jalan Raya Medan | E57: 7.45 | F57: 45013 | G57: 45161 | H57: 148 | I57: 4380765608 | J57: CV Sihombing | K57: APBD 2023
A58: CN-0057-2023 | B58: Drainase | C58: Tomohon | D58: Perbaikan Drainase Tomohon | E58: 2.68 | F58: 44929 | G58: 45230 | H58: 301 | I58: 3280347896 | K58: APBD 2023
A59: CN-0058-2023 | B59: Gedung | C59: Surabaya | D59: Pembangunan Gedung Pemerintah Surabaya | F59: 45163 | G59: 45219 | H59: 56 | I59: 1780704212 | J59: PT B | K59: APBN 2023
A60: CN-0059-2023 | B60: Jembatan | C60: Makassar | D60: Rehabilitasi Jembatan Makassar | F60: 45168 | G60: 45511 | H60: 343 | I60: 3440084778 | J60: PT A | K60: APBD 2023
A61: CN-0060-2023 | B61: Jalan Raya | C61: Bandung | D61: Pembangunan Jalan Raya Bandung | E61: 8.95 | F61: 45033 | G61: 45291 | H61: 258 | I61: 4763618682 | J61: PT B | K61: APBN 2023
A62: CN-0061-2023 | B62: Gedung | C62: Surabaya | D62: Pembangunan Gedung Pemerintah Surabaya | F62: 45017 | G62: 45209 | H62: 192 | I62: 2565754523 | J62: PT C | K62: APBD 2023
A63: CN-0062-2023 | B63: Drainase | C63: Tomohon | D63: Perbaikan Drainase Tomohon | E63: 1.42 | F63: 44954 | G63: 45186 | H63: 232 | I63: 1607202535 | K63: APBN 2023
A64: CN-0063-2023 | B64: Drainase | C64: Bandung | D64: Perbaikan Drainase Bandung | E64: 0.11 | F64: 45091 | G64: 45414 | H64: 323 | I64: 2892947623 | J64: PT B | K64: APBD 2023
A65: CN-0064-2023 | B65: Jalan Raya | C65: Bau-Bau | D65: Pembangunan Jalan Raya Bau-Bau | E65: 36.79 | F65: 45058 | G65: 45145 | H65: 87 | I65: 3849838166 | J65: PT D | K65: APBN 2023
A66: CN-0065-2023 | B66: Flyover | C66: Bau-Bau | D66: Pembangunan Flyover Bau-Bau | F66: 44954 | G66: 45220 | H66: 266 | I66: 1192980894 | J66: CV Sihombing | K66: APBN 2023
A67: CN-0066-2023 | B67: Flyover | C67: Bandung | D67: Pembangunan Flyover Bandung | F67: 45175 | G67: 45316 | H67: 141 | I67: 4399923082 | K67: APBD 2023
A68: CN-0067-2023 | B68: Gedung | C68: Makassar | D68: Pembangunan Gedung Pemerintah Makassar | F68: 45056 | G68: 45210 | H68: 154 | I68: 3401095591 | J68: PT A | K68: APBD 2023
A69: CN-0068-2023 | B69: Gedung | C69: Bandung | D69: Pembangunan Gedung Pemerintah Bandung | F69: 45099 | G69: 45385 | H69: 286 | I69: 4927332744 | J69: PT A | K69: APBD 2023
A70: CN-0069-2023 | B70: Drainase | C70: Depok | D70: Perbaikan Drainase Depok | E70: 4.01 | F70: 45229 | G70: 45334 | H70: 105 | I70: 1221429023 | J70: PT C | K70: APBD 2023
A71: CN-0070-2023 | B71: Gedung | C71: Medan | D71: Pembangunan Gedung Pemerintah Medan | F71: 45038 | G71: 45308 | H71: 270 | I71: 1413476471 | J71: PT A | K71: APBN 2023
A72: CN-0071-2023 | B72: Drainase | C72: Tomohon | D72: Perbaikan Drainase Tomohon | E72: 0.76 | F72: 45401 | G72: 45183 | H72: -218 | I72: 4279256981 | J72: PT B | K72: APBD 2023
A73: CN-0072-2023 | B73: Jembatan | C73: Jakarta | D73: Rehabilitasi Jembatan Jakarta | F73: 45128 | G73: 45188 | H73: 60 | I73: 2887033546 | J73: PT B | K73: APBN 2023
A74: CN-0073-2023 | B74: Jembatan | C74: Medan | D74: Rehabilitasi Jembatan Medan | F74: 45135 | G74: 45168 | H74: 33 | I74: 1023010270 | J74: PT D | K74: APBN 2023
A75: CN-0074-2023 | B75: Jalan Raya | C75: Tomohon | D75: Pembangunan Jalan Raya Tomohon | E75: 31.96 | F75: 45001 | G75: 45325 | H75: 324 | I75: 4213931920 | K75: APBN 2023
A76: CN-0075-2023 | B76: Jembatan | C76: Medan | D76: Rehabilitasi Jembatan Medan | F76: 45006 | G76: 45234 | H76: 228 | I76: 4301541275 | K76: APBD 2023
A77: CN-0076-2023 | B77: Gedung | C77: Surabaya | D77: Pembangunan Gedung Pemerintah Surabaya | F77: 45178 | G77: 45449 | H77: 271 | I77: 1885779455 | J77: PT D | K77: APBN 2023
A78: CN-0077-2023 | B78: Gedung | C78: Tomohon | D78: Pembangunan Gedung Pemerintah Tomohon | F78: 44987 | G78: 45234 | H78: 247 | I78: 4564418343 | J78: PT B | K78: APBD 2023
A79: CN-0078-2023 | B79: Drainase | C79: Jakarta | D79: Perbaikan Drainase Jakarta | E79: 1.86 | F79: 45289 | G79: 45611 | H79: 322 | I79: 3758131763 | J79: PT D | K79: APBD 2023
A80: CN-0079-2023 | B80: Jalan Raya | C80: Tomohon | D80: Pembangunan Jalan Raya Tomohon | E80: 35.51 | F80: 45131 | G80: 45228 | H80: 97 | I80: 4474982856 | J80: PT C | K80: APBD 2023
A81: CN-0080-2023 | B81: Drainase | C81: Depok | D81: Perbaikan Drainase Depok | E81: 1.89 | F81: 45101 | G81: 45138 | H81: 37 | I81: 2000124543 | J81: Perum Yuniar Hakim Tbk | K81: APBD 2023
A82: CN-0081-2023 | B82: Jembatan | C82: Surabaya | D82: Rehabilitasi Jembatan Surabaya | F82: 45045 | G82: 45394 | H82: 349 | I82: 4983131305 | K82: APBD 2023
A83: CN-0082-2023 | B83: Jembatan | C83: Makassar | D83: Rehabilitasi Jembatan Makassar | F83: 45173 | G83: 45340 | H83: 167 | I83: 1078411782 | J83: Perum Yuniar Hakim Tbk | K83: APBD 2023
A84: CN-0083-2023 | B84: Flyover | C84: Surabaya | D84: Pembangunan Flyover Surabaya | F84: 44965 | G84: 45267 | H84: 302 | I84: 625182097 | J84: PT D | K84: APBD 2023
A85: CN-0084-2023 | B85: Gedung | C85: Surabaya | D85: Pembangunan Gedung Pemerintah Surabaya | F85: 45074 | G85: 45243 | H85: 169 | I85: 556869064 | K85: APBN 2023
A86: CN-0085-2023 | B86: Gedung | C86: Tomohon | D86: Pembangunan Gedung Pemerintah Tomohon | F86: 45210 | G86: 45557 | H86: 347 | I86: 1494318402 | J86: Perum Lailasari Hariyah (Persero) Tbk | K86: APBN 2023
A87: CN-0086-2023 | B87: Flyover | C87: Medan | D87: Pembangunan Flyover Medan | F87: 44929 | G87: 45261 | H87: 332 | I87: 3634688974 | J87: PT D | K87: APBD 2023
A88: CN-0087-2023 | B88: Drainase | C88: Jakarta | D88: Perbaikan Drainase Jakarta | E88: 4.02 | F88: 45217 | G88: 45469 | H88: 252 | I88: 645548295 | J88: PT A | K88: APBD 2023
A89: CN-0088-2023 | B89: Gedung | C89: Bandung | D89: Pembangunan Gedung Pemerintah Bandung | F89: 45284 | G89: 45579 | H89: 295 | I89: 2147946804 | J89: PT B | K89: APBD 2023
A90: CN-0089-2023 | B90: Jalan Raya | C90: Medan | D90: Pembangunan Jalan Raya Medan | E90: 49.42 | F90: 44989 | G90: 45120 | H90: 131 | I90: 2810346110 | J90: PT C | K90: APBD 2023
A91: CN-0090-2023 | B91: Drainase | C91: Tomohon | D91: Perbaikan Drainase Tomohon | E91: 2.47 | F91: 44991 | G91: 45062 | H91: 71 | I91: 4806907325 | J91: Perum Lailasari Hariyah (Persero) Tbk | K91: APBN 2023
A92: CN-0091-2023 | B92: Jalan Raya | C92: Jakarta | D92: Pembangunan Jalan Raya Jakarta | E92: 8.54 | F92: 45116 | G92: 45158 | H92: 42 | I92: 969310998 | J92: Perum Lailasari Hariyah (Persero) Tbk | K92: APBN 2023
A93: CN-0092-2023 | B93: Jalan Raya | C93: Medan | D93: Pembangunan Jalan Raya Medan | E93: 11.05 | F93: 45230 | G93: 45529 | H93: 299 | I93: 1094585897 | J93: PT D | K93: APBN 2023
A94: CN-0093-2023 | B94: Gedung | C94: Makassar | D94: Pembangunan Gedung Pemerintah Makassar | F94: 45273 | G94: 45590 | H94: 317 | I94: 3282889707 | J94: Perum Lailasari Hariyah (Persero) Tbk | K94: APBD 2023
A95: CN-0094-2023 | B95: Flyover | C95: Surabaya | D95: Pembangunan Flyover Surabaya | F95: 44958 | G95: 45158 | H95: 200 | I95: 1906722857 | J95: PT B | K95: APBN 2023
A96: CN-0095-2023 | B96: Jalan Raya | C96: Jakarta | D96: Pembangunan Jalan Raya Jakarta | E96: 45.25 | F96: 45151 | G96: 45311 | H96: 160 | I96: 2701415476 | J96: Perum Lailasari Hariyah (Persero) Tbk | K96: APBD 2023
A97: CN-0096-2023 | B97: Jembatan | C97: Medan | D97: Rehabilitasi Jembatan Medan | F97: 45185 | G97: 45273 | H97: 88 | I97: 4056181117 | J97: PT A | K97: APBN 2023
A98: CN-0097-2023 | B98: Gedung | C98: Jakarta | D98: Pembangunan Gedung Pemerintah Jakarta | F98: 44977 | G98: 45285 | H98: 308 | I98: 568908906 | K98: APBN 2023
A99: CN-0098-2023 | B99: Jalan Raya | C99: Medan | D99: Pembangunan Jalan Raya Medan | E99: 37.11 | F99: 45228 | G99: 45583 | H99: 355 | I99: 2286692982 | K99: APBD 2023
A100: CN-0099-2023 | B100: Gedung | C100: Jakarta | D100: Pembangunan Gedung Pemerintah Jakarta | F100: 45231 | G100: 45268 | H100: 37 | I100: 3532372552 | J100: CV Sihombing | K100: APBN 2023
...

Sheet Raw Dataset
A1: ID_Proyek | B1: Jenis_Proyek | C1: Lokasi | D1: Nama_Proyek | E1: Tanggal_Mulai | F1: Tanggal_Selesai | G1: Anggaran | H1: Kontraktor
A2: CN-0001-2023 | B2: Drainase | C2: Bandung | D2: Perbaikan Drainase Bandung | E2: 44927 | F2: 44994 | G2: 649208256 | H2: PT. Lailasari Hariyah (Persero) Tbk
A3: CN-0001-2024 | B3: Drainase | C3: Surabaya | D3: Perbaikan Drainase Surabaya | E3: 45319 | F3: 45323 | G3: 326999652 | H3: CV Sihombing
A4: CN-0002-2023 | B4: Flyover | C4: Depok | D4: Pembuatan Flyover Depok | E4: 44927 | F4: 45062 | G4: 3474309188 | H4: CV Sihombing
A5: CN-0002-2024 | B5: Gedung | C5: Jakarta | D5: Perbaikan Gedung Pemerintah Jakarta | E5: 45320 | F5: 45336 | G5: 8587951510 | H5: CV Sihombing
A6: CN-0003-2023 | B6: Jalan Raya | C6: Bandung | D6: Perbaikan Jalan Raya Bandung | E6: 44928 | F6: 45239 | G6: 191505827
A7: CN-0003-2024 | B7: Gedung | C7: Tomohon | D7: Perbaikan Gedung Pemerintah Tomohon | E7: 45323 | F7: 45343 | G7: 8016851785 | H7: PT. Yuniar Hakim Tbk
A8: CN-0004-2023 | B8: Flyover | C8: Tomohon | D8: Pembuatan Flyover Tomohon | E8: 44928 | F8: 45006 | G8: 3979021821 | H8: PT D
A9: CN-0004-2024 | B9: Gedung | C9: Jakarta | D9: Perbaikan Gedung Pemerintah Jakarta | E9: 45325 | F9: 45342 | G9: 2153093275 | H9: PT. Yuniar Hakim Tbk
A10: CN-0005-2023 | B10: Drainase | C10: Jakarta | D10: Perbaikan Drainase Jakarta | E10: 44928 | F10: 45271 | G10: 683556997 | H10: PT A
A11: CN-0005-2024 | B11: Jembatan | C11: Bau-Bau | D11: Perbaikan Jembatan Bau-Bau | E11: 45327 | F11: 45353 | G11: 4636324090 | H11: PT. Lailasari Hariyah (Persero) Tbk
A12: CN-0006-2023 | B12: Drainase | C12: Tomohon | D12: Perbaikan Drainase Tomohon | E12: 44929 | F12: 45230 | G12: 663835414 | H12: PT B
A13: CN-0006-2024 | B13: Drainase | C13: Bandung | D13: Perbaikan Drainase Bandung | E13: 45329 | F13: 45360 | G13: 698540517 | H13: PT A
A14: CN-0007-2023 | B14: Flyover | C14: Medan | D14: Pembuatan Flyover Medan | E14: 44929 | F14: 45261 | G14: 2423693734 | H14: PT D
A15: CN-0007-2024 | B15: Drainase | C15: Depok | D15: Perbaikan Drainase Depok | E15: 45330 | F15: 45337 | G15: 313131839 | H15: PT D
A16: CN-0008-2023 | B16: Jalan Raya | C16: Bandung | D16: Perbaikan Jalan Raya Bandung | E16: 44929 | F16: 45041 | G16: 281077623 | H16: PT. Yuniar Hakim Tbk
A17: CN-0008-2024 | B17: Jembatan | C17: Jakarta | D17: Pembuatan Jembatan Jakarta | E17: 45330 | F17: 45386 | G17: 921085536 | H17: PT B
A18: CN-0009-2023 | B18: Jalan Raya | C18: Jakarta | D18: Perbaikan Jalan Raya Jakarta | E18: 44930 | F18: 45182 | G18: 241214887 | H18: PT B
... A29: CN-0014-2024 | B29: Jalan Raya | C29: Surabaya | D29: Perbaikan Jalan Raya Surabaya | E29: 45339 | F29: 45379 | G29: 545662746 | H29: PT A
A30: CN-0015-2023 | B30: Jalan Raya | C30: Medan | D30: Perbaikan Jalan Raya Medan | E30: 44938 | F30: 44985 | G30: 486357978
A31: CN-0015-2024 | B31: Jalan Raya | C31: Surabaya | D31: Perbaikan Jalan Raya Surabaya | E31: 45340 | F31: 45371 | G31: 810414368 | H31: PT C
A32: CN-0016-2023 | B32: Jalan Raya | C32: Tomohon | D32: Perbaikan Jalan Raya Tomohon | E32: 44938 | F32: 45262 | G32: 341929482 | H32: PT. Yuniar Hakim Tbk
A33: CN-0016-2024 | B33: Jalan Raya | C33: Bau-Bau | D33: Perbaikan Jalan Raya Bau-Bau | E33: 45341 | F33: 45388 | G33: 599466235 | H33: PT. Yuniar Hakim Tbk
A34: CN-0017-2023 | B34: Gedung | C34: Tomohon | D34: Perbaikan Gedung Pemerintah Tomohon | E34: 44939 | F34: 45185 | G34: 4929333305 | H34: PT. Yuniar Hakim Tbk
A35: CN-0017-2024 | B35: Drainase | C35: Bandung | D35: Perbaikan Drainase Bandung | E35: 45341 | F35: 45350 | G35: 333089653 | H35: PT B
A36: CN-0018-2023 | B36: Drainase | C36: Tomohon | D36: Perbaikan Drainase Tomohon | E36: 44940 | F36: 45043 | G36: 523689841 | H36: PT D
A37: CN-0018-2024 | B37: Flyover | C37: Bandung | D37: Pembuatan Flyover Bandung | E37: 45341 | F37: 45406 | G37: 3757312666 | H37: PT B
A38: CN-0019-2023 | B38: Flyover | C38: Medan | D38: Pembuatan Flyover Medan | E38: 44940 | F38: 45206 | G38: 3894709817 | H38: PT. Yuniar Hakim Tbk
A39: CN-0019-2024 | B39: Jalan Raya | C39: Depok | D39: Perbaikan Jalan Raya Depok | E39: 45343 | F39: 45382 | G39: 462876320
A40: CN-0020-2023 | B40: Jembatan | C40: Jakarta | D40: Pembuatan Jembatan Jakarta | E40: 44941 | F40: 45188 | G40: 4532376815 | H40: PT D
A41: CN-0020-2024 | B41: Jembatan | C41: Depok | D41: Pembuatan Jembatan Depok | E41: 45346 | F41: 45398 | G41: 3821117140 | H41: PT D
A42: CN-0021-2023 | B42: Flyover | C42: Bau-Bau | D42: Perbaikan Flyover Bau-Bau | E42: 44941 | F42: 45290 | G42: 4159855566 | H42: PT C
A43: CN-0022-2023 | B43: Jembatan | C43: Bandung | D43: Perbaikan Jembatan Bandung | E43: 44941 | F43: 45095 | G43: 4492886828 | H43: PT D
A44: CN-0023-2023 | B44: Jembatan | C44: Surabaya | D44: Pembuatan Jembatan Surabaya | E44: 44942 | F44: 45034 | G44: 1424729417 | H44: PT. Yuniar Hakim Tbk
A45: CN-0024-2023 | B45: Jembatan | C45: Bau-Bau | D45: Pembuatan Jembatan Bau-Bau | E45: 44943 | F45: 45027 | G45: 1425616276 | H45: CV Sihombing
A46: CN-0025-2023 | B46: Jalan Raya | C46: Bandung | D46: Perbaikan Jalan Raya Bandung | E46: 44943 | F46: 45136 | G46: 307413755 | H46: CV Sihombing
A47: CN-0026-2023 | B47: Jembatan | C47: Bau-Bau | D47: Pembuatan Jembatan Bau-Bau | E47: 44944 | F47: 45113 | G47: 6929733135 | H47: PT C
A48: CN-0027-2023 | B48: Jembatan | C48: Bau-Bau | D48: Perbaikan Jembatan Bau-Bau | E48: 44944 | F48: 45284 | G48: 1567712170 | H48: PT. Yuniar Hakim Tbk
A49: CN-0028-2023 | B49: Jembatan | C49: Jakarta | D49: Pembuatan Jembatan Jakarta | E49: 44945 | F49: 45037 | G49: 3020860458 | H49: PT. Yuniar Hakim Tbk
A50: CN-0029-2023 | B50: Drainase | C50: Medan | D50: Perbaikan Drainase Medan | E50: 44946 | F50: 45105 | G50: 443234047 | H50: PT. Lailasari Hariyah (Persero) Tbk
A51: CN-0030-2023 | B51: Flyover | C51: Makassar | D51: Pembuatan Flyover Makassar | E51: 44947 | F51: 45177 | G51: 4609627000 | H51: PT C
... A58: CN-0037-2023 | B58: Drainase | C58: Bau-Bau | D58: Perbaikan Drainase Bau-Bau | E58: 44951 | F58: 45262 | G58: 420827734 | H58: PT B
A59: CN-0038-2023 | B59: Drainase | C59: Tomohon | D59: Perbaikan Drainase Tomohon | E59: 44954 | F59: 45186 | G59: 382266210
A60: CN-0039-2023 | B60: Flyover | C60: Bau-Bau | D60: Pembuatan Flyover Bau-Bau | E60: 44954 | F60: 45220 | G60: 1545241955 | H60: CV Sihombing
A61: CN-0040-2023 | B61: Gedung | C61: Medan | D61: Perbaikan Gedung Pemerintah Medan | E61: 44954 | F61: 45158 | G61: 6831252497 | H61: PT A
A62: CN-0041-2023 | B62: Jembatan | C62: Bau-Bau | D62: Perbaikan Jembatan Bau-Bau | E62: 44955 | F62: 45116 | G62: 3703277131
A63: CN-0042-2023 | B63: Flyover | C63: Surabaya | D63: Perbaikan Flyover Surabaya | E63: 44958 | F63: 45158 | G63: 3678391600 | H63: PT B
A64: CN-0043-2023 | B64: Jalan Raya | C64: Bandung | D64: Perbaikan Jalan Raya Bandung | E64: 44959 | F64: 45258 | G64: 888014731 | H64: PT B
A65: CN-0044-2023 | B65: Jalan Raya | C65: Jakarta | D65: Perbaikan Jalan Raya Jakarta | E65: 44959 | F65: 45150 | G65: 593629020 | H65: PT D
A66: CN-0045-2023 | B66: Jembatan | C66: Makassar | D66: Pembuatan Jembatan Makassar | E66: 44959 | F66: 45167 | G66: 5835541492
A67: CN-0046-2023 | B67: Drainase | C67: Bandung | D67: Perbaikan Drainase Bandung | E67: 44960 | F67: 45303 | G67: 213457440 | H67: PT A
A68: CN-0047-2023 | B68: Drainase | C68: Jakarta | D68: Perbaikan Drainase Jakarta | E68: 44961 | F68: 45065 | G68: 327569561 | H68: PT A
A69: CN-0048-2023 | B69: Drainase | C69: Jakarta | D69: Perbaikan Drainase Jakarta | E69: 44961 | F69: 45078 | G69: 705483967 | H69: CV Sihombing
A70: CN-0049-2023 | B70: Jembatan | C70: Makassar | D70: Perbaikan Jembatan Makassar | E70: 44963 | F70: 45048 | G70: 3447782131 | H70: PT D
A71: CN-0050-2023 | B71: Flyover | C71: Depok | D71: Pembuatan Flyover Depok | E71: 44963 | F71: 45313 | G71: 2635808219 | H71: PT B
A72: CN-0051-2023 | B72: Flyover | C72: Surabaya | D72: Pembuatan Flyover Surabaya | E72: 44965 | F72: 45267 | G72: 2011712412 | H72: PT D
A73: CN-0052-2023 | B73: Flyover | C73: Jakarta | D73: Pembuatan Flyover Jakarta | E73: 44965 | F73: 45066 | G73: 3202495526 | H73: CV Sihombing
A74: CN-0053-2023 | B74: Flyover | C74: Surabaya | D74: Perbaikan Flyover Surabaya | E74: 44967 | F74: 45260 | G74: 1655558865 | H74: PT B
A75: CN-0054-2023 | B75: Flyover | C75: Bandung | D75: Pembuatan Flyover Bandung | E75: 44967 | F75: 45099 | G75: 4806787932 | H75: CV Sihombing
A76: CN-0055-2023 | B76: Jalan Raya | C76: Tomohon | D76: Perbaikan Jalan Raya Tomohon | E76: 44968 | F76: 45329 | G76: 699551361 | H76: PT A
A77: CN-0056-2023 | B77: Drainase | C77: Bau-Bau | D77: Perbaikan Drainase Bau-Bau | E77: 44968 | F77: 45186 | G77: 363997813 | H77: PT. Yuniar Hakim Tbk
A78: CN-0057-2023 | B78: Jalan Raya | C78: Depok | D78: Perbaikan Jalan Raya Depok | E78: 44969 | F78: 45123 | G78: 926922328 | H78: PT C
A79: CN-0058-2023 | E79: 44969 | F79: 45030 | G79: 314690070 | H79: CV Sihombing
A80: CN-0059-2023 | B80: Drainase | C80: Surabaya | D80: Perbaikan Drainase Surabaya | E80: 44971 | F80: 45232 | G80: 708312743 | H80: PT D
A81: CN-0060-2023 | B81: Drainase | C81: Medan | D81: Perbaikan Drainase Medan | E81: 44971 | F81: 45228 | G81: 419037113 | H81: PT A
A82: CN-0061-2023 | B82: Drainase | C82: Jakarta | D82: Perbaikan Drainase Jakarta | E82: 44972 | F82: 45130 | G82: 500841363 | H82: PT. Yuniar Hakim Tbk
A83: CN-0062-2023 | B83: Jalan Raya | C83: Jakarta | D83: Perbaikan Jalan Raya Jakarta | E83: 44973 | F83: 45289 | G83: 209304110 | H83: PT. Yuniar Hakim Tbk
A84: CN-0063-2023 | B84: Jembatan | C84: Medan | D84: Perbaikan Jembatan Medan | E84: 44974 | F84: 45082 | G84: 3686469051 | H84: PT. Yuniar Hakim Tbk
A85: CN-0064-2023 | B85: Jalan Raya | C85: Bandung | D85: Perbaikan Jalan Raya Bandung | E85: 44974 | F85: 45112 | G85: 353290709 | H85: PT. Lailasari Hariyah (Persero) Tbk
A86: CN-0065-2023 | B86: Gedung | C86: Jakarta | D86: Perbaikan Gedung Pemerintah Jakarta | E86: 44974 | F86: 45230 | G86: 8935017863 | H86: PT A
A87: CN-0066-2023 | B87: Jembatan | C87: Bau-Bau | D87: Perbaikan Jembatan Bau-Bau | E87: 44975 | F87: 45193 | G87: 5518454926 | H87: PT C
A88: CN-0067-2023 | B88: Flyover | C88: Medan | D88: Perbaikan Flyover Medan | E88: 44975 | F88: 45256 | G88: 3367495384
A89: CN-0068-2023 | B89: Flyover | C89: Bandung | D89: Perbaikan Flyover Bandung | E89: 44976 | F89: 45307 | G89: 2293993253 | H89: PT C
A90: CN-0069-2023 | B90: Flyover | C90: Makassar | D90: Pembuatan Flyover Makassar | E90: 44976 | F90: 45318 | G90: 1790927128 | H90: PT D
A91: CN-0070-2023 | B91: Gedung | C91: Jakarta | E91: 44977 | F91: 45285 | G91: 7432359735
A92: CN-0071-2023 | B92: Gedung | C92: Surabaya | D92: Perbaikan Gedung Pemerintah Surabaya | E92: 44977 | F92: 45233 | G92: 7645065116
A93: CN-0072-2023 | B93: Jembatan | C93: Tomohon | D93: Perbaikan Jembatan Tomohon | E93: 44979 | F93: 45295 | G93: 5522312320 | H93: PT. Yuniar Hakim Tbk
A94: CN-0073-2023 | B94: Jalan Raya | C94: Medan | D94: Perbaikan Jalan Raya Medan | E94: 44979 | F94: 45074 | G94: 934325560 | H94: PT D
A95: CN-0074-2023 | B95: Jalan Raya | C95: Makassar | D95: Perbaikan Jalan Raya Makassar | E95: 44979 | F95: 45058 | G95: 121142623 | H95: CV Sihombing
A96: CN-0075-2023 | B96: Jembatan | C96: Medan | D96: Pembuatan Jembatan Medan | E96: 44982 | F96: 45181 | G96: 1493231996 | H96: PT C
A97: CN-0076-2023 | B97: Jembatan | C97: Jakarta | D97: Pembuatan Jembatan Jakarta | E97: 44984 | F97: 45324 | G97: 5860997586 | H97: PT. Lailasari Hariyah (Persero) Tbk
A98: CN-0077-2023 | B98: Drainase | C98: Jakarta | D98: Perbaikan Drainase Jakarta | E98: 44984 | F98: 45149 | G98: 551513519 | H98: CV Sihombing
A99: CN-0078-2023 | B99: Jalan Raya | C99: Surabaya | D99: Perbaikan Jalan Raya Surabaya | E99: 44985 | F99: 45186 | G99: 359783228 | H99: CV Sihombing
A100: CN-0079-2023 | B100: Flyover | C100: Surabaya | D100: Perbaikan Flyover Surabaya | E100: 44986 | F100: 45105 | G100: 4429242773 | H100: PT D
A101: CN-0080-2023 | B101: Gedung | C101: Tomohon | D101: Perbaikan Gedung Pemerintah Tomohon | E101: 44987 | F101: 45234 | G101: 2034415367 | H101: PT B
A102: CN-0081-2023 | B102: Jembatan | C102: Medan | D102: Perbaikan Jembatan Medan | E102: 44989 | F102: 45301 | G102: 1597122511 | H102: CV Sihombing
A103: CN-0082-2023 | B103: Jalan Raya | C103: Medan | D103: Perbaikan Jalan Raya Medan | E103: 44989 | F103: 45120 | G103: 966519099 | H103: PT C
A104: CN-0083-2023 | B104: Jalan Raya | C104: Tomohon | D104: Perbaikan Jalan Raya Tomohon | E104: 44990 | F104: 45158 | G104: 881938572 | H104: PT. Yuniar Hakim Tbk
... A115: CN-0094-2023 | B115: Flyover | C115: Tomohon | D115: Perbaikan Flyover Tomohon | E115: 44996 | F115: 45181 | G115: 3922070251 | H115: PT D
A116: CN-0095-2023 | B116: Gedung | C116: Makassar | D116: Perbaikan Gedung Pemerintah Makassar | E116: 44998 | F116: 45341 | G116: 9404668499
A117: CN-0096-2023 | B117: Gedung | C117: Tomohon | D117: Perbaikan Gedung Pemerintah Tomohon | E117: 45000 | F117: 45038 | G117: 6049021945 | H117: CV Sihombing
A118: CN-0097-2023 | B118: Jalan Raya | C118: Tomohon | D118: Perbaikan Jalan Raya Tomohon | E118: 45001 | F118: 45325 | G118: 989197622 | H118: CV Sihombing
A119: CN-0098-2023 | B119: Jalan Raya | C119: Bandung | D119: Perbaikan Jalan Raya Bandung | E119: 45001 | F119: 45268 | G119: 923609376 | H119: PT C
A120: CN-0099-2023 | B120: Gedung | C120: Bandung | D120: Perbaikan Gedung Pemerintah Bandung | E120: 45001 | F120: 45173 | G120: 7000822070 | H120: PT D
A121: CN-0100-2023 | B121: Gedung | C121: Jakarta | D121: Perbaikan Gedung Pemerintah Jakarta | E121: 45003 | F121: 45165 | G121: 4006400142 | H121: PT. Lailasari Hariyah (Persero) Tbk
A122: CN-0101-2023 | B122: Gedung | C122: Depok | D122: Perbaikan Gedung Pemerintah Depok | E122: 45004 | F122: 45314 | G122: 7054924571 | H122: PT. Yuniar Hakim Tbk
A123: CN-0102-2023 | B123: Jembatan | C123: Medan | D123: Perbaikan Jembatan Medan | E123: 45006 | F123: 45234 | G123: 7494641055
A124: CN-0103-2023 | B124: Gedung | C124: Medan | D124: Perbaikan Gedung Pemerintah Medan | E124: 45008 | F124: 45268 | G124: 7221183664 | H124: PT C
A125: CN-0104-2023 | B125: Jalan Raya | C125: Bandung | D125: Perbaikan Jalan Raya Bandung | E125: 45008 | F125: 45121 | G125: 870876750 | H125: PT. Lailasari Hariyah (Persero) Tbk
A126: CN-0105-2023 | B126: Flyover | C126: Makassar | D126: Perbaikan Flyover Makassar | E126: 45009 | F126: 45316 | G126: 2164051592 | H126: PT C
...

Sheet Data Cleaning
A1: ID_Proyek | B1: Jenis_Proyek | C1: Lokasi | D1: Nama_Proyek | E1: Tanggal_Mulai | F1: Tanggal_Selesai | G1: Anggaran | H1: Kontraktor | J1: Cek validasi tanggal | K1: Cek validai anggaran
A2: CN-0001-2023 | B2: =TRIM('Raw Dataset'!B2) -> Drainase | C2: =TRIM('Raw Dataset'!C2) -> Bandung | D2: =TRIM('Raw Dataset'!D2) -> Perbaikan Drainase Bandung | E2: 44927 | F2: 44994 | G2: 649208256 | H2: =TRIM('Raw Dataset'!H2) -> PT. Lailasari Hariyah (Persero) Tbk | J2: {=IF(Table2[Tanggal_Selesai] < Table2[Tanggal_Mulai],"ERROR","OK")} -> OK | K2: {=IF(Table2[Anggaran] <= 0, "ERROR", "OK")} -> OK
A3: CN-0001-2024 | B3: =TRIM('Raw Dataset'!B3) -> Drainase | C3: =TRIM('Raw Dataset'!C3) -> Surabaya | D3: =TRIM('Raw Dataset'!D3) -> Perbaikan Drainase Surabaya | E3: 45319 | F3: 45323 | G3: 326999652 | H3: =TRIM('Raw Dataset'!H3) -> CV Sihombing | J3: OK | K3: OK
A4: CN-0002-2023 | B4: =TRIM('Raw Dataset'!B4) -> Flyover | C4: =TRIM('Raw Dataset'!C4) -> Depok | D4: =TRIM('Raw Dataset'!D4) -> Pembuatan Flyover Depok | E4: 44927 | F4: 45062 | G4: 3474309188 | H4: =TRIM('Raw Dataset'!H4) -> CV Sihombing | J4: OK | K4: OK
A5: CN-0002-2024 | B5: =TRIM('Raw Dataset'!B5) -> Gedung | C5: =TRIM('Raw Dataset'!C5) -> Jakarta | D5: =TRIM('Raw Dataset'!D5) -> Perbaikan Gedung Pemerintah Jakarta | E5: 45320 | F5: 45336 | G5: 8587951510 | H5: =TRIM('Raw Dataset'!H5) -> CV Sihombing | J5: OK | K5: OK
A6: CN-0003-2023 | B6: =TRIM('Raw Dataset'!B6) -> Jalan Raya | C6: =TRIM('Raw Dataset'!C6) -> Bandung | D6: =TRIM('Raw Dataset'!D6) -> Perbaikan Jalan Raya Bandung | E6: 44928 | F6: 45239 | G6: 191505827 | H6: =TRIM('Raw Dataset'!H6) | J6: OK | K6: OK
A7: CN-0003-2024 | B7: =TRIM('Raw Dataset'!B7) -> Gedung | C7: =TRIM('Raw Dataset'!C7) -> Tomohon | D7: =TRIM('Raw Dataset'!D7) -> Perbaikan Gedung Pemerintah Tomohon | E7: 45323 | F7: 45343 | G7: 8016851785 | H7: =TRIM('Raw Dataset'!H7) -> PT. Yuniar Hakim Tbk | J7: OK | K7: OK
A8: CN-0004-2023 | B8: =TRIM('Raw Dataset'!B8) -> Flyover | C8: =TRIM('Raw Dataset'!C8) -> Tomohon | D8: =TRIM('Raw Dataset'!D8) -> Pembuatan Flyover Tomohon | E8: 44928 | F8: 45006 | G8: 3979021821 | H8: =TRIM('Raw Dataset'!H8) -> PT D | J8: OK | K8: OK
A9: CN-0004-2024 | B9: =TRIM('Raw Dataset'!B9) -> Gedung | C9: =TRIM('Raw Dataset'!C9) -> Jakarta | D9: =TRIM('Raw Dataset'!D9) -> Perbaikan Gedung Pemerintah Jakarta | E9: 45325 | F9: 45342 | G9: 2153093275 | H9: =TRIM('Raw Dataset'!H9) -> PT. Yuniar Hakim Tbk | J9: OK | K9: OK
A10: CN-0005-2023 | B10: =TRIM('Raw Dataset'!B10) -> Drainase | C10: =TRIM('Raw Dataset'!C10) -> Jakarta | D10: =TRIM('Raw Dataset'!D10) -> Perbaikan Drainase Jakarta | E10: 44928 | F10: 45271 | G10: 683556997 | H10: =TRIM('Raw Dataset'!H10) -> PT A | J10: OK | K10: OK
A11: CN-0005-2024 | B11: =TRIM('Raw Dataset'!B11) -> Jembatan | C11: =TRIM('Raw Dataset'!C11) -> Bau-Bau | D11: =TRIM('Raw Dataset'!D11) -> Perbaikan Jembatan Bau-Bau | E11: 45327 | F11: 45353 | G11: 4636324090 | H11: =TRIM('Raw Dataset'!H11) -> PT. Lailasari Hariyah (Persero) Tbk | J11: OK | K11: OK
A12: CN-0006-2023 | B12: =TRIM('Raw Dataset'!B12) -> Drainase | C12: =TRIM('Raw Dataset'!C12) -> Tomohon | D12: =TRIM('Raw Dataset'!D12) -> Perbaikan Drainase Tomohon | E12: 44929 | F12: 45230 | G12: 663835414 | H12: =TRIM('Raw Dataset'!H12) -> PT B | J12: OK | K12: OK
A13: CN-0006-2024 | B13: =TRIM('Raw Dataset'!B13) -> Drainase | C13: =TRIM('Raw Dataset'!C13) -> Bandung | D13: =TRIM('Raw Dataset'!D13) -> Perbaikan Drainase Bandung | E13: 45329 | F13: 45360 | G13: 698540517 | H13: =TRIM('Raw Dataset'!H13) -> PT A | J13: OK | K13: OK
A14: CN-0007-2023 | B14: =TRIM('Raw Dataset'!B14) -> Flyover | C14: =TRIM('Raw Dataset'!C14) -> Medan | D14: =TRIM('Raw Dataset'!D14) -> Pembuatan Flyover Medan | E14: 44929 | F14: 45261 | G14: 2423693734 | H14: =TRIM('Raw Dataset'!H14) -> PT D | J14: OK | K14: OK
... A78: CN-0057-2023 | B78: =TRIM('Raw Dataset'!B78) -> Jalan Raya | C78: =TRIM('Raw Dataset'!C78) -> Depok | D78: =TRIM('Raw Dataset'!D78) -> Perbaikan Jalan Raya Depok | E78: 44969 | F78: 45123 | G78: 926922328 | H78: =TRIM('Raw Dataset'!H78) -> PT C | J78: OK | K78: OK
A79: CN-0058-2023 | E79: 44969 | F79: 45030 | G79: 314690070 | H79: =TRIM('Raw Dataset'!H79) -> CV Sihombing | J79: OK | K79: OK
A80: CN-0059-2023 | B80: Drainase | C80: Surabaya | D80: Perbaikan Drainase Surabaya | E80: 44971 | F80: 45232 | G80: 708312743 | H80: =TRIM('Raw Dataset'!H80) -> PT D | J80: OK | K80: OK
A81: CN-0060-2023 | B81: Drainase | C81: Medan | D81: Perbaikan Drainase Medan | E81: 44971 | F81: 45228 | G81: 419037113 | H81: =TRIM('Raw Dataset'!H81) -> PT A | J81: OK | K81: OK
A82: CN-0061-2023 | B82: Drainase | C82: Jakarta | D82: Perbaikan Drainase Jakarta | E82: 44972 | F82: 45130 | G82: 500841363 | H82: =TRIM('Raw Dataset'!H82) -> PT. Yuniar Hakim Tbk | J82: OK | K82: OK
A83: CN-0062-2023 | B83: Jalan Raya | C83: Jakarta | D83: Perbaikan Jalan Raya Jakarta | E83: 44973 | F83: 45289 | G83: 209304110 | H83: =TRIM('Raw Dataset'!H83) -> PT. Yuniar Hakim Tbk | J83: OK | K83: OK
A84: CN-0063-2023 | B84: Jembatan | C84: Medan | D84: Perbaikan Jembatan Medan | E84: 44974 | F84: 45082 | G84: 3686469051 | H84: =TRIM('Raw Dataset'!H84) -> PT. Yuniar Hakim Tbk | J84: OK | K84: OK
A85: CN-0064-2023 | B85: Jalan Raya | C85: Bandung | D85: Perbaikan Jalan Raya Bandung | E85: 44974 | F85: 45112 | G85: 353290709 | H85: =TRIM('Raw Dataset'!H85) -> PT. Lailasari Hariyah (Persero) Tbk | J85: OK | K85: OK
A86: CN-0065-2023 | B86: Gedung | C86: Jakarta | D86: Perbaikan Gedung Pemerintah Jakarta | E86: 44974 | F86: 45230 | G86: 8935017863 | H86: =TRIM('Raw Dataset'!H86) -> PT A | J86: OK | K86: OK
A87: CN-0066-2023 | B87: Jembatan | C87: Bau-Bau | D87: Perbaikan Jembatan Bau-Bau | E87: 44975 | F87: 45193 | G87: 5518454926 | H87: =TRIM('Raw Dataset'!H87) -> PT C | J87: OK | K87: OK
A88: CN-0067-2023 | B88: Flyover | C88: Medan | D88: Perbaikan Flyover Medan | E88: 44975 | F88: 45256 | G88: 3367495384 | H88: =TRIM('Raw Dataset'!H88) | J88: OK | K88: OK
A89: CN-0068-2023 | B89: Flyover | C89: Bandung | D89: Perbaikan Flyover Bandung | E89: 44976 | F89: 45307 | G89: 2293993253 | H89: =TRIM('Raw Dataset'!H89) -> PT C | J89: OK | K89: OK
A90: CN-0069-2023 | B90: Flyover | C90: Makassar | D90: Pembuatan Flyover Makassar | E90: 44976 | F90: 45318 | G90: 1790927128 | H90: =TRIM('Raw Dataset'!H90) -> PT D | J90: OK | K90: OK
A91: CN-0070-2023 | B91: Gedung | C91: Jakarta | E91: 44977 | F91: 45285 | G91: 7432359735 | H91: =TRIM('Raw Dataset'!H91) | J91: OK | K91: OK
A92: CN-0071-2023 | B92: Gedung | C92: Surabaya | D92: Perbaikan Gedung Pemerintah Surabaya | E92: 44977 | F92: 45233 | G92: 7645065116 | H92: =TRIM('Raw Dataset'!H92) | J92: OK | K92: OK
A93: CN-0072-2023 | B93: Jembatan | C93: Tomohon | D93: Perbaikan Jembatan Tomohon | E93: 44979 | F93: 45295 | G93: 5522312320 | H93: =TRIM('Raw Dataset'!H93) -> PT. Yuniar Hakim Tbk | J93: OK | K93: OK
A94: CN-0073-2023 | B94: Jalan Raya | C94: Medan | D94: Perbaikan Jalan Raya Medan | E94: 44979 | F94: 45074 | G94: 934325560 | H94: =TRIM('Raw Dataset'!H94) -> PT D | J94: OK | K94: OK
A95: CN-0074-2023 | B95: Jalan Raya | C95: Makassar | D95: Perbaikan Jalan Raya Makassar | E95: 44979 | F95: 45058 | G95: 121142623 | H95: =TRIM('Raw Dataset'!H95) -> CV Sihombing | J95: OK | K95: OK
A96: CN-0075-2023 | B96: Jembatan | C96: Medan | D96: Pembuatan Jembatan Medan | E96: 44982 | F96: 45181 | G96: 1493231996 | H96: =TRIM('Raw Dataset'!H96) -> PT C | J96: OK | K96: OK
A97: CN-0076-2023 | B97: Jembatan | C97: Jakarta | D97: Pembuatan Jembatan Jakarta | E97: 44984 | F97: 45324 | G97: 5860997586 | H97: =TRIM('Raw Dataset'!H97) -> PT. Lailasari Hariyah (Persero) Tbk | J97: OK | K97: OK
A98: CN-0077-2023 | B98: Drainase | C98: Jakarta | D98: Perbaikan Drainase Jakarta | E98: 44984 | F98: 45149 | G98: 551513519 | H98: =TRIM('Raw Dataset'!H98) -> CV Sihombing | J98: OK | K98: OK
A99: CN-0078-2023 | B99: Jalan Raya | C99: Surabaya | D99: Perbaikan Jalan Raya Surabaya | E99: 44985 | F99: 45186 | G99: 359783228 | H99: =TRIM('Raw Dataset'!H99) -> CV Sihombing | J99: OK | K99: OK
A100: CN-0079-2023 | B100: Flyover | C100: Surabaya | D100: Perbaikan Flyover Surabaya | E100: 44986 | F100: 45105 | G100: 4429242773 | H100: =TRIM('Raw Dataset'!H100) -> PT D | J100: OK | K100: OK
A101: CN-0080-2023 | B101: Gedung | C101: Tomohon | D101: Perbaikan Gedung Pemerintah Tomohon | E101: 44987 | F101: 45234 | G101: 2034415367 | H101: =TRIM('Raw Dataset'!H101) -> PT B | J101: OK | K101: OK
A102: CN-0081-2023 | B102: Jembatan | C102: Medan | D102: Perbaikan Jembatan Medan | E102: 44989 | F102: 45301 | G102: 1597122511 | H102: =TRIM('Raw Dataset'!H102) -> CV Sihombing | J102: OK | K102: OK
A103: CN-0082-2023 | B103: Jalan Raya | C103: Medan | D103: Perbaikan Jalan Raya Medan | E103: 44989 | F103: 45120 | G103: 966519099 | H103: =TRIM('Raw Dataset'!H103) -> PT C | J103: OK | K103: OK
... A128: CN-0107-2023 | B128: Gedung | C128: Bau-Bau | D128: Perbaikan Gedung Pemerintah Bau-Bau | E128: 45010 | F128: 45049 | G128: 3094147448 | H128: =TRIM('Raw Dataset'!H128) -> PT. Yuniar Hakim Tbk | J128: OK | K128: OK
A129: CN-0108-2023 | C129: Bandung | E129: 45010 | F129: 45091 | G129: 2960912774 | H129: =TRIM('Raw Dataset'!H129) | J129: OK | K129: OK
A130: CN-0109-2023 | B130: Drainase | C130: Makassar | D130: Perbaikan Drainase Makassar | E130: 45011 | F130: 45235 | G130: 421859230 | H130: =TRIM('Raw Dataset'!H130) | J130: OK | K130: OK
A131: CN-0110-2023 | B131: Jalan Raya | C131: Medan | D131: Perbaikan Jalan Raya Medan | E131: 45013 | F131: 45161 | G131: 776411814 | H131: =TRIM('Raw Dataset'!H131) -> CV Sihombing | J131: OK | K131: OK
A132: CN-0111-2023 | B132: Gedung | C132: Bandung | D132: Perbaikan Gedung Pemerintah Bandung | E132: 45013 | F132: 45095 | G132: 5326254824 | H132: =TRIM('Raw Dataset'!H132) -> PT. Yuniar Hakim Tbk | J132: OK | K132: OK
A133: CN-0112-2023 | B133: Drainase | C133: Bandung | D133: Perbaikan Drainase Bandung | E133: 45015 | F133: 45074 | G133: 737874671 | H133: =TRIM('Raw Dataset'!H133) -> PT A | J133: OK | K133: OK
A134: CN-0113-2023 | B134: Gedung | C134: Medan | D134: Perbaikan Gedung Pemerintah Medan | E134: 45016 | F134: 45248 | G134: 6410731228 | H134: =TRIM('Raw Dataset'!H134) -> PT B | J134: OK | K134: OK
A135: CN-0114-2023 | B135: Jalan Raya | C135: Depok | D135: Perbaikan Jalan Raya Depok | E135: 45017 | F135: 45162 | G135: 584530717 | H135: =TRIM('Raw Dataset'!H135) -> PT. Yuniar Hakim Tbk | J135: OK | K135: OK
A136: CN-0115-2023 | B136: Gedung | C136: Surabaya | D136: Perbaikan Gedung Pemerintah Surabaya | E136: 45017 | F136: 45209 | G136: 5399904068 | H136: =TRIM('Raw Dataset'!H136) -> PT C | J136: OK | K136: OK
A137: CN-0116-2023 | B137: Drainase | C137: Depok | D137: Perbaikan Drainase Depok | E137: 45017 | F137: 45267 | G137: 620525430 | H137: =TRIM('Raw Dataset'!H137) -> PT D | J137: OK | K137: OK
A138: CN-0117-2023 | B138: Flyover | C138: Jakarta | D138: Pembuatan Flyover Jakarta | E138: 45017 | F138: 45372 | G138: 2278233533 | H138: =TRIM('Raw Dataset'!H138) -> PT. Yuniar Hakim Tbk | J138: OK | K138: OK
A139: CN-0118-2023 | B139: Gedung | C139: Jakarta | D139: Perbaikan Gedung Pemerintah Jakarta | E139: 45017 | F139: 45369 | G139: 2425304687 | H139: =TRIM('Raw Dataset'!H139) -> PT C | J139: OK | K139: OK
A140: CN-0119-2023 | B140: Gedung | C140: Depok | D140: Perbaikan Gedung Pemerintah Depok | E140: 45017 | F140: 45053 | G140: 3263728734 | H140: =TRIM('Raw Dataset'!H140) -> CV Sihombing | J140: OK | K140: OK
A141: CN-0120-2023 | B141: Gedung | C141: Makassar | D141: Perbaikan Gedung Pemerintah Makassar | E141: 45018 | F141: 45255 | G141: 7299558365 | H141: =TRIM('Raw Dataset'!H141) -> PT. Yuniar Hakim Tbk | J141: OK | K141: OK
... A208: CN-0187-2023 | B208: Gedung | C208: Jakarta | D208: Perbaikan Gedung Pemerintah Jakarta | E208: 45074 | F208: 45326 | G208: 1475452617 | H208: =TRIM('Raw Dataset'!H208) -> PT A | J208: OK | K208: OK
A209: CN-0188-2023 | D209: Perbaikan Gedung Pemerintah Surabaya | E209: 45074 | F209: 45243 | G209: 8372699981 | H209: =TRIM('Raw Dataset'!H209) | J209: OK | K209: OK
A210: CN-0189-2023 | B210: Drainase | C210: Bau-Bau | D210: Perbaikan Drainase Bau-Bau | E210: 45074 | F210: 45215 | G210: 467726708 | H210: =TRIM('Raw Dataset'!H210) -> PT. Lailasari Hariyah (Persero) Tbk | J210: OK | K210: OK
A211: CN-0190-2023 | B211: Jembatan | C211: Bau-Bau | D211: Pembuatan Jembatan Bau-Bau | E211: 45075 | F211: 45276 | G211: 3277415006 | H211: =TRIM('Raw Dataset'!H211) -> PT C | J211: OK | K211: OK
A212: CN-0191-2023 | B212: Drainase | C212: Bau-Bau | D212: Perbaikan Drainase Bau-Bau | E212: 45076 | F212: 45355 | G212: 636468503 | H212: =TRIM('Raw Dataset'!H212) -> PT. Yuniar Hakim Tbk | J212: OK | K212: OK
A213: CN-0192-2023 | B213: Gedung | C213: Surabaya | D213: Perbaikan Gedung Pemerintah Surabaya | E213: 45078 | F213: 45153 | G213: 1206249778 | H213: =TRIM('Raw Dataset'!H213) -> PT B | J213: OK | K213: OK
A214: CN-0193-2023 | B214: Gedung | C214: Surabaya | D214: Perbaikan Gedung Pemerintah Surabaya | E214: 45078 | F214: 45153 | G214: 6060807570 | H214: =TRIM('Raw Dataset'!H214) -> PT. Yuniar Hakim Tbk | J214: OK | K214: OK
A215: CN-0194-2023 | B215: Flyover | C215: Medan | D215: Pembuatan Flyover Medan | E215: 45078 | F215: 45220 | G215: 2544644297 | H215: =TRIM('Raw Dataset'!H215) | J215: OK | K215: OK
A216: CN-0195-2023 | B216: Jembatan | C216: Jakarta | D216: Pembuatan Jembatan Jakarta | E216: 45080 | F216: 45423 | G216: 6557069994 | H216: =TRIM('Raw Dataset'!H216) -> PT C | J216: OK | K216: OK
A217: CN-0196-2023 | B217: Flyover | C217: Makassar | D217: Pembuatan Flyover Makassar | E217: 45081 | F217: 45393 | G217: 4526013687 | H217: =TRIM('Raw Dataset'!H217) -> PT B | J217: OK | K217: OK
A218: CN-0197-2023 | B218: Flyover | C218: Bandung | D218: Pembuatan Flyover Bandung | E218: 45081 | F218: 45336 | G218: 1746655000 | H218: =TRIM('Raw Dataset'!H218) -> CV Sihombing | J218: OK | K218: OK
A219: CN-0198-2023 | B219: Jembatan | C219: Medan | D219: Pembuatan Jembatan Medan | E219: 45081 | F219: 45151 | G219: 846453122 | H219: =TRIM('Raw Dataset'!H219) -> PT D | J219: OK | K219: OK
A220: CN-0199-2023 | B220: Jalan Raya | C220: Makassar | D220: Perbaikan Jalan Raya Makassar | E220: 45081 | F220: 45142 | G220: 203965243 | H220: =TRIM('Raw Dataset'!H220) -> PT D | J220: OK | K220: OK
A221: CN-0200-2023 | B221: Flyover | C221: Bau-Bau | D221: Perbaikan Flyover Bau-Bau | E221: 45081 | F221: 45386 | G221: 10119728525 | H221: =TRIM('Raw Dataset'!H221) -> PT B | J221: OK | K221: OK
... A500: CN-0479-2023 | B500: Gedung | C500: Surabaya | D500: Perbaikan Gedung Pemerintah Surabaya | E500: 45291 | F500: 45563 | G500: 2974669932 | H500: =TRIM('Raw Dataset'!H500) -> PT B | J500: OK | K500: OK

Sheet Null Data
A1: ID_Proyek | B1: Jenis_Proyek | C1: Lokasi | D1: Nama_Proyek | E1: Tanggal_Mulai | F1: Tanggal_Selesai | G1: Anggaran | H1: Kontraktor
A2: CN-0001-2023 | B2: =IF(Table2[[#This Row],[Jenis_Proyek]]="", "Tidak Diketahui", Table2[[#This Row],[Jenis_Proyek]]) -> Drainase | C2: =IF(Table2[[#This Row],[Lokasi]]="", "Tidak Diketahui", Table2[[#This Row],[Lokasi]]) -> Bandung | D2: =IF(Table2[[#This Row],[Nama_Proyek]]="", "Tidak Diketahui", Table2[[#This Row],[Nama_Proyek]]) -> Perbaikan Drainase Bandung | E2: 44927 | F2: 44994 | G2: 649208256 | H2: =IF(Table2[[#This Row],[Kontraktor]]="", "Tidak Diketahui",Table2[[#This Row],[Kontraktor]]) -> PT. Lailasari Hariyah (Persero) Tbk
A3: CN-0001-2024 | B3: =IF(Table2[[#This Row],[Jenis_Proyek]]="", "Tidak Diketahui", Table2[[#This Row],[Jenis_Proyek]]) -> Drainase | C3: =IF(Table2[[#This Row],[Lokasi]]="", "Tidak Diketahui", Table2[[#This Row],[Lokasi]]) -> Surabaya | D3: =IF(Table2[[#This Row],[Nama_Proyek]]="", "Tidak Diketahui", Table2[[#This Row],[Nama_Proyek]]) -> Perbaikan Drainase Surabaya | E3: 45319 | F3: 45323 | G3: 326999652 | H3: =IF(Table2[[#This Row],[Kontraktor]]="", "Tidak Diketahui",Table2[[#This Row],[Kontraktor]]) -> CV Sihombing
A4: CN-0002-2023 | B4: =IF(Table2[[#This Row],[Jenis_Proyek]]="", "Tidak Diketahui", Table2[[#This Row],[Jenis_Proyek]]) -> Flyover | C4: =IF(Table2[[#This Row],[Lokasi]]="", "Tidak Diketahui", Table2[[#This Row],[Lokasi]]) -> Depok | D4: =IF(Table2[[#This Row],[Nama_Proyek]]="", "Tidak Diketahui", Table2[[#This Row],[Nama_Proyek]]) -> Pembuatan Flyover Depok | E4: 44927 | F4: 45062 | G4: 3474309188 | H4: =IF(Table2[[#This Row],[Kontraktor]]="", "Tidak Diketahui",Table2[[#This Row],[Kontraktor]]) -> CV Sihombing
A5: CN-0002-2024 | B5: =IF(Table2[[#This Row],[Jenis_Proyek]]="", "Tidak Diketahui", Table2[[#This Row],[Jenis_Proyek]]) -> Gedung | C5: =IF(Table2[[#This Row],[Lokasi]]="", "Tidak Diketahui", Table2[[#This Row],[Lokasi]]) -> Jakarta | D5: =IF(Table2[[#This Row],[Nama_Proyek]]="", "Tidak Diketahui", Table2[[#This Row],[Nama_Proyek]]) -> Perbaikan Gedung Pemerintah Jakarta | E5: 45320 | F5: 45336 | G5: 8587951510 | H5: =IF(Table2[[#This Row],[Kontraktor]]="", "Tidak Diketahui",Table2[[#This Row],[Kontraktor]]) -> CV Sihombing
A6: CN-0003-2023 | B6: =IF(Table2[[#This Row],[Jenis_Proyek]]="", "Tidak Diketahui", Table2[[#This Row],[Jenis_Proyek]]) -> Jalan Raya | C6: =IF(Table2[[#This Row],[Lokasi]]="", "Tidak Diketahui", Table2[[#This Row],[Lokasi]]) -> Bandung | D6: =IF(Table2[[#This Row],[Nama_Proyek]]="", "Tidak Diketahui", Table2[[#This Row],[Nama_Proyek]]) -> Perbaikan Jalan Raya Bandung | E6: 44928 | F6: 45239 | G6: 191505827 | H6: =IF(Table2[[#This Row],[Kontraktor]]="", "Tidak Diketahui",Table2[[#This Row],[Kontraktor]]) -> Tidak Diketahui
A7: CN-0003-2024 | B7: =IF(Table2[[#This Row],[Jenis_Proyek]]="", "Tidak Diketahui", Table2[[#This Row],[Jenis_Proyek]]) -> Gedung | C7: =IF(Table2[[#This Row],[Lokasi]]="", "Tidak Diketahui", Table2[[#This Row],[Lokasi]]) -> Tomohon | D7: =IF(Table2[[#This Row],[Nama_Proyek]]="", "Tidak Diketahui", Table2[[#This Row],[Nama_Proyek]]) -> Perbaikan Gedung Pemerintah Tomohon | E7: 45323 | F7: 45343 | G7: 8016851785 | H7: =IF(Table2[[#This Row],[Kontraktor]]="", "Tidak Diketahui",Table2[[#This Row],[Kontraktor]]) -> PT. Yuniar Hakim Tbk
A8: CN-0004-2023 | B8: =IF(Table2[[#This Row],[Jenis_Proyek]]="", "Tidak Diketahui", Table2[[#This Row],[Jenis_Proyek]]) -> Flyover | C8: =IF(Table2[[#This Row],[Lokasi]]="", "Tidak Diketahui", Table2[[#This Row],[Lokasi]]) -> Tomohon | D8: =IF(Table2[[#This Row],[Nama_Proyek]]="", "Tidak Diketahui", Table2[[#This Row],[Nama_Proyek]]) -> Pembuatan Flyover Tomohon | E8: 44928 | F8: 45006 | G8: 3979021821 | H8: =IF(Table2[[#This Row],[Kontraktor]]="", "Tidak Diketahui",Table2[[#This Row],[Kontraktor]]) -> PT D
A9: CN-0004-2024 | B9: =IF(Table2[[#This Row],[Jenis_Proyek]]="", "Tidak Diketahui", Table2[[#This Row],[Jenis_Proyek]]) -> Gedung | C9: =IF(Table2[[#This Row],[Lokasi]]="", "Tidak Diketahui", Table2[[#This Row],[Lokasi]]) -> Jakarta | D9: =IF(Table2[[#This Row],[Nama_Proyek]]="", "Tidak Diketahui", Table2[[#This Row],[Nama_Proyek]]) -> Perbaikan Gedung Pemerintah Jakarta | E9: 45325 | F9: 45342 | G9: 2153093275 | H9: =IF(Table2[[#This Row],[Kontraktor]]="", "Tidak Diketahui",Table2[[#This Row],[Kontraktor]]) -> PT. Yuniar Hakim Tbk
A10: CN-0005-2023 | B10: =IF(Table2[[#This Row],[Jenis_Proyek]]="", "Tidak Diketahui", Table2[[#This Row],[Jenis_Proyek]]) -> Drainase | C10: =IF(Table2[[#This Row],[Lokasi]]="", "Tidak Diketahui", Table2[[#This Row],[Lokasi]]) -> Jakarta | D10: =IF(Table2[[#This Row],[Nama_Proyek]]="", "Tidak Diketahui", Table2[[#This Row],[Nama_Proyek]]) -> Perbaikan Drainase Jakarta | E10: 44928 | F10: 45271 | G10: 683556997 | H10: =IF(Table2[[#This Row],[Kontraktor]]="", "Tidak Diketahui",Table2[[#This Row],[Kontraktor]]) -> PT A
A11: CN-0005-2024 | B11: =IF(Table2[[#This Row],[Jenis_Proyek]]="", "Tidak Diketahui", Table2[[#This Row],[Jenis_Proyek]]) -> Jembatan | C11: =IF(Table2[[#This Row],[Lokasi]]="", "Tidak Diketahui", Table2[[#This Row],[Lokasi]]) -> Bau-Bau | D11: =IF(Table2[[#This Row],[Nama_Proyek]]="", "Tidak Diketahui", Table2[[#This Row],[Nama_Proyek]]) -> Perbaikan Jembatan Bau-Bau | E11: 45327 | F11: 45353 | G11: 4636324090 | H11: =IF(Table2[[#This Row],[Kontraktor]]="", "Tidak Diketahui",Table2[[#This Row],[Kontraktor]]) -> PT. Lailasari Hariyah (Persero) Tbk
A12: CN-0006-2023 | B12: =IF(Table2[[#This Row],[Jenis_Proyek]]="", "Tidak Diketahui", Table2[[#This Row],[Jenis_Proyek]]) -> Drainase | C12: =IF(Table2[[#This Row],[Lokasi]]="", "Tidak Diketahui", Table2[[#This Row],[Lokasi]]) -> Tomohon | D12: =IF(Table2[[#This Row],[Nama_Proyek]]="", "Tidak Diketahui", Table2[[#This Row],[Nama_Proyek]]) -> Perbaikan Drainase Tomohon | E12: 44929 | F12: 45230 | G12: 663835414 | H12: =IF(Table2[[#This Row],[Kontraktor]]="", "Tidak Diketahui",Table2[[#This Row],[Kontraktor]]) -> PT B
A13: CN-0006-2024 | B13: =IF(Table2[[#This Row],[Jenis_Proyek]]="", "Tidak Diketahui", Table2[[#This Row],[Jenis_Proyek]]) -> Drainase | C13: =IF(Table2[[#This Row],[Lokasi]]="", "Tidak Diketahui", Table2[[#This Row],[Lokasi]]) -> Bandung | D13: =IF(Table2[[#This Row],[Nama_Proyek]]="", "Tidak Diketahui", Table2[[#This Row],[Nama_Proyek]]) -> Perbaikan Drainase Bandung | E13: 45329 | F13: 45360 | G13: 698540517 | H13: =IF(Table2[[#This Row],[Kontraktor]]="", "Tidak Diketahui",Table2[[#This Row],[Kontraktor]]) -> PT A
... A500: CN-0479-2023 | B500: =IF(Table2[[#This Row],[Jenis_Proyek]]="", "Tidak Diketahui", Table2[[#This Row],[Jenis_Proyek]]) -> Gedung | C500: =IF(Table2[[#This Row],[Lokasi]]="", "Tidak Diketahui", Table2[[#This Row],[Lokasi]]) -> Surabaya | D500: =IF(Table2[[#This Row],[Nama_Proyek]]="", "Tidak Diketahui", Table2[[#This Row],[Nama_Proyek]]) -> Perbaikan Gedung Pemerintah Surabaya | E500: 45291 | F500: 45563 | G500: 2974669932 | H500: =IF(Table2[[#This Row],[Kontraktor]]="", "Tidak Diketahui",Table2[[#This Row],[Kontraktor]]) -> PT B

Sheet Feature Engineering
A1: ID_Proyek | B1: Jenis_Proyek | C1: Lokasi | D1: Nama_Proyek | E1: Tanggal_Mulai | F1: Tanggal_Selesai | G1: Anggaran | H1: Kontraktor | I1: Durasi_Proyek | J1: Efisiensi Kontraktor | K1: Tahun_Mulai
A2: CN-0001-2023 | B2: =IF(Table2[[#This Row],[Jenis_Proyek]]="", "Tidak Diketahui", Table2[[#This Row],[Jenis_Proyek]]) -> Drainase | C2: =IF(Table2[[#This Row],[Lokasi]]="", "Tidak Diketahui", Table2[[#This Row],[Lokasi]]) -> Bandung | D2: =IF(Table2[[#This Row],[Nama_Proyek]]="", "Tidak Diketahui", Table2[[#This Row],[Nama_Proyek]]) -> Perbaikan Drainase Bandung | E2: 44927 | F2: 44994 | G2: 649208256 | H2: =IF(Table2[[#This Row],[Kontraktor]]="", "Tidak Diketahui",Table2[[#This Row],[Kontraktor]]) -> PT. Lailasari Hariyah (Persero) Tbk | I2: =Table245[[#This Row],[Tanggal_Selesai]]-Table245[[#This Row],[Tanggal_Mulai]] -> 67 | J2: =Table245[[#This Row],[Anggaran]]/Table245[[#This Row],[Durasi_Proyek]] -> 9689675.5 | K2: =YEAR(Table245[[#This Row],[Tanggal_Mulai]]) -> 2023
A3: CN-0001-2024 | B3: =IF(Table2[[#This Row],[Jenis_Proyek]]="", "Tidak Diketahui", Table2[[#This Row],[Jenis_Proyek]]) -> Drainase | C3: =IF(Table2[[#This Row],[Lokasi]]="", "Tidak Diketahui", Table2[[#This Row],[Lokasi]]) -> Surabaya | D3: =IF(Table2[[#This Row],[Nama_Proyek]]="", "Tidak Diketahui", Table2[[#This Row],[Nama_Proyek]]) -> Perbaikan Drainase Surabaya | E3: 45319 | F3: 45323 | G3: 326999652 | H3: =IF(Table2[[#This Row],[Kontraktor]]="", "Tidak Diketahui",Table2[[#This Row],[Kontraktor]]) -> CV Sihombing | I3: =Table245[[#This Row],[Tanggal_Selesai]]-Table245[[#This Row],[Tanggal_Mulai]] -> 4 | J3: =Table245[[#This Row],[Anggaran]]/Table245[[#This Row],[Durasi_Proyek]] -> 81749913 | K3: =YEAR(Table245[[#This Row],[Tanggal_Mulai]]) -> 2024
A4: CN-0002-2023 | B4: =IF(Table2[[#This Row],[Jenis_Proyek]]="", "Tidak Diketahui", Table2[[#This Row],[Jenis_Proyek]]) -> Flyover | C4: =IF(Table2[[#This Row],[Lokasi]]="", "Tidak Diketahui", Table2[[#This Row],[Lokasi]]) -> Depok | D4: =IF(Table2[[#This Row],[Nama_Proyek]]="", "Tidak Diketahui", Table2[[#This Row],[Nama_Proyek]]) -> Pembuatan Flyover Depok | E4: 44927 | F4: 45062 | G4: 3474309188 | H4: =IF(Table2[[#This Row],[Kontraktor]]="", "Tidak Diketahui",Table2[[#This Row],[Kontraktor]]) -> CV Sihombing | I4: =Table245[[#This Row],[Tanggal_Selesai]]-Table245[[#This Row],[Tanggal_Mulai]] -> 135 | J4: =Table245[[#This Row],[Anggaran]]/Table245[[#This Row],[Durasi_Proyek]] -> 25735624 | K4: =YEAR(Table245[[#This Row],[Tanggal_Mulai]]) -> 2023
A5: CN-0002-2024 | B5: =IF(Table2[[#This Row],[Jenis_Proyek]]="", "Tidak Diketahui", Table2[[#This Row],[Jenis_Proyek]]) -> Gedung | C5: =IF(Table2[[#This Row],[Lokasi]]="", "Tidak Diketahui", Table2[[#This Row],[Lokasi]]) -> Jakarta | D5: =IF(Table2[[#This Row],[Nama_Proyek]]="", "Tidak Diketahui", Table2[[#This Row],[Nama_Proyek]]) -> Perbaikan Gedung Pemerintah Jakarta | E5: 45320 | F5: 45336 | G5: 8587951510 | H5: =IF(Table2[[#This Row],[Kontraktor]]="", "Tidak Diketahui",Table2[[#This Row],[Kontraktor]]) -> CV Sihombing | I5: =Table245[[#This Row],[Tanggal_Selesai]]-Table245[[#This Row],[Tanggal_Mulai]] -> 16 | J5: =Table245[[#This Row],[Anggaran]]/Table245[[#This Row],[Durasi_Proyek]] -> 5.3674697e+08 | K5: =YEAR(Table245[[#This Row],[Tanggal_Mulai]]) -> 2024
A6: CN-0003-2023 | B6: =IF(Table2[[#This Row],[Jenis_Proyek]]="", "Tidak Diketahui", Table2[[#This Row],[Jenis_Proyek]]) -> Jalan Raya | C6: =IF(Table2[[#This Row],[Lokasi]]="", "Tidak Diketahui", Table2[[#This Row],[Lokasi]]) -> Bandung | D6: =IF(Table2[[#This Row],[Nama_Proyek]]="", "Tidak Diketahui", Table2[[#This Row],[Nama_Proyek]]) -> Perbaikan Jalan Raya Bandung | E6: 44928 | F6: 45239 | G6: 191505827 | H6: =IF(Table2[[#This Row],[Kontraktor]]="", "Tidak Diketahui",Table2[[#This Row],[Kontraktor]]) -> Tidak Diketahui | I6: =Table245[[#This Row],[Tanggal_Selesai]]-Table245[[#This Row],[Tanggal_Mulai]] -> 311 | J6: =Table245[[#This Row],[Anggaran]]/Table245[[#This Row],[Durasi_Proyek]] -> 615774.36 | K6: =YEAR(Table245[[#This Row],[Tanggal_Mulai]]) -> 2023
A7: CN-0003-2024 | B7: =IF(Table2[[#This Row],[Jenis_Proyek]]="", "Tidak Diketahui", Table2[[#This Row],[Jenis_Proyek]]) -> Gedung | C7: =IF(Table2[[#This Row],[Lokasi]]="", "Tidak Diketahui", Table2[[#This Row],[Lokasi]]) -> Tomohon | D7: =IF(Table2[[#This Row],[Nama_Proyek]]="", "Tidak Diketahui", Table2[[#This Row],[Nama_Proyek]]) -> Perbaikan Gedung Pemerintah Tomohon | E7: 45323 | F7: 45343 | G7: 8016851785 | H7: =IF(Table2[[#This Row],[Kontraktor]]="", "Tidak Diketahui",Table2[[#This Row],[Kontraktor]]) -> PT. Yuniar Hakim Tbk | I7: =Table245[[#This Row],[Tanggal_Selesai]]-Table245[[#This Row],[Tanggal_Mulai]] -> 20 | J7: =Table245[[#This Row],[Anggaran]]/Table245[[#This Row],[Durasi_Proyek]] -> 4.0084259e+08 | K7: =YEAR(Table245[[#This Row],[Tanggal_Mulai]]) -> 2024
A8: CN-0004-2023 | B8: =IF(Table2[[#This Row],[Jenis_Proyek]]="", "Tidak Diketahui", Table2[[#This Row],[Jenis_Proyek]]) -> Flyover | C8: =IF(Table2[[#This Row],[Lokasi]]="", "Tidak Diketahui", Table2[[#This Row],[Lokasi]]) -> Tomohon | D8: =IF(Table2[[#This Row],[Nama_Proyek]]="", "Tidak Diketahui", Table2[[#This Row],[Nama_Proyek]]) -> Pembuatan Flyover Tomohon | E8: 44928 | F8: 45006 | G8: 3979021821 | H8: =IF(Table2[[#This Row],[Kontraktor]]="", "Tidak Diketahui",Table2[[#This Row],[Kontraktor]]) -> PT D | I8: =Table245[[#This Row],[Tanggal_Selesai]]-Table245[[#This Row],[Tanggal_Mulai]] -> 78 | J8: =Table245[[#This Row],[Anggaran]]/Table245[[#This Row],[Durasi_Proyek]] -> 51013100 | K8: =YEAR(Table245[[#This Row],[Tanggal_Mulai]]) -> 2023
A9: CN-0004-2024 | B9: =IF(Table2[[#This Row],[Jenis_Proyek]]="", "Tidak Diketahui", Table2[[#This Row],[Jenis_Proyek]]) -> Gedung | C9: =IF(Table2[[#This Row],[Lokasi]]="", "Tidak Diketahui", Table2[[#This Row],[Lokasi]]) -> Jakarta | D9: =IF(Table2[[#This Row],[Nama_Proyek]]="", "Tidak Diketahui", Table2[[#This Row],[Nama_Proyek]]) -> Perbaikan Gedung Pemerintah Jakarta | E9: 45325 | F9: 45342 | G9: 2153093275 | H9: =IF(Table2[[#This Row],[Kontraktor]]="", "Tidak Diketahui",Table2[[#This Row],[Kontraktor]]) -> PT. Yuniar Hakim Tbk | I9: =Table245[[#This Row],[Tanggal_Selesai]]-Table245[[#This Row],[Tanggal_Mulai]] -> 17 | J9: =Table245[[#This Row],[Anggaran]]/Table245[[#This Row],[Durasi_Proyek]] -> 1.2665255e+08 | K9: =YEAR(Table245[[#This Row],[Tanggal_Mulai]]) -> 2024
A10: CN-0005-2023 | B10: =IF(Table2[[#This Row],[Jenis_Proyek]]="", "Tidak Diketahui", Table2[[#This Row],[Jenis_Proyek]]) -> Drainase | C10: =IF(Table2[[#This Row],[Lokasi]]="", "Tidak Diketahui", Table2[[#This Row],[Lokasi]]) -> Jakarta | D10: =IF(Table2[[#This Row],[Nama_Proyek]]="", "Tidak Diketahui", Table2[[#This Row],[Nama_Proyek]]) -> Perbaikan Drainase Jakarta | E10: 44928 | F10: 45271 | G10: 683556997 | H10: =IF(Table2[[#This Row],[Kontraktor]]="", "Tidak Diketahui",Table2[[#This Row],[Kontraktor]]) -> PT A | I10: =Table245[[#This Row],[Tanggal_Selesai]]-Table245[[#This Row],[Tanggal_Mulai]] -> 343 | J10: =Table245[[#This Row],[Anggaran]]/Table245[[#This Row],[Durasi_Proyek]] -> 1992877.5 | K10: =YEAR(Table245[[#This Row],[Tanggal_Mulai]]) -> 2023
A11: CN-0005-2024 | B11: =IF(Table2[[#This Row],[Jenis_Proyek]]="", "Tidak Diketahui", Table2[[#This Row],[Jenis_Proyek]]) -> Jembatan | C11: =IF(Table2[[#This Row],[Lokasi]]="", "Tidak Diketahui", Table2[[#This Row],[Lokasi]]) -> Bau-Bau | D11: =IF(Table2[[#This Row],[Nama_Proyek]]="", "Tidak Diketahui", Table2[[#This Row],[Nama_Proyek]]) -> Perbaikan Jembatan Bau-Bau | E11: 45327 | F11: 45353 | G11: 4636324090 | H11: =IF(Table2[[#This Row],[Kontraktor]]="", "Tidak Diketahui",Table2[[#This Row],[Kontraktor]]) -> PT. Lailasari Hariyah (Persero) Tbk | I11: =Table245[[#This Row],[Tanggal_Selesai]]-Table245[[#This Row],[Tanggal_Mulai]] -> 26 | J11: =Table245[[#This Row],[Anggaran]]/Table245[[#This Row],[Durasi_Proyek]] -> 1.7832016e+08 | K11: =YEAR(Table245[[#This Row],[Tanggal_Mulai]]) -> 2024
A12: CN-0006-2023 | B12: =IF(Table2[[#This Row],[Jenis_Proyek]]="", "Tidak Diketahui", Table2[[#This Row],[Jenis_Proyek]]) -> Drainase | C12: =IF(Table2[[#This Row],[Lokasi]]="", "Tidak Diketahui", Table2[[#This Row],[Lokasi]]) -> Tomohon | D12: =IF(Table2[[#This Row],[Nama_Proyek]]="", "Tidak Diketahui", Table2[[#This Row],[Nama_Proyek]]) -> Perbaikan Drainase Tomohon | E12: 44929 | F12: 45230 | G12: 663835414 | H12: =IF(Table2[[#This Row],[Kontraktor]]="", "Tidak Diketahui",Table2[[#This Row],[Kontraktor]]) -> PT B | I12: =Table245[[#This Row],[Tanggal_Selesai]]-Table245[[#This Row],[Tanggal_Mulai]] -> 301 | J12: =Table245[[#This Row],[Anggaran]]/Table245[[#This Row],[Durasi_Proyek]] -> 2205433.3 | K12: =YEAR(Table245[[#This Row],[Tanggal_Mulai]]) -> 2023
A13: CN-0006-2024 | B13: =IF(Table2[[#This Row],[Jenis_Proyek]]="", "Tidak Diketahui", Table2[[#This Row],[Jenis_Proyek]]) -> Drainase | C13: =IF(Table2[[#This Row],[Lokasi]]="", "Tidak Diketahui", Table2[[#This Row],[Lokasi]]) -> Bandung | D13: =IF(Table2[[#This Row],[Nama_Proyek]]="", "Tidak Diketahui", Table2[[#This Row],[Nama_Proyek]]) -> Perbaikan Drainase Bandung | E13: 45329 | F13: 45360 | G13: 698540517 | H13: =IF(Table2[[#This Row],[Kontraktor]]="", "Tidak Diketahui",Table2[[#This Row],[Kontraktor]]) -> PT A | I13: =Table245[[#This Row],[Tanggal_Selesai]]-Table245[[#This Row],[Tanggal_Mulai]] -> 31 | J13: =Table245[[#This Row],[Anggaran]]/Table245[[#This Row],[Durasi_Proyek]] -> 22533565 | K13: =YEAR(Table245[[#This Row],[Tanggal_Mulai]]) -> 2024
... A22: CN-0011-2023 | B22: =IF(Table2[[#This Row],[Jenis_Proyek]]="", "Tidak Diketahui", Table2[[#This Row],[Jenis_Proyek]]) -> Drainase | C22: =IF(Table2[[#This Row],[Lokasi]]="", "Tidak Diketahui", Table2[[#This Row],[Lokasi]]) -> Depok | D22: =IF(Table2[[#This Row],[Nama_Proyek]]="", "Tidak Diketahui", Table2[[#This Row],[Nama_Proyek]]) -> Perbaikan Drainase Depok | E22: 44931 | F22: 44968 | G22: 536495065 | H22: =IF(Table2[[#This Row],[Kontraktor]]="", "Tidak Diketahui",Table2[[#This Row],[Kontraktor]]) -> CV Sihombing | I22: =Table245[[#This Row],[Tanggal_Selesai]]-Table245[[#This Row],[Tanggal_Mulai]] -> 37 | J22: =Table245[[#This Row],[Anggaran]]/Table245[[#This Row],[Durasi_Proyek]] -> 14499867 | K22: =YEAR(Table245[[#This Row],[Tanggal_Mulai]]) -> 2023
A23: CN-0011-2024 | B23: =IF(Table2[[#This Row],[Jenis_Proyek]]="", "Tidak Diketahui", Table2[[#This Row],[Jenis_Proyek]]) -> Flyover | C23: =IF(Table2[[#This Row],[Lokasi]]="", "Tidak Diketahui", Table2[[#This Row],[Lokasi]]) -> Bandung | D23: =IF(Table2[[#This Row],[Nama_Proyek]]="", "Tidak Diketahui", Table2[[#This Row],[Nama_Proyek]]) -> Pembuatan Flyover Bandung | E23: 45336 | F23: 45336 | G23: 3981092285 | H23: =IF(Table2[[#This Row],[Kontraktor]]="", "Tidak Diketahui",Table2[[#This Row],[Kontraktor]]) -> PT D | I23: 1 | J23: =Table245[[#This Row],[Anggaran]]/Table245[[#This Row],[Durasi_Proyek]] -> 3981092285 | K23: =YEAR(Table245[[#This Row],[Tanggal_Mulai]]) -> 2024
A24: CN-0012-2023 | B24: =IF(Table2[[#This Row],[Jenis_Proyek]]="", "Tidak Diketahui", Table2[[#This Row],[Jenis_Proyek]]) -> Drainase | C24: =IF(Table2[[#This Row],[Lokasi]]="", "Tidak Diketahui", Table2[[#This Row],[Lokasi]]) -> Medan | D24: =IF(Table2[[#This Row],[Nama_Proyek]]="", "Tidak Diketahui", Table2[[#This Row],[Nama_Proyek]]) -> Perbaikan Drainase Medan | E24: 44932 | F24: 45108 | G24: 341629572 | H24: =IF(Table2[[#This Row],[Kontraktor]]="", "Tidak Diketahui",Table2[[#This Row],[Kontraktor]]) -> CV Sihombing | I24: =Table245[[#This Row],[Tanggal_Selesai]]-Table245[[#This Row],[Tanggal_Mulai]] -> 176 | J24: =Table245[[#This Row],[Anggaran]]/Table245[[#This Row],[Durasi_Proyek]] -> 1941077.1 | K24: =YEAR(Table245[[#This Row],[Tanggal_Mulai]]) -> 2023
A25: CN-0012-2024 | B25: =IF(Table2[[#This Row],[Jenis_Proyek]]="", "Tidak Diketahui", Table2[[#This Row],[Jenis_Proyek]]) -> Drainase | C25: =IF(Table2[[#This Row],[Lokasi]]="", "Tidak Diketahui", Table2[[#This Row],[Lokasi]]) -> Tomohon | D25: =IF(Table2[[#This Row],[Nama_Proyek]]="", "Tidak Diketahui", Table2[[#This Row],[Nama_Proyek]]) -> Perbaikan Drainase Tomohon | E25: 45337 | F25: 45342 | G25: 603837273 | H25: =IF(Table2[[#This Row],[Kontraktor]]="", "Tidak Diketahui",Table2[[#This Row],[Kontraktor]]) -> PT B | I25: =Table245[[#This Row],[Tanggal_Selesai]]-Table245[[#This Row],[Tanggal_Mulai]] -> 5 | J25: =Table245[[#This Row],[Anggaran]]/Table245[[#This Row],[Durasi_Proyek]] -> 1.2076745e+08 | K25: =YEAR(Table245[[#This Row],[Tanggal_Mulai]]) -> 2024
A26: CN-0013-2023 | B26: =IF(Table2[[#This Row],[Jenis_Proyek]]="", "Tidak Diketahui", Table2[[#This Row],[Jenis_Proyek]]) -> Flyover | C26: =IF(Table2[[#This Row],[Lokasi]]="", "Tidak Diketahui", Table2[[#This Row],[Lokasi]]) -> Bau-Bau | D26: =IF(Table2[[#This Row],[Nama_Proyek]]="", "Tidak Diketahui", Table2[[#This Row],[Nama_Proyek]]) -> Pembuatan Flyover Bau-Bau | E26: 44935 | F26: 44971 | G26: 4534202846 | H26: =IF(Table2[[#This Row],[Kontraktor]]="", "Tidak Diketahui",Table2[[#This Row],[Kontraktor]]) -> CV Sihombing | I26: =Table245[[#This Row],[Tanggal_Selesai]]-Table245[[#This Row],[Tanggal_Mulai]] -> 36 | J26: =Table245[[#This Row],[Anggaran]]/Table245[[#This Row],[Durasi_Proyek]] -> 1.2595008e+08 | K26: =YEAR(Table245[[#This Row],[Tanggal_Mulai]]) -> 2023
A27: CN-0013-2024 | B27: =IF(Table2[[#This Row],[Jenis_Proyek]]="", "Tidak Diketahui", Table2[[#This Row],[Jenis_Proyek]]) -> Drainase | C27: =IF(Table2[[#This Row],[Lokasi]]="", "Tidak Diketahui", Table2[[#This Row],[Lokasi]]) -> Medan | D27: =IF(Table2[[#This Row],[Nama_Proyek]]="", "Tidak Diketahui", Table2[[#This Row],[Nama_Proyek]]) -> Perbaikan Drainase Medan | E27: 45338 | F27: 45346 | G27: 257898943 | H27: =IF(Table2[[#This Row],[Kontraktor]]="", "Tidak Diketahui",Table2[[#This Row],[Kontraktor]]) -> PT. Yuniar Hakim Tbk | I27: =Table245[[#This Row],[Tanggal_Selesai]]-Table245[[#This Row],[Tanggal_Mulai]] -> 8 | J27: =Table245[[#This Row],[Anggaran]]/Table245[[#This Row],[Durasi_Proyek]] -> 32237368 | K27: =YEAR(Table245[[#This Row],[Tanggal_Mulai]]) -> 2024
A28: CN-0014-2023 | B28: =IF(Table2[[#This Row],[Jenis_Proyek]]="", "Tidak Diketahui", Table2[[#This Row],[Jenis_Proyek]]) -> Drainase | C28: =IF(Table2[[#This Row],[Lokasi]]="", "Tidak Diketahui", Table2[[#This Row],[Lokasi]]) -> Medan | D28: =IF(Table2[[#This Row],[Nama_Proyek]]="", "Tidak Diketahui", Table2[[#This Row],[Nama_Proyek]]) -> Perbaikan Drainase Medan | E28: 44936 | F28: 45295 | G28: 489065831 | H28: =IF(Table2[[#This Row],[Kontraktor]]="", "Tidak Diketahui",Table2[[#This Row],[Kontraktor]]) -> PT A | I28: =Table245[[#This Row],[Tanggal_Selesai]]-Table245[[#This Row],[Tanggal_Mulai]] -> 359 | J28: =Table245[[#This Row],[Anggaran]]/Table245[[#This Row],[Durasi_Proyek]] -> 1362300.4 | K28: =YEAR(Table245[[#This Row],[Tanggal_Mulai]]) -> 2023
A29: CN-0014-2024 | B29: =IF(Table2[[#This Row],[Jenis_Proyek]]="", "Tidak Diketahui", Table2[[#This Row],[Jenis_Proyek]]) -> Jalan Raya | C29: =IF(Table2[[#This Row],[Lokasi]]="", "Tidak Diketahui", Table2[[#This Row],[Lokasi]]) -> Surabaya | D29: =IF(Table2[[#This Row],[Nama_Proyek]]="", "Tidak Diketahui", Table2[[#This Row],[Nama_Proyek]]) -> Perbaikan Jalan Raya Surabaya | E29: 45339 | F29: 45379 | G29: 545662746 | H29: =IF(Table2[[#This Row],[Kontraktor]]="", "Tidak Diketahui",Table2[[#This Row],[Kontraktor]]) -> PT A | I29: =Table245[[#This Row],[Tanggal_Selesai]]-Table245[[#This Row],[Tanggal_Mulai]] -> 40 | J29: =Table245[[#This Row],[Anggaran]]/Table245[[#This Row],[Durasi_Proyek]] -> 13641569 | K29: =YEAR(Table245[[#This Row],[Tanggal_Mulai]]) -> 2024
A30: CN-0015-2023 | B30: =IF(Table2[[#This Row],[Jenis_Proyek]]="", "Tidak Diketahui", Table2[[#This Row],[Jenis_Proyek]]) -> Jalan Raya | C30: =IF(Table2[[#This Row],[Lokasi]]="", "Tidak Diketahui", Table2[[#This Row],[Lokasi]]) -> Medan | D30: =IF(Table2[[#This Row],[Nama_Proyek]]="", "Tidak Diketahui", Table2[[#This Row],[Nama_Proyek]]) -> Perbaikan Jalan Raya Medan | E30: 44938 | F30: 44985 | G30: 486357978 | H30: =IF(Table2[[#This Row],[Kontraktor]]="", "Tidak Diketahui",Table2[[#This Row],[Kontraktor]]) -> Tidak Diketahui | I30: =Table245[[#This Row],[Tanggal_Selesai]]-Table245[[#This Row],[Tanggal_Mulai]] -> 47 | J30: =Table245[[#This Row],[Anggaran]]/Table245[[#This Row],[Durasi_Proyek]] -> 10348042 | K30: =YEAR(Table245[[#This Row],[Tanggal_Mulai]]) -> 2023
A31: CN-0015-2024 | B31: =IF(Table2[[#This Row],[Jenis_Proyek]]="", "Tidak Diketahui", Table2[[#This Row],[Jenis_Proyek]]) -> Jalan Raya | C31: =IF(Table2[[#This Row],[Lokasi]]="", "Tidak Diketahui", Table2[[#This Row],[Lokasi]]) -> Surabaya | D31: =IF(Table2[[#This Row],[Nama_Proyek]]="", "Tidak Diketahui", Table2[[#This Row],[Nama_Proyek]]) -> Perbaikan Jalan Raya Surabaya | E31: 45340 | F31: 45371 | G31: 810414368 | H31: =IF(Table2[[#This Row],[Kontraktor]]="", "Tidak Diketahui",Table2[[#This Row],[Kontraktor]]) -> PT C | I31: =Table245[[#This Row],[Tanggal_Selesai]]-Table245[[#This Row],[Tanggal_Mulai]] -> 31 | J31: =Table245[[#This Row],[Anggaran]]/Table245[[#This Row],[Durasi_Proyek]] -> 26142399 | K31: =YEAR(Table245[[#This Row],[Tanggal_Mulai]]) -> 2024
A32: CN-0016-2023 | B32: =IF(Table2[[#This Row],[Jenis_Proyek]]="", "Tidak Diketahui", Table2[[#This Row],[Jenis_Proyek]]) -> Jalan Raya | C32: =IF(Table2[[#This Row],[Lokasi]]="", "Tidak Diketahui", Table2[[#This Row],[Lokasi]]) -> Tomohon | D32: =IF(Table2[[#This Row],[Nama_Proyek]]="", "Tidak Diketahui", Table2[[#This Row],[Nama_Proyek]]) -> Perbaikan Jalan Raya Tomohon | E32: 44938 | F32: 45262 | G32: 341929482 | H32: =IF(Table2[[#This Row],[Kontraktor]]="", "Tidak Diketahui",Table2[[#This Row],[Kontraktor]]) -> PT. Yuniar Hakim Tbk | I32: =Table245[[#This Row],[Tanggal_Selesai]]-Table245[[#This Row],[Tanggal_Mulai]] -> 324 | J32: =Table245[[#This Row],[Anggaran]]/Table245[[#This Row],[Durasi_Proyek]] -> 1055337.9 | K32: =YEAR(Table245[[#This Row],[Tanggal_Mulai]]) -> 2023
A33: CN-0016-2024 | B33: =IF(Table2[[#This Row],[Jenis_Proyek]]="", "Tidak Diketahui", Table2[[#This Row],[Jenis_Proyek]]) -> Jalan Raya | C33: =IF(Table2[[#This Row],[Lokasi]]="", "Tidak Diketahui", Table2[[#This Row],[Lokasi]]) -> Bau-Bau | D33: =IF(Table2[[#This Row],[Nama_Proyek]]="", "Tidak Diketahui", Table2[[#This Row],[Nama_Proyek]]) -> Perbaikan Jalan Raya Bau-Bau | E33: 45341 | F33: 45388 | G33: 599466235 | H33: =IF(Table2[[#This Row],[Kontraktor]]="", "Tidak Diketahui",Table2[[#This Row],[Kontraktor]]) -> PT. Yuniar Hakim Tbk | I33: =Table245[[#This Row],[Tanggal_Selesai]]-Table245[[#This Row],[Tanggal_Mulai]] -> 47 | J33: =Table245[[#This Row],[Anggaran]]/Table245[[#This Row],[Durasi_Proyek]] -> 12754601 | K33: =YEAR(Table245[[#This Row],[Tanggal_Mulai]]) -> 2024
A34: CN-0017-2023 | B34: =IF(Table2[[#This Row],[Jenis_Proyek]]="", "Tidak Diketahui", Table2[[#This Row],[Jenis_Proyek]]) -> Gedung | C34: =IF(Table2[[#This Row],[Lokasi]]="", "Tidak Diketahui", Table2[[#This Row],[Lokasi]]) -> Tomohon | D34: =IF(Table2[[#This Row],[Nama_Proyek]]="", "Tidak Diketahui", Table2[[#This Row],[Nama_Proyek]]) -> Perbaikan Gedung Pemerintah Tomohon | E34: 44939 | F34: 45185 | G34: 4929333305 | H34: =IF(Table2[[#This Row],[Kontraktor]]="", "Tidak Diketahui",Table2[[#This Row],[Kontraktor]]) -> PT. Yuniar Hakim Tbk | I34: =Table245[[#This Row],[Tanggal_Selesai]]-Table245[[#This Row],[Tanggal_Mulai]] -> 246 | J34: =Table245[[#This Row],[Anggaran]]/Table245[[#This Row],[Durasi_Proyek]] -> 20037940 | K34: =YEAR(Table245[[#This Row],[Tanggal_Mulai]]) -> 2023
A35: CN-0017-2024 | B35: =IF(Table2[[#This Row],[Jenis_Proyek]]="", "Tidak Diketahui", Table2[[#This Row],[Jenis_Proyek]]) -> Drainase | C35: =IF(Table2[[#This Row],[Lokasi]]="", "Tidak Diketahui", Table2[[#This Row],[Lokasi]]) -> Bandung | D35: =IF(Table2[[#This Row],[Nama_Proyek]]="", "Tidak Diketahui", Table2[[#This Row],[Nama_Proyek]]) -> Perbaikan Drainase Bandung | E35: 45341 | F35: 45350 | G35: 333089653 | H35: =IF(Table2[[#This Row],[Kontraktor]]="", "Tidak Diketahui",Table2[[#This Row],[Kontraktor]]) -> PT B | I35: =Table245[[#This Row],[Tanggal_Selesai]]-Table245[[#This Row],[Tanggal_Mulai]] -> 9 | J35: =Table245[[#This Row],[Anggaran]]/Table245[[#This Row],[Durasi_Proyek]] -> 37009961 | K35: =YEAR(Table245[[#This Row],[Tanggal_Mulai]]) -> 2024
... A228: CN-0207-2023 | B228: =IF(Table2[[#This Row],[Jenis_Proyek]]="", "Tidak Diketahui", Table2[[#This Row],[Jenis_Proyek]]) -> Jembatan | C228: =IF(Table2[[#This Row],[Lokasi]]="", "Tidak Diketahui", Table2[[#This Row],[Lokasi]]) -> Medan | D228: =IF(Table2[[#This Row],[Nama_Proyek]]="", "Tidak Diketahui", Table2[[#This Row],[Nama_Proyek]]) -> Pembuatan Jembatan Medan | E228: 45090 | F228: 45220 | G228: 4655083177 | H228: =IF(Table2[[#This Row],[Kontraktor]]="", "Tidak Diketahui",Table2[[#This Row],[Kontraktor]]) -> PT B | I228: =Table245[[#This Row],[Tanggal_Selesai]]-Table245[[#This Row],[Tanggal_Mulai]] -> 130 | J228: =Table245[[#This Row],[Anggaran]]/Table245[[#This Row],[Durasi_Proyek]] -> 35808332 | K228: =YEAR(Table245[[#This Row],[Tanggal_Mulai]]) -> 2023
A229: CN-0208-2023 | B229: =IF(Table2[[#This Row],[Jenis_Proyek]]="", "Tidak Diketahui", Table2[[#This Row],[Jenis_Proyek]]) -> Drainase | C229: =IF(Table2[[#This Row],[Lokasi]]="", "Tidak Diketahui", Table2[[#This Row],[Lokasi]]) -> Bandung | D229: =IF(Table2[[#This Row],[Nama_Proyek]]="", "Tidak Diketahui", Table2[[#This Row],[Nama_Proyek]]) -> Perbaikan Drainase Bandung | E229: 45091 | F229: 45091 | G229: 612637613 | H229: =IF(Table2[[#This Row],[Kontraktor]]="", "Tidak Diketahui",Table2[[#This Row],[Kontraktor]]) -> PT B | I229: 1 | J229: =Table245[[#This Row],[Anggaran]]/Table245[[#This Row],[Durasi_Proyek]] -> 612637613 | K229: =YEAR(Table245[[#This Row],[Tanggal_Mulai]]) -> 2023
A230: CN-0209-2023 | B230: =IF(Table2[[#This Row],[Jenis_Proyek]]="", "Tidak Diketahui", Table2[[#This Row],[Jenis_Proyek]]) -> Jembatan | C230: =IF(Table2[[#This Row],[Lokasi]]="", "Tidak Diketahui", Table2[[#This Row],[Lokasi]]) -> Bandung | D230: =IF(Table2[[#This Row],[Nama_Proyek]]="", "Tidak Diketahui", Table2[[#This Row],[Nama_Proyek]]) -> Pembuatan Jembatan Bandung | E230: 45093 | F230: 45425 | G230: 765288058 | H230: =IF(Table2[[#This Row],[Kontraktor]]="", "Tidak Diketahui",Table2[[#This Row],[Kontraktor]]) -> CV Sihombing | I230: =Table245[[#This Row],[Tanggal_Selesai]]-Table245[[#This Row],[Tanggal_Mulai]] -> 332 | J230: =Table245[[#This Row],[Anggaran]]/Table245[[#This Row],[Durasi_Proyek]] -> 2305084.5 | K230: =YEAR(Table245[[#This Row],[Tanggal_Mulai]]) -> 2023
A231: CN-0210-2023 | B231: =IF(Table2[[#This Row],[Jenis_Proyek]]="", "Tidak Diketahui", Table2[[#This Row],[Jenis_Proyek]]) -> Jalan Raya | C231: =IF(Table2[[#This Row],[Lokasi]]="", "Tidak Diketahui", Table2[[#This Row],[Lokasi]]) -> Depok | D231: =IF(Table2[[#This Row],[Nama_Proyek]]="", "Tidak Diketahui", Table2[[#This Row],[Nama_Proyek]]) -> Perbaikan Jalan Raya Depok | E231: 45093 | F231: 45337 | G231: 996933795 | H231: =IF(Table2[[#This Row],[Kontraktor]]="", "Tidak Diketahui",Table2[[#This Row],[Kontraktor]]) -> PT D | I231: =Table245[[#This Row],[Tanggal_Selesai]]-Table245[[#This Row],[Tanggal_Mulai]] -> 244 | J231: =Table245[[#This Row],[Anggaran]]/Table245[[#This Row],[Durasi_Proyek]] -> 4085794.2 | K231: =YEAR(Table245[[#This Row],[Tanggal_Mulai]]) -> 2023
A232: CN-0211-2023 | B232: =IF(Table2[[#This Row],[Jenis_Proyek]]="", "Tidak Diketahui", Table2[[#This Row],[Jenis_Proyek]]) -> Gedung | C232: =IF(Table2[[#This Row],[Lokasi]]="", "Tidak Diketahui", Table2[[#This Row],[Lokasi]]) -> Jakarta | D232: =IF(Table2[[#This Row],[Nama_Proyek]]="", "Tidak Diketahui", Table2[[#This Row],[Nama_Proyek]]) -> Perbaikan Gedung Pemerintah Jakarta | E232: 45093 | F232: 45280 | G232: 6355661362 | H232: =IF(Table2[[#This Row],[Kontraktor]]="", "Tidak Diketahui",Table2[[#This Row],[Kontraktor]]) -> Tidak Diketahui | I232: =Table245[[#This Row],[Tanggal_Selesai]]-Table245[[#This Row],[Tanggal_Mulai]] -> 187 | J232: =Table245[[#This Row],[Anggaran]]/Table245[[#This Row],[Durasi_Proyek]] -> 33987494 | K232: =YEAR(Table245[[#This Row],[Tanggal_Mulai]]) -> 2023
A233: CN-0212-2023 | B233: =IF(Table2[[#This Row],[Jenis_Proyek]]="", "Tidak Diketahui", Table2[[#This Row],[Jenis_Proyek]]) -> Jembatan | C233: =IF(Table2[[#This Row],[Lokasi]]="", "Tidak Diketahui", Table2[[#This Row],[Lokasi]]) -> Bau-Bau | D233: =IF(Table2[[#This Row],[Nama_Proyek]]="", "Tidak Diketahui", Table2[[#This Row],[Nama_Proyek]]) -> Pembuatan Jembatan Bau-Bau | E233: 45093 | F233: 45383 | G233: 6951220052 | H233: =IF(Table2[[#This Row],[Kontraktor]]="", "Tidak Diketahui",Table2[[#This Row],[Kontraktor]]) -> CV Sihombing | I233: =Table245[[#This Row],[Tanggal_Selesai]]-Table245[[#This Row],[Tanggal_Mulai]] -> 290 | J233: =Table245[[#This Row],[Anggaran]]/Table245[[#This Row],[Durasi_Proyek]] -> 23969724 | K233: =YEAR(Table245[[#This Row],[Tanggal_Mulai]]) -> 2023
A234: CN-0213-2023 | B234: =IF(Table2[[#This Row],[Jenis_Proyek]]="", "Tidak Diketahui", Table2[[#This Row],[Jenis_Proyek]]) -> Drainase | C234: =IF(Table2[[#This Row],[Lokasi]]="", "Tidak Diketahui", Table2[[#This Row],[Lokasi]]) -> Bandung | D234: =IF(Table2[[#This Row],[Nama_Proyek]]="", "Tidak Diketahui", Table2[[#This Row],[Nama_Proyek]]) -> Perbaikan Drainase Bandung | E234: 45095 | F234: 45423 | G234: 257229348 | H234: =IF(Table2[[#This Row],[Kontraktor]]="", "Tidak Diketahui",Table2[[#This Row],[Kontraktor]]) -> Tidak Diketahui | I234: =Table245[[#This Row],[Tanggal_Selesai]]-Table245[[#This Row],[Tanggal_Mulai]] -> 328 | J234: =Table245[[#This Row],[Anggaran]]/Table245[[#This Row],[Durasi_Proyek]] -> 784235.82 | K234: =YEAR(Table245[[#This Row],[Tanggal_Mulai]]) -> 2023
A235: CN-0214-2023 | B235: =IF(Table2[[#This Row],[Jenis_Proyek]]="", "Tidak Diketahui", Table2[[#This Row],[Jenis_Proyek]]) -> Gedung | C235: =IF(Table2[[#This Row],[Lokasi]]="", "Tidak Diketahui", Table2[[#This Row],[Lokasi]]) -> Medan | D235: =IF(Table2[[#This Row],[Nama_Proyek]]="", "Tidak Diketahui", Table2[[#This Row],[Nama_Proyek]]) -> Perbaikan Gedung Pemerintah Medan | E235: 45096 | F235: 45428 | G235: 1258024298 | H235: =IF(Table2[[#This Row],[Kontraktor]]="", "Tidak Diketahui",Table2[[#This Row],[Kontraktor]]) -> PT. Lailasari Hariyah (Persero) Tbk | I235: =Table245[[#This Row],[Tanggal_Selesai]]-Table245[[#This Row],[Tanggal_Mulai]] -> 332 | J235: =Table245[[#This Row],[Anggaran]]/Table245[[#This Row],[Durasi_Proyek]] -> 3789229.8 | K235: =YEAR(Table245[[#This Row],[Tanggal_Mulai]]) -> 2023
A236: CN-0215-2023 | B236: =IF(Table2[[#This Row],[Jenis_Proyek]]="", "Tidak Diketahui", Table2[[#This Row],[Jenis_Proyek]]) -> Drainase | C236: =IF(Table2[[#This Row],[Lokasi]]="", "Tidak Diketahui", Table2[[#This Row],[Lokasi]]) -> Makassar | D236: =IF(Table2[[#This Row],[Nama_Proyek]]="", "Tidak Diketahui", Table2[[#This Row],[Nama_Proyek]]) -> Perbaikan Drainase Makassar | E236: 45096 | F236: 45199 | G236: 375761303 | H236: =IF(Table2[[#This Row],[Kontraktor]]="", "Tidak Diketahui",Table2[[#This Row],[Kontraktor]]) -> PT A | I236: =Table245[[#This Row],[Tanggal_Selesai]]-Table245[[#This Row],[Tanggal_Mulai]] -> 103 | J236: =Table245[[#This Row],[Anggaran]]/Table245[[#This Row],[Durasi_Proyek]] -> 3648168 | K236: =YEAR(Table245[[#This Row],[Tanggal_Mulai]]) -> 2023
A237: CN-0216-2023 | B237: =IF(Table2[[#This Row],[Jenis_Proyek]]="", "Tidak Diketahui", Table2[[#This Row],[Jenis_Proyek]]) -> Gedung | C237: =IF(Table2[[#This Row],[Lokasi]]="", "Tidak Diketahui", Table2[[#This Row],[Lokasi]]) -> Depok | D237: =IF(Table2[[#This Row],[Nama_Proyek]]="", "Tidak Diketahui", Table2[[#This Row],[Nama_Proyek]]) -> Perbaikan Gedung Pemerintah Depok | E237: 45097 | F237: 45129 | G237: 6540978129 | H237: =IF(Table2[[#This Row],[Kontraktor]]="", "Tidak Diketahui",Table2[[#This Row],[Kontraktor]]) -> PT D | I237: =Table245[[#This Row],[Tanggal_Selesai]]-Table245[[#This Row],[Tanggal_Mulai]] -> 32 | J237: =Table245[[#This Row],[Anggaran]]/Table245[[#This Row],[Durasi_Proyek]] -> 2.0440557e+08 | K237: =YEAR(Table245[[#This Row],[Tanggal_Mulai]]) -> 2023
A238: CN-0217-2023 | B238: =IF(Table2[[#This Row],[Jenis_Proyek]]="", "Tidak Diketahui", Table2[[#This Row],[Jenis_Proyek]]) -> Drainase | C238: =IF(Table2[[#This Row],[Lokasi]]="", "Tidak Diketahui", Table2[[#This Row],[Lokasi]]) -> Jakarta | D238: =IF(Table2[[#This Row],[Nama_Proyek]]="", "Tidak Diketahui", Table2[[#This Row],[Nama_Proyek]]) -> Perbaikan Drainase Jakarta | E238: 45098 | F238: 45142 | G238: 342017973 | H238: =IF(Table2[[#This Row],[Kontraktor]]="", "Tidak Diketahui",Table2[[#This Row],[Kontraktor]]) -> PT. Yuniar Hakim Tbk | I238: =Table245[[#This Row],[Tanggal_Selesai]]-Table245[[#This Row],[Tanggal_Mulai]] -> 44 | J238: =Table245[[#This Row],[Anggaran]]/Table245[[#This Row],[Durasi_Proyek]] -> 7773135.8 | K238: =YEAR(Table245[[#This Row],[Tanggal_Mulai]]) -> 2023
A239: CN-0218-2023 | B239: =IF(Table2[[#This Row],[Jenis_Proyek]]="", "Tidak Diketahui", Table2[[#This Row],[Jenis_Proyek]]) -> Jembatan | C239: =IF(Table2[[#This Row],[Lokasi]]="", "Tidak Diketahui", Table2[[#This Row],[Lokasi]]) -> Bau-Bau | D239: =IF(Table2[[#This Row],[Nama_Proyek]]="", "Tidak Diketahui", Table2[[#This Row],[Nama_Proyek]]) -> Perbaikan Jembatan Bau-Bau | E239: 45098 | F239: 45292 | G239: 4806164886 | H239: =IF(Table2[[#This Row],[Kontraktor]]="", "Tidak Diketahui",Table2[[#This Row],[Kontraktor]]) -> PT. Yuniar Hakim Tbk | I239: =Table245[[#This Row],[Tanggal_Selesai]]-Table245[[#This Row],[Tanggal_Mulai]] -> 194 | J239: =Table245[[#This Row],[Anggaran]]/Table245[[#This Row],[Durasi_Proyek]] -> 24774046 | K239: =YEAR(Table245[[#This Row],[Tanggal_Mulai]]) -> 2023
A240: CN-0219-2023 | B240: =IF(Table2[[#This Row],[Jenis_Proyek]]="", "Tidak Diketahui", Table2[[#This Row],[Jenis_Proyek]]) -> Gedung | C240: =IF(Table2[[#This Row],[Lokasi]]="", "Tidak Diketahui", Table2[[#This Row],[Lokasi]]) -> Bandung | D240: =IF(Table2[[#This Row],[Nama_Proyek]]="", "Tidak Diketahui", Table2[[#This Row],[Nama_Proyek]]) -> Perbaikan Gedung Pemerintah Bandung | E240: 45099 | F240: 45385 | G240: 9209856007 | H240: =IF(Table2[[#This Row],[Kontraktor]]="", "Tidak Diketahui",Table2[[#This Row],[Kontraktor]]) -> PT A | I240: =Table245[[#This Row],[Tanggal_Selesai]]-Table245[[#This Row],[Tanggal_Mulai]] -> 286 | J240: =Table245[[#This Row],[Anggaran]]/Table245[[#This Row],[Durasi_Proyek]] -> 32202294 | K240: =YEAR(Table245[[#This Row],[Tanggal_Mulai]]) -> 2023
A241: CN-0220-2023 | B241: =IF(Table2[[#This Row],[Jenis_Proyek]]="", "Tidak Diketahui", Table2[[#This Row],[Jenis_Proyek]]) -> Drainase | C241: =IF(Table2[[#This Row],[Lokasi]]="", "Tidak Diketahui", Table2[[#This Row],[Lokasi]]) -> Makassar | D241: =IF(Table2[[#This Row],[Nama_Proyek]]="", "Tidak Diketahui", Table2[[#This Row],[Nama_Proyek]]) -> Perbaikan Drainase Makassar | E241: 45099 | F241: 45154 | G241: 269400319 | H241: =IF(Table2[[#This Row],[Kontraktor]]="", "Tidak Diketahui",Table2[[#This Row],[Kontraktor]]) -> CV Sihombing | I241: =Table245[[#This Row],[Tanggal_Selesai]]-Table245[[#This Row],[Tanggal_Mulai]] -> 55 | J241: =Table245[[#This Row],[Anggaran]]/Table245[[#This Row],[Durasi_Proyek]] -> 4898187.6 | K241: =YEAR(Table245[[#This Row],[Tanggal_Mulai]]) -> 2023
... A500: CN-0479-2023 | B500: =IF(Table2[[#This Row],[Jenis_Proyek]]="", "Tidak Diketahui", Table2[[#This Row],[Jenis_Proyek]]) -> Gedung | C500: =IF(Table2[[#This Row],[Lokasi]]="", "Tidak Diketahui", Table2[[#This Row],[Lokasi]]) -> Surabaya | D500: =IF(Table2[[#This Row],[Nama_Proyek]]="", "Tidak Diketahui", Table2[[#This Row],[Nama_Proyek]]) -> Perbaikan Gedung Pemerintah Surabaya | E500: 45291 | F500: 45563 | G500: 2974669932 | H500: =IF(Table2[[#This Row],[Kontraktor]]="", "Tidak Diketahui",Table2[[#This Row],[Kontraktor]]) -> PT B | I500: =Table245[[#This Row],[Tanggal_Selesai]]-Table245[[#This Row],[Tanggal_Mulai]] -> 272 | J500: =Table245[[#This Row],[Anggaran]]/Table245[[#This Row],[Durasi_Proyek]] -> 10936287 | K500: =YEAR(Table245[[#This Row],[Tanggal_Mulai]]) -> 2023

Sheet Pivot Table
B2: Total Proyek | C2: Total Anggaran | E2: Jenis Proyek | F2: Rata-rata Anggaran per Proyek | H2: Jenis Proyek | I2: Rata-rata Anggaran per Hari | K2: Kontraktor | L2: Jumlah | N2: Kontraktor | O2: Total Anggaran
B3: 499 | C3: 1358476943485 | E3: Drainase | F3: 4.7362921e+08 | H3: Jalan Raya | I3: 4736147 | K3: PT D | L3: 74 | N3: PT. Lailasari Hariyah (Persero) Tbk | O3: 118121895137
E4: Jalan Raya | F4: 5.8080327e+08 | H4: Drainase | I4: 14367305 | K4: CV Sihombing | L4: 72 | N4: PT B | O4: 146967733639
B5: Tahun | C5: Jumlah Proyek | E5: Flyover | F5: 3.3584925e+09 | H5: Jembatan | I5: 30351444 | K5: PT. Yuniar Hakim Tbk | L5: 69 | N5: PT C | O5: 155119234081
B6: 2023 | C6: 479 | E6: Jembatan | F6: 3.710011e+09 | H6: Gedung | I6: 46407666 | K6: PT B | L6: 63 | N6: CV Sihombing | O6: 169592168850
B7: 2024 | C7: 20 | E7: Gedung | F7: 5.1504368e+09 | H7: Flyover | I7: 67651361 | K7: Tidak Diketahui | L7: 62 | N7: PT A | O7: 176200650980
B8: Total | C8: 499 | E8: Total Rata-rata | F8: 2.7153803e+09 | H8: Total Rata-rata | I8: 32279040 | K8: PT A | L8: 55 | N8: Tidak Diketahui | O8: 181220528843
K9: PT C | L9: 54 | N9: PT D | O9: 192547055750
B10: Lokasi Proyek | C10: Sum of Anggaran | E10: Jenis Proyek | F10: Kinerja Waktu (Hari) | K10: PT. Lailasari Hariyah (Persero) Tbk | L10: 50 | N10: PT. Yuniar Hakim Tbk | O10: 218707676205
B11: Tidak Diketahui | C11: 8687390051 | E11: Drainase | F11: 179.9011 | K11: Total | L11: 499 | N11: Total | O11: 1358476943485
B12: Tomohon | C12: 139184649664 | E12: Jembatan | F12: 186.71795
B13: Surabaya | C13: 139695846739 | E13: Jalan Raya | F13: 193.89899 | N13: Kontraktor | O13: Efisiensi
B14: Makassar | C14: 147951031980 | E14: Gedung | F14: 199.65657 | N14: PT. Lailasari Hariyah (Persero) Tbk | O14: 1.032373e+09
B15: Medan | C15: 161436571715 | E15: Flyover | F15: 213.57778 | N15: PT C | O15: 1.061062e+09
B16: Depok | C16: 166951456566 | E16: Kinerja Keseluruhan | F16: 194.35685 | N16: PT A | O16: 1.0770192e+09
B17: Jakarta | C17: 193046665737 | N17: PT B | O17: 1.9219506e+09
B18: Bandung | C18: 200022505496 | N18: CV Sihombing | O18: 1.9602894e+09
B19: Bau-Bau | C19: 201500825537 | N19: PT. Yuniar Hakim Tbk | O19: 2.1689919e+09
B20: Total Anggaran | C20: 1358476943485 | N20: PT D | O20: 5.690374e+09

Sheet Project Reference
A1: ID_Proyek
A2: CN-0001-2023
A3: CN-0001-2024
A4: CN-0002-2023
A5: CN-0002-2024
A6: CN-0003-2023
A7: CN-0003-2024
A8: CN-0004-2023
A9: CN-0004-2024
A10: CN-0005-2023
A11: CN-0005-2024
A12: CN-0006-2023
... A500: CN-0479-2023

Sheet Variable Check List
A1: Indikator | B1: ID_Proyek | C1: Jenis_Proyek | D1: Lokasi | E1: Nama_Proyek | F1: Tanggal_Mulai | G1: Tanggal_Selesai | H1: Anggaran | I1: Kontraktor
A2: Completeness (CPT) | B2: TRUE | C2: TRUE | D2: TRUE | E2: TRUE | F2: TRUE | G2: TRUE | H2: TRUE | I2: TRUE
A3: Uniqueness (UNQ) | B3: TRUE | C3: FALSE | D3: FALSE | E3: FALSE | F3: FALSE | G3: FALSE | H3: FALSE | I3: FALSE
A4: Validity (VLD) | B4: TRUE | C4: FALSE | D4: FALSE | E4: FALSE | F4: FALSE | G4: FALSE | H4: FALSE | I4: FALSE
A5: Consistency (CNS) | B5: FALSE | C5: FALSE | D5: FALSE | E5: TRUE | F5: FALSE | G5: FALSE | H5: FALSE | I5: FALSE
A6: Feasibility (FSB) | B6: FALSE | C6: FALSE | D6: FALSE | E6: FALSE | F6: TRUE | G6: TRUE | H6: TRUE | I6: FALSE
