Workbook

Sheet Ori Dataset (ChatGPT)
A1: ID_Proyek | B1: Jenis_Proyek | C1: Lokasi | D1: Nama_Proyek | E1: Panjang_Jalan | F1: Tanggal_Mulai | G1: Tanggal_Selesai | H1: Durasi_Proyek | I1: Anggaran | J1: Kontraktor | K1: Sumber_Dana
A2: CN-0001-2023 | B2: Jalan Raya | C2: Tomohon | D2: Pembangunan Jalan Raya Tomohon | E2: 31.76 | F2: 45064 | G2: 45199 | H2: 135 | I2: 4887210098 | J2: Perum Lailasari Hariyah (Persero) Tbk | K2: APBN 2023
A3: CN-0002-2023 | B3: Gedung | C3: Makassar | D3: Pembangunan Gedung Pemerintah Makassar | F3: 45118 | G3: 45288 | H3: 170 | I3: 2534374084 | J3: PT A | K3: APBD 2023
A4: CN-0003-2023 | B4: Jalan Raya | C4: Depok | D4: Pembangunan Jalan Raya Depok | E4: 46.32 | F4: 45017 | G4: 45162 | H4: 145 | I4: 718301152 | J4: Perum Yuniar Hakim Tbk | K4: APBD 2023
A5: CN-0004-2023 | B5: Jalan Raya | C5: Makassar | D5: Pembangunan Jalan Raya Makassar | E5: 20.81 | F5: 45263 | G5: 45413 | H5: 150 | I5: 1402997498 | J5: PT A | K5: APBN 2023
A6: CN-0005-2023 | B6: Jembatan | C6: Bau-Bau | D6: Rehabilitasi Jembatan Bau-Bau | F6: 45063 | G6: 45233 | H6: 170 | I6: 973230661 | J6: PT C | K6: APBD 2023
A7: CN-0006-2023 | B7: Drainase | C7: Bandung | D7: Perbaikan Drainase Bandung | E7: 1.34 | F7: 44927 | G7: 44994 | H7: 67 | I7: 567100601 | J7: Perum Lailasari Hariyah (Persero) Tbk | K7: APBD 2023
A8: CN-0007-2023 | B8: Jembatan | C8: Jakarta | D8: Rehabilitasi Jembatan Jakarta | F8: 45035 | G8: 45339 | H8: 304 | I8: 4695148263 | K8: APBD 2023
A9: CN-0008-2023 | B9: Jembatan | C9: Medan | D9: Rehabilitasi Jembatan Medan | F9: 44989 | G9: 45301 | H9: 312 | I9: 1359388722 | J9: CV Sihombing | K9: APBD 2023
A10: CN-0009-2023 | B10: Jalan Raya | C10: Bandung | D10: Pembangunan Jalan Raya Bandung | E10: 37.14 | F10: 44948 | G10: 45054 | H10: 106 | I10: 4866835678 | J10: Perum Yuniar Hakim Tbk | K10: APBD 2023
A11: CN-0010-2023 | B11: Drainase | C11: Surabaya | D11: Perbaikan Drainase Surabaya | E11: 1.17 | F11: 45036 | G11: 45119 | H11: 83 | I11: 2094613916 | J11: PT D | K11: APBN 2023
A12: CN-0011-2023 | B12: Jalan Raya | C12: Depok | D12: Pembangunan Jalan Raya Depok | E12: 24.95 | F12: 45226 | G12: 45403 | H12: 177 | I12: 4695488551 | J12: PT A | K12: APBD 2023
A13: CN-0012-2023 | B13: Gedung | C13: Jakarta | D13: Pembangunan Gedung Pemerintah Jakarta | F13: 45320 | G13: 45161 | H13: -159 | I13: 1108345388 | J13: CV Sihombing | K13: APBN 2023
A14: CN-0013-2023 | B14: Drainase | C14: Bandung | D14: Perbaikan Drainase Bandung | E14: 3.51 | F14: 45338 | G14: 45128 | H14: -210 | I14: 4343883992 | J14: PT A | K14: APBN 2023
A15: CN-0014-2023 | B15: Jembatan | C15: Tomohon | D15: Rehabilitasi Jembatan Tomohon | F15: 45249 | G15: 45590 | H15: 341 | I15: 3933046847 | J15: PT A | K15: APBD 2023
A16: CN-0015-2023 | B16: Jembatan | C16: Makassar | D16: Rehabilitasi Jembatan Makassar | F16: 45179 | G16: 45400 | H16: 221 | I16: 3381767421 | J16: CV Sihombing | K16: APBD 2023
A17: CN-0016-2023 | B17: Flyover | C17: Bandung | D17: Pembangunan Flyover Bandung | F17: 45128 | G17: 45204 | H17: 76 | I17: 4180846335 | J17: PT C | K17: APBN 2023
A18: CN-0017-2023 | B18: Jalan Raya | C18: Medan | D18: Pembangunan Jalan Raya Medan | E18: 35.31 | F18: 44938 | G18: 44985 | H18: 47 | I18: 2760864114 | K18: APBN 2023
A19: CN-0018-2023 | B19: Jalan Raya | C19: Depok | D19: Pembangunan Jalan Raya Depok | E19: 13.12 | F19: 44969 | G19: 45123 | H19: 154 | I19: 2176989260 | J19: PT C | K19: APBN 2023
A20: CN-0019-2023 | B20: Flyover | C20: Surabaya | D20: Pembangunan Flyover Surabaya | F20: 44967 | G20: 45260 | H20: 293 | I20: 4508289840 | J20: PT B | K20: APBD 2023
A21: CN-0020-2023 | B21: Drainase | C21: Medan | D21: Perbaikan Drainase Medan | E21: 3.69 | F21: 44936 | G21: 45295 | H21: 359 | I21: 811513657 | J21: PT A | K21: APBN 2023
A22: CN-0021-2023 | B22: Gedung | C22: Bandung | D22: Pembangunan Gedung Pemerintah Bandung | F22: 45129 | G22: 45264 | H22: 135 | I22: 832981859 | J22: CV Sihombing | K22: APBD 2023
A23: CN-0022-2023 | B23: Gedung | C23: Jakarta | D23: Pembangunan Gedung Pemerintah Jakarta | F23: 45074 | G23: 45326 | H23: 252 | I23: 3757105268 | K23: APBN 2023
A24: CN-0023-2023 | B24: Gedung | C24: Bau-Bau | D24: Pembangunan Gedung Pemerintah Bau-Bau | F24: 45128 | G24: 45275 | H24: 147 | I24: 4790525232 | J24: CV Sihombing | K24: APBN 2023
A25: CN-0024-2023 | B25: Drainase | C25: Medan | D25: Perbaikan Drainase Medan | E25: 1.7 | F25: 45041 | G25: 45102 | H25: 61 | I25: 1383396199 | J25: PT B | K25: APBN 2023
A26: CN-0025-2023 | B26: Jembatan | C26: Medan | D26: Rehabilitasi Jembatan Medan | F26: 44974 | G26: 45082 | H26: 108 | I26: 2462450365 | J26: Perum Yuniar Hakim Tbk | K26: APBN 2023
A27: CN-0026-2023 | B27: Drainase | C27: Tomohon | D27: Perbaikan Drainase Tomohon | E27: 1.83 | F27: 45271 | G27: 45311 | H27: 40 | I27: 1414817147 | J27: CV Sihombing | K27: APBN 2023
A28: CN-0027-2023 | B28: Flyover | C28: Depok | D28: Pembangunan Flyover Depok | F28: 45160 | G28: 45415 | H28: 255 | I28: 4665481372 | K28: APBD 2023
A29: CN-0028-2023 | B29: Jembatan | C29: Jakarta | D29: Rehabilitasi Jembatan Jakarta | F29: 44945 | G29: 45037 | H29: 92 | I29: 3016693972 | J29: Perum Yuniar Hakim Tbk | K29: APBN 2023
A30: CN-0029-2023 | B30: Jalan Raya | C30: Bau-Bau | D30: Pembangunan Jalan Raya Bau-Bau | E30: 40.5 | F30: 45033 | G30: 45370 | H30: 337 | I30: 2187758490 | J30: CV Sihombing | K30: APBD 2023
A31: CN-0030-2023 | B31: Jembatan | C31: Depok | D31: Rehabilitasi Jembatan Depok | F31: 45241 | G31: 45505 | H31: 264 | I31: 1240232201 | J31: Perum Yuniar Hakim Tbk | K31: APBN 2023
A32: CN-0031-2023 | B32: Flyover | C32: Makassar | D32: Pembangunan Flyover Makassar | F32: 45118 | G32: 45256 | H32: 138 | I32: 4866732289 | J32: PT C | K32: APBD 2023
A33: CN-0032-2023 | B33: Jembatan | C33: Bau-Bau | D33: Rehabilitasi Jembatan Bau-Bau | F33: 44943 | G33: 45027 | H33: 84 | I33: 2228528699 | J33: CV Sihombing | K33: APBN 2023
A34: CN-0033-2023 | B34: Drainase | C34: Bandung | D34: Perbaikan Drainase Bandung | E34: 1.89 | F34: 45036 | G34: 45313 | H34: 277 | I34: 2685215729 | K34: APBN 2023
A35: CN-0034-2023 | B35: Drainase | C35: Bau-Bau | D35: Perbaikan Drainase Bau-Bau | E35: 1.49 | F35: 45076 | G35: 45355 | H35: 279 | I35: 1491624045 | J35: Perum Yuniar Hakim Tbk | K35: APBD 2023
A36: CN-0035-2023 | B36: Jembatan | C36: Bandung | D36: Rehabilitasi Jembatan Bandung | F36: 45240 | G36: 44995 | H36: -245 | I36: 2006686424 | J36: PT D | K36: APBN 2023
A37: CN-0036-2023 | B37: Gedung | C37: Depok | D37: Pembangunan Gedung Pemerintah Depok | F37: 45208 | G37: 45388 | H37: 180 | I37: 3436590647 | J37: PT A | K37: APBD 2023
A38: CN-0037-2023 | B38: Drainase | C38: Makassar | D38: Perbaikan Drainase Makassar | E38: 1.38 | F38: 45223 | G38: 45586 | H38: 363 | I38: 3888778874 | K38: APBN 2023
A39: CN-0038-2023 | B39: Gedung | C39: Bandung | D39: Pembangunan Gedung Pemerintah Bandung | F39: 45072 | G39: 45108 | H39: 36 | I39: 1394109768 | J39: PT B | K39: APBD 2023
A40: CN-0039-2023 | B40: Drainase | C40: Medan | D40: Perbaikan Drainase Medan | E40: 0.23 | F40: 44932 | G40: 45108 | H40: 176 | I40: 1785906562 | J40: CV Sihombing | K40: APBN 2023
A41: CN-0040-2023 | B41: Jembatan | C41: Surabaya | D41: Rehabilitasi Jembatan Surabaya | F41: 45248 | G41: 45605 | H41: 357 | I41: 1397308023 | J41: PT D | K41: APBD 2023
A42: CN-0041-2023 | B42: Jembatan | C42: Bandung | D42: Rehabilitasi Jembatan Bandung | F42: 45203 | G42: 45407 | H42: 204 | I42: 3049229310 | J42: CV Sihombing | K42: APBD 2023
A43: CN-0042-2023 | B43: Flyover | C43: Bandung | D43: Pembangunan Flyover Bandung | F43: 44976 | G43: 45307 | H43: 331 | I43: 1256237673 | J43: PT C | K43: APBD 2023
A44: CN-0043-2023 | B44: Jalan Raya | C44: Bandung | D44: Pembangunan Jalan Raya Bandung | E44: 34.53 | F44: 45052 | G44: 45087 | H44: 35 | I44: 4746340156 | J44: PT C | K44: APBN 2023
A45: CN-0044-2023 | B45: Gedung | C45: Bandung | D45: Pembangunan Gedung Pemerintah Bandung | F45: 45140 | G45: 45090 | H45: -50 | I45: 2769836383 | J45: PT D | K45: APBD 2023
A46: CN-0045-2023 | B46: Jembatan | C46: Tomohon | D46: Rehabilitasi Jembatan Tomohon | F46: 45115 | G46: 45145 | H46: 30 | I46: 711812604 | J46: PT C | K46: APBD 2023
A47: CN-0046-2023 | B47: Jembatan | C47: Jakarta | D47: Rehabilitasi Jembatan Jakarta | F47: 44941 | G47: 45188 | H47: 247 | I47: 4495132510 | J47: PT D | K47: APBD 2023
A48: CN-0047-2023 | B48: Jembatan | C48: Bau-Bau | D48: Rehabilitasi Jembatan Bau-Bau | F48: 45391 | G48: 45047 | H48: -344 | I48: 1385499186 | J48: Perum Yuniar Hakim Tbk | K48: APBD 2023
A49: CN-0048-2023 | B49: Drainase | C49: Surabaya | D49: Perbaikan Drainase Surabaya | E49: 3.76 | F49: 45319 | G49: 45257 | H49: -62 | I49: 1341653823 | J49: CV Sihombing | K49: APBN 2023
A50: CN-0049-2023 | B50: Flyover | C50: Bau-Bau | D50: Pembangunan Flyover Bau-Bau | F50: 45159 | G50: 45378 | H50: 219 | I50: 3047568779 | J50: PT D | K50: APBD 2023
A51: CN-0050-2023 | B51: Gedung | C51: Depok | D51: Pembangunan Gedung Pemerintah Depok | F51: 45155 | G51: 45382 | H51: 227 | I51: 3138461999 | J51: PT D | K51: APBD 2023
A52: CN-0051-2023 | B52: Jembatan | C52: Medan | D52: Rehabilitasi Jembatan Medan | F52: 44982 | G52: 45181 | H52: 199 | I52: 4864871386 | J52: PT C | K52: APBD 2023
A53: CN-0052-2023 | B53: Jembatan | C53: Surabaya | D53: Rehabilitasi Jembatan Surabaya | F53: 45242 | G53: 45439 | H53: 197 | I53: 1651434882 | J53: PT D | K53: APBN 2023
A54: CN-0053-2023 | B54: Jembatan | C54: Bandung | D54: Rehabilitasi Jembatan Bandung | F54: 45093 | G54: 45425 | H54: 332 | I54: 4096859172 | J54: CV Sihombing | K54: APBN 2023
A55: CN-0054-2023 | B55: Gedung | C55: Bau-Bau | D55: Pembangunan Gedung Pemerintah Bau-Bau | F55: 45160 | G55: 45496 | H55: 336 | I55: 1121826743 | J55: PT A | K55: APBD 2023
A56: CN-0055-2023 | B56: Jalan Raya | C56: Makassar | D56: Pembangunan Jalan Raya Makassar | E56: 33.4 | F56: 45069 | G56: 45337 | H56: 268 | I56: 1602168167 | J56: CV Sihombing | K56: APBN 2023
A57: CN-0056-2023 | B57: Jalan Raya | C57: Medan | D57: Pembangunan Jalan Raya Medan | E57: 7.45 | F57: 45013 | G57: 45161 | H57: 148 | I57: 4380765608 | J57: CV Sihombing | K57: APBD 2023
A58: CN-0057-2023 | B58: Drainase | C58: Tomohon | D58: Perbaikan Drainase Tomohon | E58: 2.68 | F58: 44929 | G58: 45230 | H58: 301 | I58: 3280347896 | K58: APBD 2023
A59: CN-0058-2023 | B59: Gedung | C59: Surabaya | D59: Pembangunan Gedung Pemerintah Surabaya | F59: 45163 | G59: 45219 | H59: 56 | I59: 1780704212 | J59: PT B | K59: APBN 2023
A60: CN-0059-2023 | B60: Jembatan | C60: Makassar | D60: Rehabilitasi Jembatan Makassar | F60: 45168 | G60: 45511 | H60: 343 | I60: 3440084778 | J60: PT A | K60: APBD 2023
A61: CN-0060-2023 | B61: Jalan Raya | C61: Bandung | D61: Pembangunan Jalan Raya Bandung | E61: 8.95 | F61: 45033 | G61: 45291 | H61: 258 | I61: 4763618682 | J61: PT B | K61: APBN 2023
A62: CN-0061-2023 | B62: Gedung | C62: Surabaya | D62: Pembangunan Gedung Pemerintah Surabaya | F62: 45017 | G62: 45209 | H62: 192 | I62: 2565754523 | J62: PT C | K62: APBD 2023
A63: CN-0062-2023 | B63: Drainase | C63: Tomohon | D63: Perbaikan Drainase Tomohon | E63: 1.42 | F63: 44954 | G63: 45186 | H63: 232 | I63: 1607202535 | K63: APBN 2023
A64: CN-0063-2023 | B64: Drainase | C64: Bandung | D64: Perbaikan Drainase Bandung | E64: 0.11 | F64: 45091 | G64: 45414 | H64: 323 | I64: 2892947623 | J64: PT B | K64: APBD 2023
A65: CN-0064-2023 | B65: Jalan Raya | C65: Bau-Bau | D65: Pembangunan Jalan Raya Bau-Bau | E65: 36.79 | F65: 45058 | G65: 45145 | H65: 87 | I65: 3849838166 | J65: PT D | K65: APBN 2023
A66: CN-0065-2023 | B66: Flyover | C66: Bau-Bau | D66: Pembangunan Flyover Bau-Bau | F66: 44954 | G66: 45220 | H66: 266 | I66: 1192980894 | J66: CV Sihombing | K66: APBN 2023
A67: CN-0066-2023 | B67: Flyover | C67: Bandung | D67: Pembangunan Flyover Bandung | F67: 45175 | G67: 45316 | H67: 141 | I67: 4399923082 | K67: APBD 2023
A68: CN-0067-2023 | B68: Gedung | C68: Makassar | D68: Pembangunan Gedung Pemerintah Makassar | F68: 45056 | G68: 45210 | H68: 154 | I68: 3401095591 | J68: PT A | K68: APBD 2023
A69: CN-0068-2023 | B69: Gedung | C69: Bandung | D69: Pembangunan Gedung Pemerintah Bandung | F69: 45099 | G69: 45385 | H69: 286 | I69: 4927332744 | J69: PT A | K69: APBD 2023
A70: CN-0069-2023 | B70: Drainase | C70: Depok | D70: Perbaikan Drainase Depok | E70: 4.01 | F70: 45229 | G70: 45334 | H70: 105 | I70: 1221429023 | J70: PT C | K70: APBD 2023
A71: CN-0070-2023 | B71: Gedung | C71: Medan | D71: Pembangunan Gedung Pemerintah Medan | F71: 45038 | G71: 45308 | H71: 270 | I71: 1413476471 | J71: PT A | K71: APBN 2023
A72: CN-0071-2023 | B72: Drainase | C72: Tomohon | D72: Perbaikan Drainase Tomohon | E72: 0.76 | F72: 45401 | G72: 45183 | H72: -218 | I72: 4279256981 | J72: PT B | K72: APBD 2023
A73: CN-0072-2023 | B73: Jembatan | C73: Jakarta | D73: Rehabilitasi Jembatan Jakarta | F73: 45128 | G73: 45188 | H73: 60 | I73: 2887033546 | J73: PT B | K73: APBN 2023
A74: CN-0073-2023 | B74: Jembatan | C74: Medan | D74: Rehabilitasi Jembatan Medan | F74: 45135 | G74: 45168 | H74: 33 | I74: 1023010270 | J74: PT D | K74: APBN 2023
A75: CN-0074-2023 | B75: Jalan Raya | C75: Tomohon | D75: Pembangunan Jalan Raya Tomohon | E75: 31.96 | F75: 45001 | G75: 45325 | H75: 324 | I75: 4213931920 | K75: APBN 2023
A76: CN-0075-2023 | B76: Jembatan | C76: Medan | D76: Rehabilitasi Jembatan Medan | F76: 45006 | G76: 45234 | H76: 228 | I76: 4301541275 | K76: APBD 2023
A77: CN-0076-2023 | B77: Gedung | C77: Surabaya | D77: Pembangunan Gedung Pemerintah Surabaya | F77: 45178 | G77: 45449 | H77: 271 | I77: 1885779455 | J77: PT D | K77: APBN 2023
A78: CN-0077-2023 | B78: Gedung | C78: Tomohon | D78: Pembangunan Gedung Pemerintah Tomohon | F78: 44987 | G78: 45234 | H78: 247 | I78: 4564418343 | J78: PT B | K78: APBD 2023
A79: CN-0078-2023 | B79: Drainase | C79: Jakarta | D79: Perbaikan Drainase Jakarta | E79: 1.86 | F79: 45289 | G79: 45611 | H79: 322 | I79: 3758131763 | J79: PT D | K79: APBD 2023
A80: CN-0079-2023 | B80: Jalan Raya | C80: Tomohon | D80: Pembangunan Jalan Raya Tomohon | E80: 35.51 | F80: 45131 | G80: 45228 | H80: 97 | I80: 4474982856 | J80: PT C | K80: APBD 2023
A81: CN-0080-2023 | B81: Drainase | C81: Depok | D81: Perbaikan Drainase Depok | E81: 1.89 | F81: 45101 | G81: 45138 | H81: 37 | I81: 2000124543 | J81: Perum Yuniar Hakim Tbk | K81: APBD 2023
A82: CN-0081-2023 | B82: Jembatan | C82: Surabaya | D82: Rehabilitasi Jembatan Surabaya | F82: 45045 | G82: 45394 | H82: 349 | I82: 4983131305 | K82: APBD 2023
A83: CN-0082-2023 | B83: Jembatan | C83: Makassar | D83: Rehabilitasi Jembatan Makassar | F83: 45173 | G83: 45340 | H83: 167 | I83: 1078411782 | J83: Perum Yuniar Hakim Tbk | K83: APBD 2023
A84: CN-0083-2023 | B84: Flyover | C84: Surabaya | D84: Pembangunan Flyover Surabaya | F84: 44965 | G84: 45267 | H84: 302 | I84: 625182097 | J84: PT D | K84: APBD 2023
A85: CN-0084-2023 | B85: Gedung | C85: Surabaya | D85: Pembangunan Gedung Pemerintah Surabaya | F85: 45074 | G85: 45243 | H85: 169 | I85: 556869064 | K85: APBN 2023
A86: CN-0085-2023 | B86: Gedung | C86: Tomohon | D86: Pembangunan Gedung Pemerintah Tomohon | F86: 45210 | G86: 45557 | H86: 347 | I86: 1494318402 | J86: Perum Lailasari Hariyah (Persero) Tbk | K86: APBN 2023
A87: CN-0086-2023 | B87: Flyover | C87: Medan | D87: Pembangunan Flyover Medan | F87: 44929 | G87: 45261 | H87: 332 | I87: 3634688974 | J87: PT D | K87: APBD 2023
A88: CN-0087-2023 | B88: Drainase | C88: Jakarta | D88: Perbaikan Drainase Jakarta | E88: 4.02 | F88: 45217 | G88: 45469 | H88: 252 | I88: 645548295 | J88: PT A | K88: APBD 2023
A89: CN-0088-2023 | B89: Gedung | C89: Bandung | D89: Pembangunan Gedung Pemerintah Bandung | F89: 45284 | G89: 45579 | H89: 295 | I89: 2147946804 | J89: PT B | K89: APBD 2023
A90: CN-0089-2023 | B90: Jalan Raya | C90: Medan | D90: Pembangunan Jalan Raya Medan | E90: 49.42 | F90: 44989 | G90: 45120 | H90: 131 | I90: 2810346110 | J90: PT C | K90: APBD 2023
A91: CN-0090-2023 | B91: Drainase | C91: Tomohon | D91: Perbaikan Drainase Tomohon | E91: 2.47 | F91: 44991 | G91: 45062 | H91: 71 | I91: 4806907325 | J91: Perum Lailasari Hariyah (Persero) Tbk | K91: APBN 2023
A92: CN-0091-2023 | B92: Jalan Raya | C92: Jakarta | D92: Pembangunan Jalan Raya Jakarta | E92: 8.54 | F92: 45116 | G92: 45158 | H92: 42 | I92: 969310998 | J92: Perum Lailasari Hariyah (Persero) Tbk | K92: APBN 2023
A93: CN-0092-2023 | B93: Jalan Raya | C93: Medan | D93: Pembangunan Jalan Raya Medan | E93: 11.05 | F93: 45230 | G93: 45529 | H93: 299 | I93: 1094585897 | J93: PT D | K93: APBN 2023
A94: CN-0093-2023 | B94: Gedung | C94: Makassar | D94: Pembangunan Gedung Pemerintah Makassar | F94: 45273 | G94: 45590 | H94: 317 | I94: 3282889707 | J94: Perum Lailasari Hariyah (Persero) Tbk | K94: APBD 2023
A95: CN-0094-2023 | B95: Flyover | C95: Surabaya | D95: Pembangunan Flyover Surabaya | F95: 44958 | G95: 45158 | H95: 200 | I95: 1906722857 | J95: PT B | K95: APBN 2023
A96: CN-0095-2023 | B96: Jalan Raya | C96: Jakarta | D96: Pembangunan Jalan Raya Jakarta | E96: 45.25 | F96: 45151 | G96: 45311 | H96: 160 | I96: 2701415476 | J96: Perum Lailasari Hariyah (Persero) Tbk | K96: APBD 2023
A97: CN-0096-2023 | B97: Jembatan | C97: Medan | D97: Rehabilitasi Jembatan Medan | F97: 45185 | G97: 45273 | H97: 88 | I97: 4056181117 | J97: PT A | K97: APBN 2023
A98: CN-0097-2023 | B98: Gedung | C98: Jakarta | D98: Pembangunan Gedung Pemerintah Jakarta | F98: 44977 | G98: 45285 | H98: 308 | I98: 568908906 | K98: APBN 2023
A99: CN-0098-2023 | B99: Jalan Raya | C99: Medan | D99: Pembangunan Jalan Raya Medan | E99: 37.11 | F99: 45228 | G99: 45583 | H99: 355 | I99: 2286692982 | K99: APBD 2023
A100: CN-0099-2023 | B100: Gedung | C100: Jakarta | D100: Pembangunan Gedung Pemerintah Jakarta | F100: 45231 | G100: 45268 | H100: 37 | I100: 3532372552 | J100: CV Sihombing | K100: APBN 2023
...

Sheet Raw Dataset
A1: ID_Proyek | B1: Jenis_Proyek | C1: Lokasi | D1: Nama_Proyek | E1: Tanggal_Mulai | F1: Tanggal_Selesai | G1: Anggaran | H1: Kontraktor
A2: CN-0001-2023 | B2: Drainase | C2: Bandung | D2: Perbaikan Drainase Bandung | E2: 44927 | F2: 44994 | G2: 649208256 | H2: PT. Lailasari Hariyah (Persero) Tbk
A3: CN-0001-2024 | B3: Drainase | C3: Surabaya | D3: Perbaikan Drainase Surabaya | E3: 45319 | F3: 45323 | G3: 326999652 | H3: CV Sihombing
A4: CN-0002-2023 | B4: Flyover | C4: Depok | D4: Pembuatan Flyover Depok | E4: 44927 | F4: 45062 | G4: 3474309188 | H4: CV Sihombing
A5: CN-0002-2024 | B5: Gedung | C5: Jakarta | D5: Perbaikan Gedung Pemerintah Jakarta | E5: 45320 | F5: 45336 | G5: 8587951510 | H5: CV Sihombing
A6: CN-0003-2023 | B6: Jalan Raya | C6: Bandung | D6: Perbaikan Jalan Raya Bandung | E6: 44928 | F6: 45239 | G6: 191505827
A7: CN-0003-2024 | B7: Gedung | C7: Tomohon | D7: Perbaikan Gedung Pemerintah Tomohon | E7: 45323 | F7: 45343 | G7: 8016851785 | H7: PT. Yuniar Hakim Tbk
A8: CN-0004-2023 | B8: Flyover | C8: Tomohon | D8: Pembuatan Flyover Tomohon | E8: 44928 | F8: 45006 | G8: 3979021821 | H8: PT D
A9: CN-0004-2024 | B9: Gedung | C9: Jakarta | D9: Perbaikan Gedung Pemerintah Jakarta | E9: 45325 | F9: 45342 | G9: 2153093275 | H9: PT. Yuniar Hakim Tbk
A10: CN-0005-2023 | B10: Drainase | C10: Jakarta | D10: Perbaikan Drainase Jakarta | E10: 44928 | F10: 45271 | G10: 683556997 | H10: PT A
A11: CN-0005-2024 | B11: Jembatan | C11: Bau-Bau | D11: Perbaikan Jembatan Bau-Bau | E11: 45327 | F11: 45353 | G11: 4636324090 | H11: PT. Lailasari Hariyah (Persero) Tbk
A12: CN-0006-2023 | B12: Drainase | C12: Tomohon | D12: Perbaikan Drainase Tomohon | E12: 44929 | F12: 45230 | G12: 663835414 | H12: PT B
A13: CN-0006-2024 | B13: Drainase | C13: Bandung | D13: Perbaikan Drainase Bandung | E13: 45329 | F13: 45360 | G13: 698540517 | H13: PT A
A14: CN-0007-2023 | B14: Flyover | C14: Medan | D14: Pembuatan Flyover Medan | E14: 44929 | F14: 45261 | G14: 2423693734 | H14: PT D
A15: CN-0007-2024 | B15: Drainase | C15: Depok | D15: Perbaikan Drainase Depok | E15: 45330 | F15: 45337 | G15: 313131839 | H15: PT D
A16: CN-0008-2023 | B16: Jalan Raya | C16: Bandung | D16: Perbaikan Jalan Raya Bandung | E16: 44929 | F16: 45041 | G16: 281077623 | H16: PT. Yuniar Hakim Tbk
A17: CN-0008-2024 | B17: Jembatan | C17: Jakarta | D17: Pembuatan Jembatan Jakarta | E17: 45330 | F17: 45386 | G17: 921085536 | H17: PT B
A18: CN-0009-2023 | B18: Jalan Raya | C18: Jakarta | D18: Perbaikan Jalan Raya Jakarta | E18: 44930 | F18: 45182 | G18: 241214887 | H18: PT B
... A29: CN-0014-2024 | B29: Jalan Raya | C29: Surabaya | D29: Perbaikan Jalan Raya Surabaya | E29: 45339 | F29: 45379 | G29: 545662746 | H29: PT A
A30: CN-0015-2023 | B30: Jalan Raya | C30: Medan | D30: Perbaikan Jalan Raya Medan | E30: 44938 | F30: 44985 | G30: 486357978
A31: CN-0015-2024 | B31: Jalan Raya | C31: Surabaya | D31: Perbaikan Jalan Raya Surabaya | E31: 45340 | F31: 45371 | G31: 810414368 | H31: PT C
A32: CN-0016-2023 | B32: Jalan Raya | C32: Tomohon | D32: Perbaikan Jalan Raya Tomohon | E32: 44938 | F32: 45262 | G32: 341929482 | H32: PT. Yuniar Hakim Tbk
A33: CN-0016-2024 | B33: Jalan Raya | C33: Bau-Bau | D33: Perbaikan Jalan Raya Bau-Bau | E33: 45341 | F33: 45388 | G33: 599466235 | H33: PT. Yuniar Hakim Tbk
A34: CN-0017-2023 | B34: Gedung | C34: Tomohon | D34: Perbaikan Gedung Pemerintah Tomohon | E34: 44939 | F34: 45185 | G34: 4929333305 | H34: PT. Yuniar Hakim Tbk
A35: CN-0017-2024 | B35: Drainase | C35: Bandung | D35: Perbaikan Drainase Bandung | E35: 45341 | F35: 45350 | G35: 333089653 | H35: PT B
A36: CN-0018-2023 | B36: Drainase | C36: Tomohon | D36: Perbaikan Drainase Tomohon | E36: 44940 | F36: 45043 | G36: 523689841 | H36: PT D
A37: CN-0018-2024 | B37: Flyover | C37: Bandung | D37: Pembuatan Flyover Bandung | E37: 45341 | F37: 45406 | G37: 3757312666 | H37: PT B
A38: CN-0019-2023 | B38: Flyover | C38: Medan | D38: Pembuatan Flyover Medan | E38: 44940 | F38: 45206 | G38: 3894709817 | H38: PT. Yuniar Hakim Tbk
A39: CN-0019-2024 | B39: Jalan Raya | C39: Depok | D39: Perbaikan Jalan Raya Depok | E39: 45343 | F39: 45382 | G39: 462876320
A40: CN-0020-2023 | B40: Jembatan | C40: Jakarta | D40: Pembuatan Jembatan Jakarta | E40: 44941 | F40: 45188 | G40: 4532376815 | H40: PT D
A41: CN-0020-2024 | B41: Jembatan | C41: Depok | D41: Pembuatan Jembatan Depok | E41: 45346 | F41: 45398 | G41: 3821117140 | H41: PT D
A42: CN-0021-2023 | B42: Flyover | C42: Bau-Bau | D42: Perbaikan Flyover Bau-Bau | E42: 44941 | F42: 45290 | G42: 4159855566 | H42: PT C
A43: CN-0022-2023 | B43: Jembatan | C43: Bandung | D43: Perbaikan Jembatan Bandung | E43: 44941 | F43: 45095 | G43: 4492886828 | H43: PT D
A44: CN-0023-2023 | B44: Jembatan | C44: Surabaya | D44: Pembuatan Jembatan Surabaya | E44: 44942 | F44: 45034 | G44: 1424729417 | H44: PT. Yuniar Hakim Tbk
A45: CN-0024-2023 | B45: Jembatan | C45: Bau-Bau | D45: Pembuatan Jembatan Bau-Bau | E45: 44943 | F45: 45027 | G45: 1425616276 | H45: CV Sihombing
A46: CN-0025-2023 | B46: Jalan Raya | C46: Bandung | D46: Perbaikan Jalan Raya Bandung | E46: 44943 | F46: 45136 | G46: 307413755 | H46: CV Sihombing
A47: CN-0026-2023 | B47: Jembatan | C47: Bau-Bau | D47: Pembuatan Jembatan Bau-Bau | E47: 44944 | F47: 45113 | G47: 6929733135 | H47: PT C
A48: CN-0027-2023 | B48: Jembatan | C48: Bau-Bau | D48: Perbaikan Jembatan Bau-Bau | E48: 44944 | F48: 45284 | G48: 1567712170 | H48: PT. Yuniar Hakim Tbk
A49: CN-0028-2023 | B49: Jembatan | C49: Jakarta | D49: Pembuatan Jembatan Jakarta | E49: 44945 | F49: 45037 | G49: 3020860458 | H49: PT. Yuniar Hakim Tbk
A50: CN-0029-2023 | B50: Drainase | C50: Medan | D50: Perbaikan Drainase Medan | E50: 44946 | F50: 45105 | G50: 443234047 | H50: PT. Lailasari Hariyah (Persero) Tbk
A51: CN-0030-2023 | B51: Flyover | C51: Makassar | D51: Pembuatan Flyover Makassar | E51: 44947 | F51: 45177 | G51: 4609627000 | H51: PT C
... A58: CN-0037-2023 | B58: Drainase | C58: Bau-Bau | D58: Perbaikan Drainase Bau-Bau | E58: 44951 | F58: 45262 | G58: 420827734 | H58: PT B
A59: CN-0038-2023 | B59: Drainase | C59: Tomohon | D59: Perbaikan Drainase Tomohon | E59: 44954 | F59: 45186 | G59: 382266210
A60: CN-0039-2023 | B60: Flyover | C60: Bau-Bau | D60: Pembuatan Flyover Bau-Bau | E60: 44954 | F60: 45220 | G60: 1545241955 | H60: CV Sihombing
A61: CN-0040-2023 | B61: Gedung | C61: Medan | D61: Perbaikan Gedung Pemerintah Medan | E61: 44954 | F61: 45158 | G61: 6831252497 | H61: PT A
A62: CN-0041-2023 | B62: Jembatan | C62: Bau-Bau | D62: Perbaikan Jembatan Bau-Bau | E62: 44955 | F62: 45116 | G62: 3703277131
A63: CN-0042-2023 | B63: Flyover | C63: Surabaya | D63: Perbaikan Flyover Surabaya | E63: 44958 | F63: 45158 | G63: 3678391600 | H63: PT B
A64: CN-0043-2023 | B64: Jalan Raya | C64: Bandung | D64: Perbaikan Jalan Raya Bandung | E64: 44959 | F64: 45258 | G64: 888014731 | H64: PT B
A65: CN-0044-2023 | B65: Jalan Raya | C65: Jakarta | D65: Perbaikan Jalan Raya Jakarta | E65: 44959 | F65: 45150 | G65: 593629020 | H65: PT D
A66: CN-0045-2023 | B66: Jembatan | C66: Makassar | D66: Pembuatan Jembatan Makassar | E66: 44959 | F66: 45167 | G66: 5835541492
A67: CN-0046-2023 | B67: Drainase | C67: Bandung | D67: Perbaikan Drainase Bandung | E67: 44960 | F67: 45303 | G67: 213457440 | H67: PT A
A68: CN-0047-2023 | B68: Drainase | C68: Jakarta | D68: Perbaikan Drainase Jakarta | E68: 44961 | F68: 45065 | G68: 327569561 | H68: PT A
A69: CN-0048-2023 | B69: Drainase | C69: Jakarta | D69: Perbaikan Drainase Jakarta | E69: 44961 | F69: 45078 | G69: 705483967 | H69: CV Sihombing
A70: CN-0049-2023 | B70: Jembatan | C70: Makassar | D70: Perbaikan Jembatan Makassar | E70: 44963 | F70: 45048 | G70: 3447782131 | H70: PT D
A71: CN-0050-2023 | B71: Flyover | C71: Depok | D71: Pembuatan Flyover Depok | E71: 44963 | F71: 45313 | G71: 2635808219 | H71: PT B
A72: CN-0051-2023 | B72: Flyover | C72: Surabaya | D72: Pembuatan Flyover Surabaya | E72: 44965 | F72: 45267 | G72: 2011712412 | H72: PT D
A73: CN-0052-2023 | B73: Flyover | C73: Jakarta | D73: Pembuatan Flyover Jakarta | E73: 44965 | F73: 45066 | G73: 3202495526 | H73: CV Sihombing
A74: CN-0053-2023 | B74: Flyover | C74: Surabaya | D74: Perbaikan Flyover Surabaya | E74: 44967 | F74: 45260 | G74: 1655558865 | H74: PT B
A75: CN-0054-2023 | B75: Flyover | C75: Bandung | D75: Pembuatan Flyover Bandung | E75: 44967 | F75: 45099 | G75: 4806787932 | H75: CV Sihombing
A76: CN-0055-2023 | B76: Jalan Raya | C76: Tomohon | D76: Perbaikan Jalan Raya Tomohon | E76: 44968 | F76: 45329 | G76: 699551361 | H76: PT A
A77: CN-0056-2023 | B77: Drainase | C77: Bau-Bau | D77: Perbaikan Drainase Bau-Bau | E77: 44968 | F77: 45186 | G77: 363997813 | H77: PT. Yuniar Hakim Tbk
A78: CN-0057-2023 | B78: Jalan Raya | C78: Depok | D78: Perbaikan Jalan Raya Depok | E78: 44969 | F78: 45123 | G78: 926922328 | H78: PT C
A79: CN-0058-2023 | E79: 44969 | F79: 45030 | G79: 314690070 | H79: CV Sihombing
A80: CN-0059-2023 | B80: Drainase | C80: Surabaya | D80: Perbaikan Drainase Surabaya | E80: 44971 | F80: 45232 | G80: 708312743 | H80: PT D
A81: CN-0060-2023 | B81: Drainase | C81: Medan | D81: Perbaikan Drainase Medan | E81: 44971 | F81: 45228 | G81: 419037113 | H81: PT A
A82: CN-0061-2023 | B82: Drainase | C82: Jakarta | D82: Perbaikan Drainase Jakarta | E82: 44972 | F82: 45130 | G82: 500841363 | H82: PT. Yuniar Hakim Tbk
A83: CN-0062-2023 | B83: Jalan Raya | C83: Jakarta | D83: Perbaikan Jalan Raya Jakarta | E83: 44973 | F83: 45289 | G83: 209304110 | H83: PT. Yuniar Hakim Tbk
A84: CN-0063-2023 | B84: Jembatan | C84: Medan | D84: Perbaikan Jembatan Medan | E84: 44974 | F84: 45082 | G84: 3686469051 | H84: PT. Yuniar Hakim Tbk
A85: CN-0064-2023 | B85: Jalan Raya | C85: Bandung | D85: Perbaikan Jalan Raya Bandung | E85: 44974 | F85: 45112 | G85: 353290709 | H85: PT. Lailasari Hariyah (Persero) Tbk
A86: CN-0065-2023 | B86: Gedung | C86: Jakarta | D86: Perbaikan Gedung Pemerintah Jakarta | E86: 44974 | F86: 45230 | G86: 8935017863 | H86: PT A
A87: CN-0066-2023 | B87: Jembatan | C87: Bau-Bau | D87: Perbaikan Jembatan Bau-Bau | E87: 44975 | F87: 45193 | G87: 5518454926 | H87: PT C
A88: CN-0067-2023 | B88: Flyover | C88: Medan | D88: Perbaikan Flyover Medan | E88: 44975 | F88: 45256 | G88: 3367495384
A89: CN-0068-2023 | B89: Flyover | C89: Bandung | D89: Perbaikan Flyover Bandung | E89: 44976 | F89: 45307 | G89: 2293993253 | H89: PT C
A90: CN-0069-2023 | B90: Flyover | C90: Makassar | D90: Pembuatan Flyover Makassar | E90: 44976 | F90: 45318 | G90: 1790927128 | H90: PT D
A91: CN-0070-2023 | B91: Gedung | C91: Jakarta | E91: 44977 | F91: 45285 | G91: 7432359735
A92: CN-0071-2023 | B92: Gedung | C92: Surabaya | D92: Perbaikan Gedung Pemerintah Surabaya | E92: 44977 | F92: 45233 | G92: 7645065116
A93: CN-0072-2023 | B93: Jembatan | C93: Tomohon | D93: Perbaikan Jembatan Tomohon | E93: 44979 | F93: 45295 | G93: 5522312320 | H93: PT. Yuniar Hakim Tbk
A94: CN-0073-2023 | B94: Jalan Raya | C94: Medan | D94: Perbaikan Jalan Raya Medan | E94: 44979 | F94: 45074 | G94: 934325560 | H94: PT D
A95: CN-0074-2023 | B95: Jalan Raya | C95: Makassar | D95: Perbaikan Jalan Raya Makassar | E95: 44979 | F95: 45058 | G95: 121142623 | H95: CV Sihombing
A96: CN-0075-2023 | B96: Jembatan | C96: Medan | D96: Pembuatan Jembatan Medan | E96: 44982 | F96: 45181 | G96: 1493231996 | H96: PT C
A97: CN-0076-2023 | B97: Jembatan | C97: Jakarta | D97: Pembuatan Jembatan Jakarta | E97: 44984 | F97: 45324 | G97: 5860997586 | H97: PT. Lailasari Hariyah (Persero) Tbk
A98: CN-0077-2023 | B98: Drainase | C98: Jakarta | D98: Perbaikan Drainase Jakarta | E98: 44984 | F98: 45149 | G98: 551513519 | H98: CV Sihombing
A99: CN-0078-2023 | B99: Jalan Raya | C99: Surabaya | D99: Perbaikan Jalan Raya Surabaya | E99: 44985 | F99: 45186 | G99: 359783228 | H99: CV Sihombing
A100: CN-0079-2023 | B100: Flyover | C100: Surabaya | D100: Perbaikan Flyover Surabaya | E100: 44986 | F100: 45105 | G100: 4429242773 | H100: PT D
A101: CN-0080-2023 | B101: Gedung | C101: Tomohon | D101: Perbaikan Gedung Pemerintah Tomohon | E101: 44987 | F101: 45234 | G101: 2034415367 | H101: PT B
A102: CN-0081-2023 | B102: Jembatan | C102: Medan | D102: Perbaikan Jembatan Medan | E102: 44989 | F102: 45301 | G102: 1597122511 | H102: CV Sihombing
A103: CN-0082-2023 | B103: Jalan Raya | C103: Medan | D103: Perbaikan Jalan Raya Medan | E103: 44989 | F103: 45120 | G103: 966519099 | H103: PT C
A104: CN-0083-2023 | B104: Jalan Raya | C104: Tomohon | D104: Perbaikan Jalan Raya Tomohon | E104: 44990 | F104: 45158 | G104: 881938572 | H104: PT. Yuniar Hakim Tbk
... A115: CN-0094-2023 | B115: Flyover | C115: Tomohon | D115: Perbaikan Flyover Tomohon | E115: 44996 | F115: 45181 | G115: 3922070251 | H115: PT D
A116: CN-0095-2023 | B116: Gedung | C116: Makassar | D116: Perbaikan Gedung Pemerintah Makassar | E116: 44998 | F116: 45341 | G116: 9404668499
A117: CN-0096-2023 | B117: Gedung | C117: Tomohon | D117: Perbaikan Gedung Pemerintah Tomohon | E117: 45000 | F117: 45038 | G117: 6049021945 | H117: CV Sihombing
A118: CN-0097-2023 | B118: Jalan Raya | C118: Tomohon | D118: Perbaikan Jalan Raya Tomohon | E118: 45001 | F118: 45325 | G118: 989197622 | H118: CV Sihombing
A119: CN-0098-2023 | B119: Jalan Raya | C119: Bandung | D119: Perbaikan Jalan Raya Bandung | E119: 45001 | F119: 45268 | G119: 923609376 | H119: PT C
A120: CN-0099-2023 | B120: Gedung | C120: Bandung | D120: Perbaikan Gedung Pemerintah Bandung | E120: 45001 | F120: 45173 | G120: 7000822070 | H120: PT D
A121: CN-0100-2023 | B121: Gedung | C121: Jakarta | D121: Perbaikan Gedung Pemerintah Jakarta | E121: 45003 | F121: 45165 | G121: 4006400142 | H121: PT. Lailasari Hariyah (Persero) Tbk
A122: CN-0101-2023 | B122: Gedung | C122: Depok | D122: Perbaikan Gedung Pemerintah Depok | E122: 45004 | F122: 45314 | G122: 7054924571 | H122: PT. Yuniar Hakim Tbk
A123: CN-0102-2023 | B123: Jembatan | C123: Medan | D123: Perbaikan Jembatan Medan | E123: 45006 | F123: 45234 | G123: 7494641055
A124: CN-0103-2023 | B124: Gedung | C124: Medan | D124: Perbaikan Gedung Pemerintah Medan | E124: 45008 | F124: 45268 | G124: 7221183664 | H124: PT C
A125: CN-0104-2023 | B125: Jalan Raya | C125: Bandung | D125: Perbaikan Jalan Raya Bandung | E125: 45008 | F125: 45121 | G125: 870876750 | H125: PT. Lailasari Hariyah (Persero) Tbk
A126: CN-0105-2023 | B126: Flyover | C126: Makassar | D126: Perbaikan Flyover Makassar | E126: 45009 | F126: 45316 | G126: 2164051592 | H126: PT C
...

Sheet Project Reference
A1: ID_Proyek
A2: CN-0001-2023
A3: CN-0001-2024
A4: CN-0002-2023
A5: CN-0002-2024
A6: CN-0003-2023
A7: CN-0003-2024
A8: CN-0004-2023
A9: CN-0004-2024
A10: CN-0005-2023
A11: CN-0005-2024
A12: CN-0006-2023
... A500: CN-0479-2023

Sheet Remove Duplicates
A1: ID_Proyek
A2: CN-0001-2023
A3: CN-0001-2024
A4: CN-0002-2023
A5: CN-0002-2024
A6: CN-0003-2023
A7: CN-0003-2024
A8: CN-0004-2023
A9: CN-0004-2024
A10: CN-0005-2023
A11: CN-0005-2024
A12: CN-0006-2023
... A501: CN-9999-2024

Sheet Variable Check List
A1: Indikator | B1: ID_Proyek | C1: Jenis_Proyek | D1: Lokasi | E1: Nama_Proyek | F1: Tanggal_Mulai | G1: Tanggal_Selesai | H1: Anggaran | I1: Kontraktor
A2: Completeness (CPT) | B2: TRUE | C2: TRUE | D2: TRUE | E2: TRUE | F2: TRUE | G2: TRUE | H2: TRUE | I2: TRUE
A3: Uniqueness (UNQ) | B3: TRUE | C3: FALSE | D3: FALSE | E3: FALSE | F3: FALSE | G3: FALSE | H3: FALSE | I3: FALSE
A4: Validity (VLD) | B4: TRUE | C4: FALSE | D4: FALSE | E4: FALSE | F4: FALSE | G4: FALSE | H4: FALSE | I4: FALSE
A5: Consistency (CNS) | B5: FALSE | C5: FALSE | D5: FALSE | E5: TRUE | F5: FALSE | G5: FALSE | H5: FALSE | I5: FALSE
A6: Feasibility (FSB) | B6: FALSE | C6: FALSE | D6: FALSE | E6: FALSE | F6: TRUE | G6: TRUE | H6: TRUE | I6: FALSE

Sheet Pivot Table
F5: CPT_ID_Proyek | G5: CPT_Jenis_Proyek | H5: CPT_Lokasi | I5: CPT_Nama_Proyek | J5: CPT_Tanggal_Mulai | K5: CPT_Tanggal_Selesai | L5: CPT_Anggaran | M5: CPT_Kontraktor | N5: UNQ_ID_Proyek | O5: VLD_ID_Proyek | P5: CNS_Nama_Proyek | Q5: FSB_Tanggal_Mulai | R5: FSB_Tanggal_Selesai | S5: FSB_Anggaran
F6: =F2/500 -> 1 | G6: =G2/500 -> 0.994 | H6: =H2/500 -> 0.996 | I6: =I2/500 -> 0.994 | J6: =J2/500 -> 1 | K6: =K2/500 -> 1 | L6: =L2/500 -> 1 | M6: =M2/500 -> 0.876 | ... S6: =S2/500 -> 0.996

Sheet Descriptive Stats
A1: Suggested Pivot Chart

Sheet Data Quality
A1: ID_Proyek | B1: Jenis_Proyek | C1: Lokasi | D1: Nama_Proyek | E1: Tanggal_Mulai | F1: Tanggal_Selesai | G1: Anggaran | H1: Kontraktor | I1: CPT_ID_Proyek | J1: CPT_Jenis_Proyek | K1: CPT_Lokasi | L1: CPT_Nama_Proyek | M1: CPT_Tanggal_Mulai | N1: CPT_Tanggal_Selesai | O1: CPT_Anggaran | P1: CPT_Kontraktor | Q1: UNQ_ID_Proyek | R1: VLD_ID_Proyek | S1: CNS_Nama_Proyek | T1: FSB_Tanggal_Mulai | U1: FSB_Tanggal_Selesai | V1: FSB_Anggaran
A2: CN-0164-2023 | B2: Gedung | C2: Makassar | D2: Perbaikan Gedung Pemerintah Makassar | E2: 45056 | F2: 45210 | G2: 22993543140 | H2: PT A | I2: =IF(ISBLANK(A2)=TRUE,0,1) -> 1 | J2: =IF(ISBLANK(B2)=TRUE,0,1) -> 1 | K2: =IF(ISBLANK(C2)=TRUE,0,1) -> 1 | L2: =IF(ISBLANK(D2)=TRUE,0,1) -> 1 | M2: =IF(ISBLANK(E2)=TRUE,0,1) -> 1 | N2: =IF(ISBLANK(F2)=TRUE,0,1) -> 1 | O2: =IF(ISBLANK(G2)=TRUE,0,1) -> 1 | P2: =IF(ISBLANK(H2)=TRUE,0,1) -> 1 | Q2: =IF(COUNTIF(A:A, A2) > 1, 0, 1) -> 1 | R2: =IF(ISERROR(VLOOKUP(A2, 'Project Reference'!A:A, 1, FALSE)), 0, 1) -> 1 | S2: =IFERROR(__xludf.DUMMYFUNCTION("IF(AND(REGEXMATCH(D2, B2), REGEXMATCH(D2, C2)), 1, 0)"),1.0) -> 1 | T2: =IF(AND(YEAR(E2)>=2023, YEAR(E2)<=2024), 1, 0) -> 1 | U2: =IF(F2-E2>=3, 1, 0) -> 1 | V2: =IF(G2>10000000000, 0, 1) -> 0
A3: CN-0200-2023 | B3: Flyover | C3: Bau-Bau | D3: Perbaikan Flyover Bau-Bau | E3: 45081 | F3: 45386 | G3: 10119728525 | H3: PT B | I3: =IF(ISBLANK(A3)=TRUE,0,1) -> 1 | J3: =IF(ISBLANK(B3)=TRUE,0,1) -> 1 | K3: =IF(ISBLANK(C3)=TRUE,0,1) -> 1 | L3: =IF(ISBLANK(D3)=TRUE,0,1) -> 1 | M3: =IF(ISBLANK(E3)=TRUE,0,1) -> 1 | N3: =IF(ISBLANK(F3)=TRUE,0,1) -> 1 | O3: =IF(ISBLANK(G3)=TRUE,0,1) -> 1 | P3: =IF(ISBLANK(H3)=TRUE,0,1) -> 1 | Q3: =IF(COUNTIF(A:A, A3) > 1, 0, 1) -> 1 | R3: =IF(ISERROR(VLOOKUP(A3, 'Project Reference'!A:A, 1, FALSE)), 0, 1) -> 1 | S3: =IFERROR(__xludf.DUMMYFUNCTION("IF(AND(REGEXMATCH(D3, B3), REGEXMATCH(D3, C3)), 1, 0)"),1.0) -> 1 | T3: =IF(AND(YEAR(E3)>=2023, YEAR(E3)<=2024), 1, 0) -> 1 | U3: =IF(F3-E3>=3, 1, 0) -> 1 | V3: =IF(G3>10000000000, 0, 1) -> 0
A4: CN-9999-2024 | B4: Jalan Raya | C4: Jakarta | D4: Tes | E4: 45292 | F4: 45292 | G4: 105133426 | H4: x | I4: =IF(ISBLANK(A4)=TRUE,0,1) -> 1 | J4: =IF(ISBLANK(B4)=TRUE,0,1) -> 1 | K4: =IF(ISBLANK(C4)=TRUE,0,1) -> 1 | L4: =IF(ISBLANK(D4)=TRUE,0,1) -> 1 | M4: =IF(ISBLANK(E4)=TRUE,0,1) -> 1 | N4: =IF(ISBLANK(F4)=TRUE,0,1) -> 1 | O4: =IF(ISBLANK(G4)=TRUE,0,1) -> 1 | P4: =IF(ISBLANK(H4)=TRUE,0,1) -> 1 | Q4: =IF(COUNTIF(A:A, A4) > 1, 0, 1) -> 1 | R4: =IF(ISERROR(VLOOKUP(A4, 'Project Reference'!A:A, 1, FALSE)), 0, 1) -> 0 | S4: =IFERROR(__xludf.DUMMYFUNCTION("IF(AND(REGEXMATCH(D4, B4), REGEXMATCH(D4, C4)), 1, 0)"),0.0) -> 0 | T4: =IF(AND(YEAR(E4)>=2023, YEAR(E4)<=2024), 1, 0) -> 1 | U4: =IF(F4-E4>=3, 1, 0) -> 0 | V4: =IF(G4>10000000000, 0, 1) -> 1
A5: CN-0192-2023 | B5: Gedung | C5: Surabaya | D5: Perbaikan Gedung Pemerintah Surabaya | E5: 45078 | F5: 45153 | G5: 1206249778 | H5: PT B | I5: =IF(ISBLANK(A5)=TRUE,0,1) -> 1 | J5: =IF(ISBLANK(B5)=TRUE,0,1) -> 1 | K5: =IF(ISBLANK(C5)=TRUE,0,1) -> 1 | L5: =IF(ISBLANK(D5)=TRUE,0,1) -> 1 | M5: =IF(ISBLANK(E5)=TRUE,0,1) -> 1 | N5: =IF(ISBLANK(F5)=TRUE,0,1) -> 1 | O5: =IF(ISBLANK(G5)=TRUE,0,1) -> 1 | P5: =IF(ISBLANK(H5)=TRUE,0,1) -> 1 | Q5: =IF(COUNTIF(A:A, A5) > 1, 0, 1) -> 0 | R5: =IF(ISERROR(VLOOKUP(A5, 'Project Reference'!A:A, 1, FALSE)), 0, 1) -> 1 | S5: =IFERROR(__xludf.DUMMYFUNCTION("IF(AND(REGEXMATCH(D5, B5), REGEXMATCH(D5, C5)), 1, 0)"),1.0) -> 1 | T5: =IF(AND(YEAR(E5)>=2023, YEAR(E5)<=2024), 1, 0) -> 1 | U5: =IF(F5-E5>=3, 1, 0) -> 1 | V5: =IF(G5>10000000000, 0, 1) -> 1
A6: CN-0192-2023 | B6: Gedung | C6: Surabaya | D6: Perbaikan Gedung Pemerintah Surabaya | E6: 45078 | F6: 45153 | G6: 6060807570 | H6: PT. Yuniar Hakim Tbk | I6: =IF(ISBLANK(A6)=TRUE,0,1) -> 1 | J6: =IF(ISBLANK(B6)=TRUE,0,1) -> 1 | K6: =IF(ISBLANK(C6)=TRUE,0,1) -> 1 | L6: =IF(ISBLANK(D6)=TRUE,0,1) -> 1 | M6: =IF(ISBLANK(E6)=TRUE,0,1) -> 1 | N6: =IF(ISBLANK(F6)=TRUE,0,1) -> 1 | O6: =IF(ISBLANK(G6)=TRUE,0,1) -> 1 | P6: =IF(ISBLANK(H6)=TRUE,0,1) -> 1 | Q6: =IF(COUNTIF(A:A, A6) > 1, 0, 1) -> 0 | R6: =IF(ISERROR(VLOOKUP(A6, 'Project Reference'!A:A, 1, FALSE)), 0, 1) -> 1 | S6: =IFERROR(__xludf.DUMMYFUNCTION("IF(AND(REGEXMATCH(D6, B6), REGEXMATCH(D6, C6)), 1, 0)"),1.0) -> 1 | T6: =IF(AND(YEAR(E6)>=2023, YEAR(E6)<=2024), 1, 0) -> 1 | U6: =IF(F6-E6>=3, 1, 0) -> 1 | V6: =IF(G6>10000000000, 0, 1) -> 1
A7: CN-0188-2023 | D7: Perbaikan Gedung Pemerintah Surabaya | E7: 45074 | F7: 45243 | G7: 8372699981 | I7: =IF(ISBLANK(A7)=TRUE,0,1) -> 1 | J7: =IF(ISBLANK(B7)=TRUE,0,1) -> 0 | K7: =IF(ISBLANK(C7)=TRUE,0,1) -> 0 | L7: =IF(ISBLANK(D7)=TRUE,0,1) -> 1 | M7: =IF(ISBLANK(E7)=TRUE,0,1) -> 1 | N7: =IF(ISBLANK(F7)=TRUE,0,1) -> 1 | O7: =IF(ISBLANK(G7)=TRUE,0,1) -> 1 | P7: =IF(ISBLANK(H7)=TRUE,0,1) -> 0 | Q7: =IF(COUNTIF(A:A, A7) > 1, 0, 1) -> 1 | R7: =IF(ISERROR(VLOOKUP(A7, 'Project Reference'!A:A, 1, FALSE)), 0, 1) -> 1 | S7: =IFERROR(__xludf.DUMMYFUNCTION("IF(AND(REGEXMATCH(D7, B7), REGEXMATCH(D7, C7)), 1, 0)"),1.0) -> 1 | T7: =IF(AND(YEAR(E7)>=2023, YEAR(E7)<=2024), 1, 0) -> 1 | U7: =IF(F7-E7>=3, 1, 0) -> 1 | V7: =IF(G7>10000000000, 0, 1) -> 1
A8: CN-0108-2023 | C8: Bandung | E8: 45010 | F8: 45091 | G8: 2960912774 | I8: =IF(ISBLANK(A8)=TRUE,0,1) -> 1 | J8: =IF(ISBLANK(B8)=TRUE,0,1) -> 0 | K8: =IF(ISBLANK(C8)=TRUE,0,1) -> 1 | L8: =IF(ISBLANK(D8)=TRUE,0,1) -> 0 | M8: =IF(ISBLANK(E8)=TRUE,0,1) -> 1 | N8: =IF(ISBLANK(F8)=TRUE,0,1) -> 1 | O8: =IF(ISBLANK(G8)=TRUE,0,1) -> 1 | P8: =IF(ISBLANK(H8)=TRUE,0,1) -> 0 | Q8: =IF(COUNTIF(A:A, A8) > 1, 0, 1) -> 1 | R8: =IF(ISERROR(VLOOKUP(A8, 'Project Reference'!A:A, 1, FALSE)), 0, 1) -> 1 | S8: =IFERROR(__xludf.DUMMYFUNCTION("IF(AND(REGEXMATCH(D8, B8), REGEXMATCH(D8, C8)), 1, 0)"),0.0) -> 0 | T8: =IF(AND(YEAR(E8)>=2023, YEAR(E8)<=2024), 1, 0) -> 1 | U8: =IF(F8-E8>=3, 1, 0) -> 1 | V8: =IF(G8>10000000000, 0, 1) -> 1
A9: CN-0058-2023 | E9: 44969 | F9: 45030 | G9: 314690070 | H9: CV Sihombing | I9: =IF(ISBLANK(A9)=TRUE,0,1) -> 1 | J9: =IF(ISBLANK(B9)=TRUE,0,1) -> 0 | K9: =IF(ISBLANK(C9)=TRUE,0,1) -> 0 | L9: =IF(ISBLANK(D9)=TRUE,0,1) -> 0 | M9: =IF(ISBLANK(E9)=TRUE,0,1) -> 1 | N9: =IF(ISBLANK(F9)=TRUE,0,1) -> 1 | O9: =IF(ISBLANK(G9)=TRUE,0,1) -> 1 | P9: =IF(ISBLANK(H9)=TRUE,0,1) -> 1 | Q9: =IF(COUNTIF(A:A, A9) > 1, 0, 1) -> 1 | R9: =IF(ISERROR(VLOOKUP(A9, 'Project Reference'!A:A, 1, FALSE)), 0, 1) -> 1 | S9: =IFERROR(__xludf.DUMMYFUNCTION("IF(AND(REGEXMATCH(D9, B9), REGEXMATCH(D9, C9)), 1, 0)"),1.0) -> 1 | T9: =IF(AND(YEAR(E9)>=2023, YEAR(E9)<=2024), 1, 0) -> 1 | U9: =IF(F9-E9>=3, 1, 0) -> 1 | V9: =IF(G9>10000000000, 0, 1) -> 1
A10: CN-0003-2023 | B10: Jalan Raya | C10: Bandung | D10: Perbaikan Jalan Raya Bandung | E10: 44928 | F10: 45239 | G10: 191505827 | I10: =IF(ISBLANK(A10)=TRUE,0,1) -> 1 | J10: =IF(ISBLANK(B10)=TRUE,0,1) -> 1 | K10: =IF(ISBLANK(C10)=TRUE,0,1) -> 1 | L10: =IF(ISBLANK(D10)=TRUE,0,1) -> 1 | M10: =IF(ISBLANK(E10)=TRUE,0,1) -> 1 | N10: =IF(ISBLANK(F10)=TRUE,0,1) -> 1 | O10: =IF(ISBLANK(G10)=TRUE,0,1) -> 1 | P10: =IF(ISBLANK(H10)=TRUE,0,1) -> 0 | Q10: =IF(COUNTIF(A:A, A10) > 1, 0, 1) -> 1 | R10: =IF(ISERROR(VLOOKUP(A10, 'Project Reference'!A:A, 1, FALSE)), 0, 1) -> 1 | S10: =IFERROR(__xludf.DUMMYFUNCTION("IF(AND(REGEXMATCH(D10, B10), REGEXMATCH(D10, C10)), 1, 0)"),1.0) -> 1 | T10: =IF(AND(YEAR(E10)>=2023, YEAR(E10)<=2024), 1, 0) -> 1 | U10: =IF(F10-E10>=3, 1, 0) -> 1 | V10: =IF(G10>10000000000, 0, 1) -> 1
A11: CN-0015-2023 | B11: Jalan Raya | C11: Medan | D11: Perbaikan Jalan Raya Medan | E11: 44938 | F11: 44985 | G11: 486357978 | I11: =IF(ISBLANK(A11)=TRUE,0,1) -> 1 | J11: =IF(ISBLANK(B11)=TRUE,0,1) -> 1 | K11: =IF(ISBLANK(C11)=TRUE,0,1) -> 1 | L11: =IF(ISBLANK(D11)=TRUE,0,1) -> 1 | M11: =IF(ISBLANK(E11)=TRUE,0,1) -> 1 | N11: =IF(ISBLANK(F11)=TRUE,0,1) -> 1 | O11: =IF(ISBLANK(G11)=TRUE,0,1) -> 1 | P11: =IF(ISBLANK(H11)=TRUE,0,1) -> 0 | Q11: =IF(COUNTIF(A:A, A11) > 1, 0, 1) -> 1 | R11: =IF(ISERROR(VLOOKUP(A11, 'Project Reference'!A:A, 1, FALSE)), 0, 1) -> 1 | S11: =IFERROR(__xludf.DUMMYFUNCTION("IF(AND(REGEXMATCH(D11, B11), REGEXMATCH(D11, C11)), 1, 0)"),1.0) -> 1 | T11: =IF(AND(YEAR(E11)>=2023, YEAR(E11)<=2024), 1, 0) -> 1 | U11: =IF(F11-E11>=3, 1, 0) -> 1 | V11: =IF(G11>10000000000, 0, 1) -> 1
A12: CN-0019-2024 | B12: Jalan Raya | C12: Depok | D12: Perbaikan Jalan Raya Depok | E12: 45343 | F12: 45382 | G12: 462876320 | I12: =IF(ISBLANK(A12)=TRUE,0,1) -> 1 | J12: =IF(ISBLANK(B12)=TRUE,0,1) -> 1 | K12: =IF(ISBLANK(C12)=TRUE,0,1) -> 1 | L12: =IF(ISBLANK(D12)=TRUE,0,1) -> 1 | M12: =IF(ISBLANK(E12)=TRUE,0,1) -> 1 | N12: =IF(ISBLANK(F12)=TRUE,0,1) -> 1 | O12: =IF(ISBLANK(G12)=TRUE,0,1) -> 1 | P12: =IF(ISBLANK(H12)=TRUE,0,1) -> 0 | Q12: =IF(COUNTIF(A:A, A12) > 1, 0, 1) -> 1 | R12: =IF(ISERROR(VLOOKUP(A12, 'Project Reference'!A:A, 1, FALSE)), 0, 1) -> 1 | S12: =IFERROR(__xludf.DUMMYFUNCTION("IF(AND(REGEXMATCH(D12, B12), REGEXMATCH(D12, C12)), 1, 0)"),1.0) -> 1 | T12: =IF(AND(YEAR(E12)>=2023, YEAR(E12)<=2024), 1, 0) -> 1 | U12: =IF(F12-E12>=3, 1, 0) -> 1 | V12: =IF(G12>10000000000, 0, 1) -> 1
A13: CN-0038-2023 | B13: Drainase | C13: Tomohon | D13: Perbaikan Drainase Tomohon | E13: 44954 | F13: 45186 | G13: 382266210 | I13: =IF(ISBLANK(A13)=TRUE,0,1) -> 1 | J13: =IF(ISBLANK(B13)=TRUE,0,1) -> 1 | K13: =IF(ISBLANK(C13)=TRUE,0,1) -> 1 | L13: =IF(ISBLANK(D13)=TRUE,0,1) -> 1 | M13: =IF(ISBLANK(E13)=TRUE,0,1) -> 1 | N13: =IF(ISBLANK(F13)=TRUE,0,1) -> 1 | O13: =IF(ISBLANK(G13)=TRUE,0,1) -> 1 | P13: =IF(ISBLANK(H13)=TRUE,0,1) -> 0 | Q13: =IF(COUNTIF(A:A, A13) > 1, 0, 1) -> 1 | R13: =IF(ISERROR(VLOOKUP(A13, 'Project Reference'!A:A, 1, FALSE)), 0, 1) -> 1 | S13: =IFERROR(__xludf.DUMMYFUNCTION("IF(AND(REGEXMATCH(D13, B13), REGEXMATCH(D13, C13)), 1, 0)"),1.0) -> 1 | T13: =IF(AND(YEAR(E13)>=2023, YEAR(E13)<=2024), 1, 0) -> 1 | U13: =IF(F13-E13>=3, 1, 0) -> 1 | V13: =IF(G13>10000000000, 0, 1) -> 1
A14: CN-0041-2023 | B14: Jembatan | C14: Bau-Bau | D14: Perbaikan Jembatan Bau-Bau | E14: 44955 | F14: 45116 | G14: 3703277131 | I14: =IF(ISBLANK(A14)=TRUE,0,1) -> 1 | J14: =IF(ISBLANK(B14)=TRUE,0,1) -> 1 | K14: =IF(ISBLANK(C14)=TRUE,0,1) -> 1 | L14: =IF(ISBLANK(D14)=TRUE,0,1) -> 1 | M14: =IF(ISBLANK(E14)=TRUE,0,1) -> 1 | N14: =IF(ISBLANK(F14)=TRUE,0,1) -> 1 | O14: =IF(ISBLANK(G14)=TRUE,0,1) -> 1 | P14: =IF(ISBLANK(H14)=TRUE,0,1) -> 0 | Q14: =IF(COUNTIF(A:A, A14) > 1, 0, 1) -> 1 | R14: =IF(ISERROR(VLOOKUP(A14, 'Project Reference'!A:A, 1, FALSE)), 0, 1) -> 1 | S14: =IFERROR(__xludf.DUMMYFUNCTION("IF(AND(REGEXMATCH(D14, B14), REGEXMATCH(D14, C14)), 1, 0)"),1.0) -> 1 | T14: =IF(AND(YEAR(E14)>=2023, YEAR(E14)<=2024), 1, 0) -> 1 | U14: =IF(F14-E14>=3, 1, 0) -> 1 | V14: =IF(G14>10000000000, 0, 1) -> 1
A15: CN-0045-2023 | B15: Jembatan | C15: Makassar | D15: Pembuatan Jembatan Makassar | E15: 44959 | F15: 45167 | G15: 5835541492 | I15: =IF(ISBLANK(A15)=TRUE,0,1) -> 1 | J15: =IF(ISBLANK(B15)=TRUE,0,1) -> 1 | K15: =IF(ISBLANK(C15)=TRUE,0,1) -> 1 | L15: =IF(ISBLANK(D15)=TRUE,0,1) -> 1 | M15: =IF(ISBLANK(E15)=TRUE,0,1) -> 1 | N15: =IF(ISBLANK(F15)=TRUE,0,1) -> 1 | O15: =IF(ISBLANK(G15)=TRUE,0,1) -> 1 | P15: =IF(ISBLANK(H15)=TRUE,0,1) -> 0 | Q15: =IF(COUNTIF(A:A, A15) > 1, 0, 1) -> 1 | R15: =IF(ISERROR(VLOOKUP(A15, 'Project Reference'!A:A, 1, FALSE)), 0, 1) -> 1 | S15: =IFERROR(__xludf.DUMMYFUNCTION("IF(AND(REGEXMATCH(D15, B15), REGEXMATCH(D15, C15)), 1, 0)"),1.0) -> 1 | T15: =IF(AND(YEAR(E15)>=2023, YEAR(E15)<=2024), 1, 0) -> 1 | U15: =IF(F15-E15>=3, 1, 0) -> 1 | V15: =IF(G15>10000000000, 0, 1) -> 1
A16: CN-0067-2023 | B16: Flyover | C16: Medan | D16: Perbaikan Flyover Medan | E16: 44975 | F16: 45256 | G16: 3367495384 | I16: =IF(ISBLANK(A16)=TRUE,0,1) -> 1 | J16: =IF(ISBLANK(B16)=TRUE,0,1) -> 1 | K16: =IF(ISBLANK(C16)=TRUE,0,1) -> 1 | L16: =IF(ISBLANK(D16)=TRUE,0,1) -> 1 | M16: =IF(ISBLANK(E16)=TRUE,0,1) -> 1 | N16: =IF(ISBLANK(F16)=TRUE,0,1) -> 1 | O16: =IF(ISBLANK(G16)=TRUE,0,1) -> 1 | P16: =IF(ISBLANK(H16)=TRUE,0,1) -> 0 | Q16: =IF(COUNTIF(A:A, A16) > 1, 0, 1) -> 1 | R16: =IF(ISERROR(VLOOKUP(A16, 'Project Reference'!A:A, 1, FALSE)), 0, 1) -> 1 | S16: =IFERROR(__xludf.DUMMYFUNCTION("IF(AND(REGEXMATCH(D16, B16), REGEXMATCH(D16, C16)), 1, 0)"),1.0) -> 1 | T16: =IF(AND(YEAR(E16)>=2023, YEAR(E16)<=2024), 1, 0) -> 1 | U16: =IF(F16-E16>=3, 1, 0) -> 1 | V16: =IF(G16>10000000000, 0, 1) -> 1
A17: CN-0070-2023 | B17: Gedung | C17: Jakarta | E17: 44977 | F17: 45285 | G17: 7432359735 | I17: =IF(ISBLANK(A17)=TRUE,0,1) -> 1 | J17: =IF(ISBLANK(B17)=TRUE,0,1) -> 1 | K17: =IF(ISBLANK(C17)=TRUE,0,1) -> 1 | L17: =IF(ISBLANK(D17)=TRUE,0,1) -> 0 | M17: =IF(ISBLANK(E17)=TRUE,0,1) -> 1 | N17: =IF(ISBLANK(F17)=TRUE,0,1) -> 1 | O17: =IF(ISBLANK(G17)=TRUE,0,1) -> 1 | P17: =IF(ISBLANK(H17)=TRUE,0,1) -> 0 | Q17: =IF(COUNTIF(A:A, A17) > 1, 0, 1) -> 1 | R17: =IF(ISERROR(VLOOKUP(A17, 'Project Reference'!A:A, 1, FALSE)), 0, 1) -> 1 | S17: =IFERROR(__xludf.DUMMYFUNCTION("IF(AND(REGEXMATCH(D17, B17), REGEXMATCH(D17, C17)), 1, 0)"),0.0) -> 0 | T17: =IF(AND(YEAR(E17)>=2023, YEAR(E17)<=2024), 1, 0) -> 1 | U17: =IF(F17-E17>=3, 1, 0) -> 1 | V17: =IF(G17>10000000000, 0, 1) -> 1
A18: CN-0071-2023 | B18: Gedung | C18: Surabaya | D18: Perbaikan Gedung Pemerintah Surabaya | E18: 44977 | F18: 45233 | G18: 7645065116 | I18: =IF(ISBLANK(A18)=TRUE,0,1) -> 1 | J18: =IF(ISBLANK(B18)=TRUE,0,1) -> 1 | K18: =IF(ISBLANK(C18)=TRUE,0,1) -> 1 | L18: =IF(ISBLANK(D18)=TRUE,0,1) -> 1 | M18: =IF(ISBLANK(E18)=TRUE,0,1) -> 1 | N18: =IF(ISBLANK(F18)=TRUE,0,1) -> 1 | O18: =IF(ISBLANK(G18)=TRUE,0,1) -> 1 | P18: =IF(ISBLANK(H18)=TRUE,0,1) -> 0 | Q18: =IF(COUNTIF(A:A, A18) > 1, 0, 1) -> 1 | R18: =IF(ISERROR(VLOOKUP(A18, 'Project Reference'!A:A, 1, FALSE)), 0, 1) -> 1 | S18: =IFERROR(__xludf.DUMMYFUNCTION("IF(AND(REGEXMATCH(D18, B18), REGEXMATCH(D18, C18)), 1, 0)"),1.0) -> 1 | T18: =IF(AND(YEAR(E18)>=2023, YEAR(E18)<=2024), 1, 0) -> 1 | U18: =IF(F18-E18>=3, 1, 0) -> 1 | V18: =IF(G18>10000000000, 0, 1) -> 1
A19: CN-0095-2023 | B19: Gedung | C19: Makassar | D19: Perbaikan Gedung Pemerintah Makassar | E19: 44998 | F19: 45341 | G19: 9404668499 | I19: =IF(ISBLANK(A19)=TRUE,0,1) -> 1 | J19: =IF(ISBLANK(B19)=TRUE,0,1) -> 1 | K19: =IF(ISBLANK(C19)=TRUE,0,1) -> 1 | L19: =IF(ISBLANK(D19)=TRUE,0,1) -> 1 | M19: =IF(ISBLANK(E19)=TRUE,0,1) -> 1 | N19: =IF(ISBLANK(F19)=TRUE,0,1) -> 1 | O19: =IF(ISBLANK(G19)=TRUE,0,1) -> 1 | P19: =IF(ISBLANK(H19)=TRUE,0,1) -> 0 | Q19: =IF(COUNTIF(A:A, A19) > 1, 0, 1) -> 1 | R19: =IF(ISERROR(VLOOKUP(A19, 'Project Reference'!A:A, 1, FALSE)), 0, 1) -> 1 | S19: =IFERROR(__xludf.DUMMYFUNCTION("IF(AND(REGEXMATCH(D19, B19), REGEXMATCH(D19, C19)), 1, 0)"),1.0) -> 1 | T19: =IF(AND(YEAR(E19)>=2023, YEAR(E19)<=2024), 1, 0) -> 1 | U19: =IF(F19-E19>=3, 1, 0) -> 1 | V19: =IF(G19>10000000000, 0, 1) -> 1
A20: CN-0102-2023 | B20: Jembatan | C20: Medan | D20: Perbaikan Jembatan Medan | E20: 45006 | F20: 45234 | G20: 7494641055 | I20: =IF(ISBLANK(A20)=TRUE,0,1) -> 1 | J20: =IF(ISBLANK(B20)=TRUE,0,1) -> 1 | K20: =IF(ISBLANK(C20)=TRUE,0,1) -> 1 | L20: =IF(ISBLANK(D20)=TRUE,0,1) -> 1 | M20: =IF(ISBLANK(E20)=TRUE,0,1) -> 1 | N20: =IF(ISBLANK(F20)=TRUE,0,1) -> 1 | O20: =IF(ISBLANK(G20)=TRUE,0,1) -> 1 | P20: =IF(ISBLANK(H20)=TRUE,0,1) -> 0 | Q20: =IF(COUNTIF(A:A, A20) > 1, 0, 1) -> 1 | R20: =IF(ISERROR(VLOOKUP(A20, 'Project Reference'!A:A, 1, FALSE)), 0, 1) -> 1 | S20: =IFERROR(__xludf.DUMMYFUNCTION("IF(AND(REGEXMATCH(D20, B20), REGEXMATCH(D20, C20)), 1, 0)"),1.0) -> 1 | T20: =IF(AND(YEAR(E20)>=2023, YEAR(E20)<=2024), 1, 0) -> 1 | U20: =IF(F20-E20>=3, 1, 0) -> 1 | V20: =IF(G20>10000000000, 0, 1) -> 1
A21: CN-0109-2023 | B21: Drainase | C21: Makassar | D21: Perbaikan Drainase Makassar | E21: 45011 | F21: 45235 | G21: 421859230 | I21: =IF(ISBLANK(A21)=TRUE,0,1) -> 1 | J21: =IF(ISBLANK(B21)=TRUE,0,1) -> 1 | K21: =IF(ISBLANK(C21)=TRUE,0,1) -> 1 | L21: =IF(ISBLANK(D21)=TRUE,0,1) -> 1 | M21: =IF(ISBLANK(E21)=TRUE,0,1) -> 1 | N21: =IF(ISBLANK(F21)=TRUE,0,1) -> 1 | O21: =IF(ISBLANK(G21)=TRUE,0,1) -> 1 | P21: =IF(ISBLANK(H21)=TRUE,0,1) -> 0 | Q21: =IF(COUNTIF(A:A, A21) > 1, 0, 1) -> 1 | R21: =IF(ISERROR(VLOOKUP(A21, 'Project Reference'!A:A, 1, FALSE)), 0, 1) -> 1 | S21: =IFERROR(__xludf.DUMMYFUNCTION("IF(AND(REGEXMATCH(D21, B21), REGEXMATCH(D21, C21)), 1, 0)"),1.0) -> 1 | T21: =IF(AND(YEAR(E21)>=2023, YEAR(E21)<=2024), 1, 0) -> 1 | U21: =IF(F21-E21>=3, 1, 0) -> 1 | V21: =IF(G21>10000000000, 0, 1) -> 1
A22: CN-0137-2023 | B22: Jembatan | C22: Jakarta | D22: Perbaikan Jembatan Jakarta | E22: 45035 | F22: 45339 | G22: 4409857336 | I22: =IF(ISBLANK(A22)=TRUE,0,1) -> 1 | J22: =IF(ISBLANK(B22)=TRUE,0,1) -> 1 | K22: =IF(ISBLANK(C22)=TRUE,0,1) -> 1 | L22: =IF(ISBLANK(D22)=TRUE,0,1) -> 1 | M22: =IF(ISBLANK(E22)=TRUE,0,1) -> 1 | N22: =IF(ISBLANK(F22)=TRUE,0,1) -> 1 | O22: =IF(ISBLANK(G22)=TRUE,0,1) -> 1 | P22: =IF(ISBLANK(H22)=TRUE,0,1) -> 0 | Q22: =IF(COUNTIF(A:A, A22) > 1, 0, 1) -> 1 | R22: =IF(ISERROR(VLOOKUP(A22, 'Project Reference'!A:A, 1, FALSE)), 0, 1) -> 1 | S22: =IFERROR(__xludf.DUMMYFUNCTION("IF(AND(REGEXMATCH(D22, B22), REGEXMATCH(D22, C22)), 1, 0)"),1.0) -> 1 | T22: =IF(AND(YEAR(E22)>=2023, YEAR(E22)<=2024), 1, 0) -> 1 | U22: =IF(F22-E22>=3, 1, 0) -> 1 | V22: =IF(G22>10000000000, 0, 1) -> 1
A23: CN-0142-2023 | B23: Drainase | C23: Bandung | D23: Perbaikan Drainase Bandung | E23: 45036 | F23: 45313 | G23: 265879074 | I23: =IF(ISBLANK(A23)=TRUE,0,1) -> 1 | J23: =IF(ISBLANK(B23)=TRUE,0,1) -> 1 | K23: =IF(ISBLANK(C23)=TRUE,0,1) -> 1 | L23: =IF(ISBLANK(D23)=TRUE,0,1) -> 1 | M23: =IF(ISBLANK(E23)=TRUE,0,1) -> 1 | N23: =IF(ISBLANK(F23)=TRUE,0,1) -> 1 | O23: =IF(ISBLANK(G23)=TRUE,0,1) -> 1 | P23: =IF(ISBLANK(H23)=TRUE,0,1) -> 0 | Q23: =IF(COUNTIF(A:A, A23) > 1, 0, 1) -> 1 | R23: =IF(ISERROR(VLOOKUP(A23, 'Project Reference'!A:A, 1, FALSE)), 0, 1) -> 1 | S23: =IFERROR(__xludf.DUMMYFUNCTION("IF(AND(REGEXMATCH(D23, B23), REGEXMATCH(D23, C23)), 1, 0)"),1.0) -> 1 | T23: =IF(AND(YEAR(E23)>=2023, YEAR(E23)<=2024), 1, 0) -> 1 | U23: =IF(F23-E23>=3, 1, 0) -> 1 | V23: =IF(G23>10000000000, 0, 1) -> 1
A24: CN-0150-2023 | B24: Drainase | C24: Tomohon | D24: Perbaikan Drainase Tomohon | E24: 45042 | F24: 45364 | G24: 433880373 | I24: =IF(ISBLANK(A24)=TRUE,0,1) -> 1 | J24: =IF(ISBLANK(B24)=TRUE,0,1) -> 1 | K24: =IF(ISBLANK(C24)=TRUE,0,1) -> 1 | L24: =IF(ISBLANK(D24)=TRUE,0,1) -> 1 | M24: =IF(ISBLANK(E24)=TRUE,0,1) -> 1 | N24: =IF(ISBLANK(F24)=TRUE,0,1) -> 1 | O24: =IF(ISBLANK(G24)=TRUE,0,1) -> 1 | P24: =IF(ISBLANK(H24)=TRUE,0,1) -> 0 | Q24: =IF(COUNTIF(A:A, A24) > 1, 0, 1) -> 1 | R24: =IF(ISERROR(VLOOKUP(A24, 'Project Reference'!A:A, 1, FALSE)), 0, 1) -> 1 | S24: =IFERROR(__xludf.DUMMYFUNCTION("IF(AND(REGEXMATCH(D24, B24), REGEXMATCH(D24, C24)), 1, 0)"),1.0) -> 1 | T24: =IF(AND(YEAR(E24)>=2023, YEAR(E24)<=2024), 1, 0) -> 1 | U24: =IF(F24-E24>=3, 1, 0) -> 1 | V24: =IF(G24>10000000000, 0, 1) -> 1
A25: CN-0152-2023 | B25: Jalan Raya | C25: Surabaya | D25: Perbaikan Jalan Raya Surabaya | E25: 45045 | F25: 45324 | G25: 407950829 | I25: =IF(ISBLANK(A25)=TRUE,0,1) -> 1 | J25: =IF(ISBLANK(B25)=TRUE,0,1) -> 1 | K25: =IF(ISBLANK(C25)=TRUE,0,1) -> 1 | L25: =IF(ISBLANK(D25)=TRUE,0,1) -> 1 | M25: =IF(ISBLANK(E25)=TRUE,0,1) -> 1 | N25: =IF(ISBLANK(F25)=TRUE,0,1) -> 1 | O25: =IF(ISBLANK(G25)=TRUE,0,1) -> 1 | P25: =IF(ISBLANK(H25)=TRUE,0,1) -> 0 | Q25: =IF(COUNTIF(A:A, A25) > 1, 0, 1) -> 1 | R25: =IF(ISERROR(VLOOKUP(A25, 'Project Reference'!A:A, 1, FALSE)), 0, 1) -> 1 | S25: =IFERROR(__xludf.DUMMYFUNCTION("IF(AND(REGEXMATCH(D25, B25), REGEXMATCH(D25, C25)), 1, 0)"),1.0) -> 1 | T25: =IF(AND(YEAR(E25)>=2023, YEAR(E25)<=2024), 1, 0) -> 1 | U25: =IF(F25-E25>=3, 1, 0) -> 1 | V25: =IF(G25>10000000000, 0, 1) -> 1
A26: CN-0156-2023 | B26: Flyover | C26: Bau-Bau | D26: Pembuatan Flyover Bau-Bau | E26: 45048 | F26: 45358 | G26: 2665194797 | I26: =IF(ISBLANK(A26)=TRUE,0,1) -> 1 | J26: =IF(ISBLANK(B26)=TRUE,0,1) -> 1 | K26: =IF(ISBLANK(C26)=TRUE,0,1) -> 1 | L26: =IF(ISBLANK(D26)=TRUE,0,1) -> 1 | M26: =IF(ISBLANK(E26)=TRUE,0,1) -> 1 | N26: =IF(ISBLANK(F26)=TRUE,0,1) -> 1 | O26: =IF(ISBLANK(G26)=TRUE,0,1) -> 1 | P26: =IF(ISBLANK(H26)=TRUE,0,1) -> 0 | Q26: =IF(COUNTIF(A:A, A26) > 1, 0, 1) -> 1 | R26: =IF(ISERROR(VLOOKUP(A26, 'Project Reference'!A:A, 1, FALSE)), 0, 1) -> 1 | S26: =IFERROR(__xludf.DUMMYFUNCTION("IF(AND(REGEXMATCH(D26, B26), REGEXMATCH(D26, C26)), 1, 0)"),1.0) -> 1 | T26: =IF(AND(YEAR(E26)>=2023, YEAR(E26)<=2024), 1, 0) -> 1 | U26: =IF(F26-E26>=3, 1, 0) -> 1 | V26: =IF(G26>10000000000, 0, 1) -> 1
A27: CN-0157-2023 | B27: Jembatan | C27: Bau-Bau | D27: Perbaikan Jembatan Bau-Bau | E27: 45049 | F27: 45401 | G27: 2586947699 | I27: =IF(ISBLANK(A27)=TRUE,0,1) -> 1 | J27: =IF(ISBLANK(B27)=TRUE,0,1) -> 1 | K27: =IF(ISBLANK(C27)=TRUE,0,1) -> 1 | L27: =IF(ISBLANK(D27)=TRUE,0,1) -> 1 | M27: =IF(ISBLANK(E27)=TRUE,0,1) -> 1 | N27: =IF(ISBLANK(F27)=TRUE,0,1) -> 1 | O27: =IF(ISBLANK(G27)=TRUE,0,1) -> 1 | P27: =IF(ISBLANK(H27)=TRUE,0,1) -> 0 | Q27: =IF(COUNTIF(A:A, A27) > 1, 0, 1) -> 1 | R27: =IF(ISERROR(VLOOKUP(A27, 'Project Reference'!A:A, 1, FALSE)), 0, 1) -> 1 | S27: =IFERROR(__xludf.DUMMYFUNCTION("IF(AND(REGEXMATCH(D27, B27), REGEXMATCH(D27, C27)), 1, 0)"),1.0) -> 1 | T27: =IF(AND(YEAR(E27)>=2023, YEAR(E27)<=2024), 1, 0) -> 1 | U27: =IF(F27-E27>=3, 1, 0) -> 1 | V27: =IF(G27>10000000000, 0, 1) -> 1
A28: CN-0158-2023 | B28: Jalan Raya | C28: Bandung | D28: Perbaikan Jalan Raya Bandung | E28: 45052 | F28: 45087 | G28: 189032296 | I28: =IF(ISBLANK(A28)=TRUE,0,1) -> 1 | J28: =IF(ISBLANK(B28)=TRUE,0,1) -> 1 | K28: =IF(ISBLANK(C28)=TRUE,0,1) -> 1 | L28: =IF(ISBLANK(D28)=TRUE,0,1) -> 1 | M28: =IF(ISBLANK(E28)=TRUE,0,1) -> 1 | N28: =IF(ISBLANK(F28)=TRUE,0,1) -> 1 | O28: =IF(ISBLANK(G28)=TRUE,0,1) -> 1 | P28: =IF(ISBLANK(H28)=TRUE,0,1) -> 0 | Q28: =IF(COUNTIF(A:A, A28) > 1, 0, 1) -> 1 | R28: =IF(ISERROR(VLOOKUP(A28, 'Project Reference'!A:A, 1, FALSE)), 0, 1) -> 1 | S28: =IFERROR(__xludf.DUMMYFUNCTION("IF(AND(REGEXMATCH(D28, B28), REGEXMATCH(D28, C28)), 1, 0)"),1.0) -> 1 | T28: =IF(AND(YEAR(E28)>=2023, YEAR(E28)<=2024), 1, 0) -> 1 | U28: =IF(F28-E28>=3, 1, 0) -> 1 | V28: =IF(G28>10000000000, 0, 1) -> 1
A29: CN-0194-2023 | B29: Flyover | C29: Medan | D29: Pembuatan Flyover Medan | E29: 45078 | F29: 45220 | G29: 2544644297 | I29: =IF(ISBLANK(A29)=TRUE,0,1) -> 1 | J29: =IF(ISBLANK(B29)=TRUE,0,1) -> 1 | K29: =IF(ISBLANK(C29)=TRUE,0,1) -> 1 | L29: =IF(ISBLANK(D29)=TRUE,0,1) -> 1 | M29: =IF(ISBLANK(E29)=TRUE,0,1) -> 1 | N29: =IF(ISBLANK(F29)=TRUE,0,1) -> 1 | O29: =IF(ISBLANK(G29)=TRUE,0,1) -> 1 | P29: =IF(ISBLANK(H29)=TRUE,0,1) -> 0 | Q29: =IF(COUNTIF(A:A, A29) > 1, 0, 1) -> 1 | R29: =IF(ISERROR(VLOOKUP(A29, 'Project Reference'!A:A, 1, FALSE)), 0, 1) -> 1 | S29: =IFERROR(__xludf.DUMMYFUNCTION("IF(AND(REGEXMATCH(D29, B29), REGEXMATCH(D29, C29)), 1, 0)"),1.0) -> 1 | T29: =IF(AND(YEAR(E29)>=2023, YEAR(E29)<=2024), 1, 0) -> 1 | U29: =IF(F29-E29>=3, 1, 0) -> 1 | V29: =IF(G29>10000000000, 0, 1) -> 1
A30: CN-0211-2023 | B30: Gedung | C30: Jakarta | D30: Perbaikan Gedung Pemerintah Jakarta | E30: 45093 | F30: 45280 | G30: 6355661362 | I30: =IF(ISBLANK(A30)=TRUE,0,1) -> 1 | J30: =IF(ISBLANK(B30)=TRUE,0,1) -> 1 | K30: =IF(ISBLANK(C30)=TRUE,0,1) -> 1 | L30: =IF(ISBLANK(D30)=TRUE,0,1) -> 1 | M30: =IF(ISBLANK(E30)=TRUE,0,1) -> 1 | N30: =IF(ISBLANK(F30)=TRUE,0,1) -> 1 | O30: =IF(ISBLANK(G30)=TRUE,0,1) -> 1 | P30: =IF(ISBLANK(H30)=TRUE,0,1) -> 0 | Q30: =IF(COUNTIF(A:A, A30) > 1, 0, 1) -> 1 | R30: =IF(ISERROR(VLOOKUP(A30, 'Project Reference'!A:A, 1, FALSE)), 0, 1) -> 1 | S30: =IFERROR(__xludf.DUMMYFUNCTION("IF(AND(REGEXMATCH(D30, B30), REGEXMATCH(D30, C30)), 1, 0)"),1.0) -> 1 | T30: =IF(AND(YEAR(E30)>=2023, YEAR(E30)<=2024), 1, 0) -> 1 | U30: =IF(F30-E30>=3, 1, 0) -> 1 | V30: =IF(G30>10000000000, 0, 1) -> 1
A31: CN-0213-2023 | B31: Drainase | C31: Bandung | D31: Perbaikan Drainase Bandung | E31: 45095 | F31: 45423 | G31: 257229348 | I31: =IF(ISBLANK(A31)=TRUE,0,1) -> 1 | J31: =IF(ISBLANK(B31)=TRUE,0,1) -> 1 | K31: =IF(ISBLANK(C31)=TRUE,0,1) -> 1 | L31: =IF(ISBLANK(D31)=TRUE,0,1) -> 1 | M31: =IF(ISBLANK(E31)=TRUE,0,1) -> 1 | N31: =IF(ISBLANK(F31)=TRUE,0,1) -> 1 | O31: =IF(ISBLANK(G31)=TRUE,0,1) -> 1 | P31: =IF(ISBLANK(H31)=TRUE,0,1) -> 0 | Q31: =IF(COUNTIF(A:A, A31) > 1, 0, 1) -> 1 | R31: =IF(ISERROR(VLOOKUP(A31, 'Project Reference'!A:A, 1, FALSE)), 0, 1) -> 1 | S31: =IFERROR(__xludf.DUMMYFUNCTION("IF(AND(REGEXMATCH(D31, B31), REGEXMATCH(D31, C31)), 1, 0)"),1.0) -> 1 | T31: =IF(AND(YEAR(E31)>=2023, YEAR(E31)<=2024), 1, 0) -> 1 | U31: =IF(F31-E31>=3, 1, 0) -> 1 | V31: =IF(G31>10000000000, 0, 1) -> 1
A32: CN-0229-2023 | B32: Jembatan | C32: Tomohon | D32: Perbaikan Jembatan Tomohon | E32: 45106 | F32: 45212 | G32: 2498238869 | I32: =IF(ISBLANK(A32)=TRUE,0,1) -> 1 | J32: =IF(ISBLANK(B32)=TRUE,0,1) -> 1 | K32: =IF(ISBLANK(C32)=TRUE,0,1) -> 1 | L32: =IF(ISBLANK(D32)=TRUE,0,1) -> 1 | M32: =IF(ISBLANK(E32)=TRUE,0,1) -> 1 | N32: =IF(ISBLANK(F32)=TRUE,0,1) -> 1 | O32: =IF(ISBLANK(G32)=TRUE,0,1) -> 1 | P32: =IF(ISBLANK(H32)=TRUE,0,1) -> 0 | Q32: =IF(COUNTIF(A:A, A32) > 1, 0, 1) -> 1 | R32: =IF(ISERROR(VLOOKUP(A32, 'Project Reference'!A:A, 1, FALSE)), 0, 1) -> 1 | S32: =IFERROR(__xludf.DUMMYFUNCTION("IF(AND(REGEXMATCH(D32, B32), REGEXMATCH(D32, C32)), 1, 0)"),1.0) -> 1 | T32: =IF(AND(YEAR(E32)>=2023, YEAR(E32)<=2024), 1, 0) -> 1 | U32: =IF(F32-E32>=3, 1, 0) -> 1 | V32: =IF(G32>10000000000, 0, 1) -> 1
A33: CN-0244-2023 | B33: Flyover | C33: Jakarta | D33: Perbaikan Flyover Jakarta | E33: 45119 | F33: 45218 | G33: 4249269902 | I33: =IF(ISBLANK(A33)=TRUE,0,1) -> 1 | J33: =IF(ISBLANK(B33)=TRUE,0,1) -> 1 | K33: =IF(ISBLANK(C33)=TRUE,0,1) -> 1 | L33: =IF(ISBLANK(D33)=TRUE,0,1) -> 1 | M33: =IF(ISBLANK(E33)=TRUE,0,1) -> 1 | N33: =IF(ISBLANK(F33)=TRUE,0,1) -> 1 | O33: =IF(ISBLANK(G33)=TRUE,0,1) -> 1 | P33: =IF(ISBLANK(H33)=TRUE,0,1) -> 0 | Q33: =IF(COUNTIF(A:A, A33) > 1, 0, 1) -> 1 | R33: =IF(ISERROR(VLOOKUP(A33, 'Project Reference'!A:A, 1, FALSE)), 0, 1) -> 1 | S33: =IFERROR(__xludf.DUMMYFUNCTION("IF(AND(REGEXMATCH(D33, B33), REGEXMATCH(D33, C33)), 1, 0)"),1.0) -> 1 | T33: =IF(AND(YEAR(E33)>=2023, YEAR(E33)<=2024), 1, 0) -> 1 | U33: =IF(F33-E33>=3, 1, 0) -> 1 | V33: =IF(G33>10000000000, 0, 1) -> 1
A34: CN-0249-2023 | B34: Drainase | C34: Tomohon | D34: Perbaikan Drainase Tomohon | E34: 45124 | F34: 45421 | G34: 604130639 | I34: =IF(ISBLANK(A34)=TRUE,0,1) -> 1 | J34: =IF(ISBLANK(B34)=TRUE,0,1) -> 1 | K34: =IF(ISBLANK(C34)=TRUE,0,1) -> 1 | L34: =IF(ISBLANK(D34)=TRUE,0,1) -> 1 | M34: =IF(ISBLANK(E34)=TRUE,0,1) -> 1 | N34: =IF(ISBLANK(F34)=TRUE,0,1) -> 1 | O34: =IF(ISBLANK(G34)=TRUE,0,1) -> 1 | P34: =IF(ISBLANK(H34)=TRUE,0,1) -> 0 | Q34: =IF(COUNTIF(A:A, A34) > 1, 0, 1) -> 1 | R34: =IF(ISERROR(VLOOKUP(A34, 'Project Reference'!A:A, 1, FALSE)), 0, 1) -> 1 | S34: =IFERROR(__xludf.DUMMYFUNCTION("IF(AND(REGEXMATCH(D34, B34), REGEXMATCH(D34, C34)), 1, 0)"),1.0) -> 1 | T34: =IF(AND(YEAR(E34)>=2023, YEAR(E34)<=2024), 1, 0) -> 1 | U34: =IF(F34-E34>=3, 1, 0) -> 1 | V34: =IF(G34>10000000000, 0, 1) -> 1
A35: CN-0267-2023 | B35: Drainase | C35: Medan | D35: Perbaikan Drainase Medan | E35: 45130 | F35: 45277 | G35: 225164187 | I35: =IF(ISBLANK(A35)=TRUE,0,1) -> 1 | J35: =IF(ISBLANK(B35)=TRUE,0,1) -> 1 | K35: =IF(ISBLANK(C35)=TRUE,0,1) -> 1 | L35: =IF(ISBLANK(D35)=TRUE,0,1) -> 1 | M35: =IF(ISBLANK(E35)=TRUE,0,1) -> 1 | N35: =IF(ISBLANK(F35)=TRUE,0,1) -> 1 | O35: =IF(ISBLANK(G35)=TRUE,0,1) -> 1 | P35: =IF(ISBLANK(H35)=TRUE,0,1) -> 0 | Q35: =IF(COUNTIF(A:A, A35) > 1, 0, 1) -> 1 | R35: =IF(ISERROR(VLOOKUP(A35, 'Project Reference'!A:A, 1, FALSE)), 0, 1) -> 1 | S35: =IFERROR(__xludf.DUMMYFUNCTION("IF(AND(REGEXMATCH(D35, B35), REGEXMATCH(D35, C35)), 1, 0)"),1.0) -> 1 | T35: =IF(AND(YEAR(E35)>=2023, YEAR(E35)<=2024), 1, 0) -> 1 | U35: =IF(F35-E35>=3, 1, 0) -> 1 | V35: =IF(G35>10000000000, 0, 1) -> 1
A36: CN-0282-2023 | B36: Flyover | C36: Makassar | D36: Pembuatan Flyover Makassar | E36: 45138 | F36: 45260 | G36: 3767875960 | I36: =IF(ISBLANK(A36)=TRUE,0,1) -> 1 | J36: =IF(ISBLANK(B36)=TRUE,0,1) -> 1 | K36: =IF(ISBLANK(C36)=TRUE,0,1) -> 1 | L36: =IF(ISBLANK(D36)=TRUE,0,1) -> 1 | M36: =IF(ISBLANK(E36)=TRUE,0,1) -> 1 | N36: =IF(ISBLANK(F36)=TRUE,0,1) -> 1 | O36: =IF(ISBLANK(G36)=TRUE,0,1) -> 1 | P36: =IF(ISBLANK(H36)=TRUE,0,1) -> 0 | Q36: =IF(COUNTIF(A:A, A36) > 1, 0, 1) -> 1 | R36: =IF(ISERROR(VLOOKUP(A36, 'Project Reference'!A:A, 1, FALSE)), 0, 1) -> 1 | S36: =IFERROR(__xludf.DUMMYFUNCTION("IF(AND(REGEXMATCH(D36, B36), REGEXMATCH(D36, C36)), 1, 0)"),1.0) -> 1 | T36: =IF(AND(YEAR(E36)>=2023, YEAR(E36)<=2024), 1, 0) -> 1 | U36: =IF(F36-E36>=3, 1, 0) -> 1 | V36: =IF(G36>10000000000, 0, 1) -> 1
A37: CN-0289-2023 | B37: Flyover | C37: Jakarta | D37: Pembuatan Flyover Jakarta | E37: 45144 | F37: 45187 | G37: 4486128429 | I37: =IF(ISBLANK(A37)=TRUE,0,1) -> 1 | J37: =IF(ISBLANK(B37)=TRUE,0,1) -> 1 | K37: =IF(ISBLANK(C37)=TRUE,0,1) -> 1 | L37: =IF(ISBLANK(D37)=TRUE,0,1) -> 1 | M37: =IF(ISBLANK(E37)=TRUE,0,1) -> 1 | N37: =IF(ISBLANK(F37)=TRUE,0,1) -> 1 | O37: =IF(ISBLANK(G37)=TRUE,0,1) -> 1 | P37: =IF(ISBLANK(H37)=TRUE,0,1) -> 0 | Q37: =IF(COUNTIF(A:A, A37) > 1, 0, 1) -> 1 | R37: =IF(ISERROR(VLOOKUP(A37, 'Project Reference'!A:A, 1, FALSE)), 0, 1) -> 1 | S37: =IFERROR(__xludf.DUMMYFUNCTION("IF(AND(REGEXMATCH(D37, B37), REGEXMATCH(D37, C37)), 1, 0)"),1.0) -> 1 | T37: =IF(AND(YEAR(E37)>=2023, YEAR(E37)<=2024), 1, 0) -> 1 | U37: =IF(F37-E37>=3, 1, 0) -> 1 | V37: =IF(G37>10000000000, 0, 1) -> 1
A38: CN-0297-2023 | B38: Drainase | C38: Tomohon | D38: Perbaikan Drainase Tomohon | E38: 45154 | F38: 45341 | G38: 442886883 | I38: =IF(ISBLANK(A38)=TRUE,0,1) -> 1 | J38: =IF(ISBLANK(B38)=TRUE,0,1) -> 1 | K38: =IF(ISBLANK(C38)=TRUE,0,1) -> 1 | L38: =IF(ISBLANK(D38)=TRUE,0,1) -> 1 | M38: =IF(ISBLANK(E38)=TRUE,0,1) -> 1 | N38: =IF(ISBLANK(F38)=TRUE,0,1) -> 1 | O38: =IF(ISBLANK(G38)=TRUE,0,1) -> 1 | P38: =IF(ISBLANK(H38)=TRUE,0,1) -> 0 | Q38: =IF(COUNTIF(A:A, A38) > 1, 0, 1) -> 1 | R38: =IF(ISERROR(VLOOKUP(A38, 'Project Reference'!A:A, 1, FALSE)), 0, 1) -> 1 | S38: =IFERROR(__xludf.DUMMYFUNCTION("IF(AND(REGEXMATCH(D38, B38), REGEXMATCH(D38, C38)), 1, 0)"),1.0) -> 1 | T38: =IF(AND(YEAR(E38)>=2023, YEAR(E38)<=2024), 1, 0) -> 1 | U38: =IF(F38-E38>=3, 1, 0) -> 1 | V38: =IF(G38>10000000000, 0, 1) -> 1
A39: CN-0300-2023 | B39: Jalan Raya | C39: Medan | D39: Perbaikan Jalan Raya Medan | E39: 45157 | F39: 45305 | G39: 616245876 | I39: =IF(ISBLANK(A39)=TRUE,0,1) -> 1 | J39: =IF(ISBLANK(B39)=TRUE,0,1) -> 1 | K39: =IF(ISBLANK(C39)=TRUE,0,1) -> 1 | L39: =IF(ISBLANK(D39)=TRUE,0,1) -> 1 | M39: =IF(ISBLANK(E39)=TRUE,0,1) -> 1 | N39: =IF(ISBLANK(F39)=TRUE,0,1) -> 1 | O39: =IF(ISBLANK(G39)=TRUE,0,1) -> 1 | P39: =IF(ISBLANK(H39)=TRUE,0,1) -> 0 | Q39: =IF(COUNTIF(A:A, A39) > 1, 0, 1) -> 1 | R39: =IF(ISERROR(VLOOKUP(A39, 'Project Reference'!A:A, 1, FALSE)), 0, 1) -> 1 | S39: =IFERROR(__xludf.DUMMYFUNCTION("IF(AND(REGEXMATCH(D39, B39), REGEXMATCH(D39, C39)), 1, 0)"),1.0) -> 1 | T39: =IF(AND(YEAR(E39)>=2023, YEAR(E39)<=2024), 1, 0) -> 1 | U39: =IF(F39-E39>=3, 1, 0) -> 1 | V39: =IF(G39>10000000000, 0, 1) -> 1
A40: CN-0304-2023 | B40: Flyover | C40: Depok | D40: Perbaikan Flyover Depok | E40: 45160 | F40: 45415 | G40: 2178901994 | I40: =IF(ISBLANK(A40)=TRUE,0,1) -> 1 | J40: =IF(ISBLANK(B40)=TRUE,0,1) -> 1 | K40: =IF(ISBLANK(C40)=TRUE,0,1) -> 1 | L40: =IF(ISBLANK(D40)=TRUE,0,1) -> 1 | M40: =IF(ISBLANK(E40)=TRUE,0,1) -> 1 | N40: =IF(ISBLANK(F40)=TRUE,0,1) -> 1 | O40: =IF(ISBLANK(G40)=TRUE,0,1) -> 1 | P40: =IF(ISBLANK(H40)=TRUE,0,1) -> 0 | Q40: =IF(COUNTIF(A:A, A40) > 1, 0, 1) -> 1 | R40: =IF(ISERROR(VLOOKUP(A40, 'Project Reference'!A:A, 1, FALSE)), 0, 1) -> 1 | S40: =IFERROR(__xludf.DUMMYFUNCTION("IF(AND(REGEXMATCH(D40, B40), REGEXMATCH(D40, C40)), 1, 0)"),1.0) -> 1 | T40: =IF(AND(YEAR(E40)>=2023, YEAR(E40)<=2024), 1, 0) -> 1 | U40: =IF(F40-E40>=3, 1, 0) -> 1 | V40: =IF(G40>10000000000, 0, 1) -> 1
A41: CN-0305-2023 | B41: Gedung | C41: Bau-Bau | D41: Perbaikan Gedung Pemerintah Bau-Bau | E41: 45160 | F41: 45496 | G41: 4033563886 | I41: =IF(ISBLANK(A41)=TRUE,0,1) -> 1 | J41: =IF(ISBLANK(B41)=TRUE,0,1) -> 1 | K41: =IF(ISBLANK(C41)=TRUE,0,1) -> 1 | L41: =IF(ISBLANK(D41)=TRUE,0,1) -> 1 | M41: =IF(ISBLANK(E41)=TRUE,0,1) -> 1 | N41: =IF(ISBLANK(F41)=TRUE,0,1) -> 1 | O41: =IF(ISBLANK(G41)=TRUE,0,1) -> 1 | P41: =IF(ISBLANK(H41)=TRUE,0,1) -> 0 | Q41: =IF(COUNTIF(A:A, A41) > 1, 0, 1) -> 1 | R41: =IF(ISERROR(VLOOKUP(A41, 'Project Reference'!A:A, 1, FALSE)), 0, 1) -> 1 | S41: =IFERROR(__xludf.DUMMYFUNCTION("IF(AND(REGEXMATCH(D41, B41), REGEXMATCH(D41, C41)), 1, 0)"),1.0) -> 1 | T41: =IF(AND(YEAR(E41)>=2023, YEAR(E41)<=2024), 1, 0) -> 1 | U41: =IF(F41-E41>=3, 1, 0) -> 1 | V41: =IF(G41>10000000000, 0, 1) -> 1
A42: CN-0306-2023 | B42: Jembatan | C42: Depok | D42: Perbaikan Jembatan Depok | E42: 45160 | F42: 45197 | G42: 965725164 | I42: =IF(ISBLANK(A42)=TRUE,0,1) -> 1 | J42: =IF(ISBLANK(B42)=TRUE,0,1) -> 1 | K42: =IF(ISBLANK(C42)=TRUE,0,1) -> 1 | L42: =IF(ISBLANK(D42)=TRUE,0,1) -> 1 | M42: =IF(ISBLANK(E42)=TRUE,0,1) -> 1 | N42: =IF(ISBLANK(F42)=TRUE,0,1) -> 1 | O42: =IF(ISBLANK(G42)=TRUE,0,1) -> 1 | P42: =IF(ISBLANK(H42)=TRUE,0,1) -> 0 | Q42: =IF(COUNTIF(A:A, A42) > 1, 0, 1) -> 1 | R42: =IF(ISERROR(VLOOKUP(A42, 'Project Reference'!A:A, 1, FALSE)), 0, 1) -> 1 | S42: =IFERROR(__xludf.DUMMYFUNCTION("IF(AND(REGEXMATCH(D42, B42), REGEXMATCH(D42, C42)), 1, 0)"),1.0) -> 1 | T42: =IF(AND(YEAR(E42)>=2023, YEAR(E42)<=2024), 1, 0) -> 1 | U42: =IF(F42-E42>=3, 1, 0) -> 1 | V42: =IF(G42>10000000000, 0, 1) -> 1
A43: CN-0310-2023 | B43: Drainase | C43: Surabaya | D43: Perbaikan Drainase Surabaya | E43: 45162 | F43: 45254 | G43: 557418865 | I43: =IF(ISBLANK(A43)=TRUE,0,1) -> 1 | J43: =IF(ISBLANK(B43)=TRUE,0,1) -> 1 | K43: =IF(ISBLANK(C43)=TRUE,0,1) -> 1 | L43: =IF(ISBLANK(D43)=TRUE,0,1) -> 1 | M43: =IF(ISBLANK(E43)=TRUE,0,1) -> 1 | N43: =IF(ISBLANK(F43)=TRUE,0,1) -> 1 | O43: =IF(ISBLANK(G43)=TRUE,0,1) -> 1 | P43: =IF(ISBLANK(H43)=TRUE,0,1) -> 0 | Q43: =IF(COUNTIF(A:A, A43) > 1, 0, 1) -> 1 | R43: =IF(ISERROR(VLOOKUP(A43, 'Project Reference'!A:A, 1, FALSE)), 0, 1) -> 1 | S43: =IFERROR(__xludf.DUMMYFUNCTION("IF(AND(REGEXMATCH(D43, B43), REGEXMATCH(D43, C43)), 1, 0)"),1.0) -> 1 | T43: =IF(AND(YEAR(E43)>=2023, YEAR(E43)<=2024), 1, 0) -> 1 | U43: =IF(F43-E43>=3, 1, 0) -> 1 | V43: =IF(G43>10000000000, 0, 1) -> 1
A44: CN-0316-2023 | B44: Gedung | C44: Tomohon | D44: Perbaikan Gedung Pemerintah Tomohon | E44: 45168 | F44: 45530 | G44: 9891638971 | I44: =IF(ISBLANK(A44)=TRUE,0,1) -> 1 | J44: =IF(ISBLANK(B44)=TRUE,0,1) -> 1 | K44: =IF(ISBLANK(C44)=TRUE,0,1) -> 1 | L44: =IF(ISBLANK(D44)=TRUE,0,1) -> 1 | M44: =IF(ISBLANK(E44)=TRUE,0,1) -> 1 | N44: =IF(ISBLANK(F44)=TRUE,0,1) -> 1 | O44: =IF(ISBLANK(G44)=TRUE,0,1) -> 1 | P44: =IF(ISBLANK(H44)=TRUE,0,1) -> 0 | Q44: =IF(COUNTIF(A:A, A44) > 1, 0, 1) -> 1 | R44: =IF(ISERROR(VLOOKUP(A44, 'Project Reference'!A:A, 1, FALSE)), 0, 1) -> 1 | S44: =IFERROR(__xludf.DUMMYFUNCTION("IF(AND(REGEXMATCH(D44, B44), REGEXMATCH(D44, C44)), 1, 0)"),1.0) -> 1 | T44: =IF(AND(YEAR(E44)>=2023, YEAR(E44)<=2024), 1, 0) -> 1 | U44: =IF(F44-E44>=3, 1, 0) -> 1 | V44: =IF(G44>10000000000, 0, 1) -> 1
A45: CN-0324-2023 | B45: Flyover | C45: Bandung | D45: Perbaikan Flyover Bandung | E45: 45175 | F45: 45316 | G45: 2081376801 | I45: =IF(ISBLANK(A45)=TRUE,0,1) -> 1 | J45: =IF(ISBLANK(B45)=TRUE,0,1) -> 1 | K45: =IF(ISBLANK(C45)=TRUE,0,1) -> 1 | L45: =IF(ISBLANK(D45)=TRUE,0,1) -> 1 | M45: =IF(ISBLANK(E45)=TRUE,0,1) -> 1 | N45: =IF(ISBLANK(F45)=TRUE,0,1) -> 1 | O45: =IF(ISBLANK(G45)=TRUE,0,1) -> 1 | P45: =IF(ISBLANK(H45)=TRUE,0,1) -> 0 | Q45: =IF(COUNTIF(A:A, A45) > 1, 0, 1) -> 1 | R45: =IF(ISERROR(VLOOKUP(A45, 'Project Reference'!A:A, 1, FALSE)), 0, 1) -> 1 | S45: =IFERROR(__xludf.DUMMYFUNCTION("IF(AND(REGEXMATCH(D45, B45), REGEXMATCH(D45, C45)), 1, 0)"),1.0) -> 1 | T45: =IF(AND(YEAR(E45)>=2023, YEAR(E45)<=2024), 1, 0) -> 1 | U45: =IF(F45-E45>=3, 1, 0) -> 1 | V45: =IF(G45>10000000000, 0, 1) -> 1
A46: CN-0331-2023 | B46: Gedung | C46: Bau-Bau | D46: Perbaikan Gedung Pemerintah Bau-Bau | E46: 45180 | F46: 45270 | G46: 6721798052 | I46: =IF(ISBLANK(A46)=TRUE,0,1) -> 1 | J46: =IF(ISBLANK(B46)=TRUE,0,1) -> 1 | K46: =IF(ISBLANK(C46)=TRUE,0,1) -> 1 | L46: =IF(ISBLANK(D46)=TRUE,0,1) -> 1 | M46: =IF(ISBLANK(E46)=TRUE,0,1) -> 1 | N46: =IF(ISBLANK(F46)=TRUE,0,1) -> 1 | O46: =IF(ISBLANK(G46)=TRUE,0,1) -> 1 | P46: =IF(ISBLANK(H46)=TRUE,0,1) -> 0 | Q46: =IF(COUNTIF(A:A, A46) > 1, 0, 1) -> 1 | R46: =IF(ISERROR(VLOOKUP(A46, 'Project Reference'!A:A, 1, FALSE)), 0, 1) -> 1 | S46: =IFERROR(__xludf.DUMMYFUNCTION("IF(AND(REGEXMATCH(D46, B46), REGEXMATCH(D46, C46)), 1, 0)"),1.0) -> 1 | T46: =IF(AND(YEAR(E46)>=2023, YEAR(E46)<=2024), 1, 0) -> 1 | U46: =IF(F46-E46>=3, 1, 0) -> 1 | V46: =IF(G46>10000000000, 0, 1) -> 1
A47: CN-0358-2023 | B47: Gedung | C47: Tomohon | D47: Perbaikan Gedung Pemerintah Tomohon | E47: 45202 | F47: 45474 | G47: 1125747425 | I47: =IF(ISBLANK(A47)=TRUE,0,1) -> 1 | J47: =IF(ISBLANK(B47)=TRUE,0,1) -> 1 | K47: =IF(ISBLANK(C47)=TRUE,0,1) -> 1 | L47: =IF(ISBLANK(D47)=TRUE,0,1) -> 1 | M47: =IF(ISBLANK(E47)=TRUE,0,1) -> 1 | N47: =IF(ISBLANK(F47)=TRUE,0,1) -> 1 | O47: =IF(ISBLANK(G47)=TRUE,0,1) -> 1 | P47: =IF(ISBLANK(H47)=TRUE,0,1) -> 0 | Q47: =IF(COUNTIF(A:A, A47) > 1, 0, 1) -> 1 | R47: =IF(ISERROR(VLOOKUP(A47, 'Project Reference'!A:A, 1, FALSE)), 0, 1) -> 1 | S47: =IFERROR(__xludf.DUMMYFUNCTION("IF(AND(REGEXMATCH(D47, B47), REGEXMATCH(D47, C47)), 1, 0)"),1.0) -> 1 | T47: =IF(AND(YEAR(E47)>=2023, YEAR(E47)<=2024), 1, 0) -> 1 | U47: =IF(F47-E47>=3, 1, 0) -> 1 | V47: =IF(G47>10000000000, 0, 1) -> 1
A48: CN-0364-2023 | B48: Gedung | C48: Surabaya | D48: Perbaikan Gedung Pemerintah Surabaya | E48: 45205 | F48: 45463 | G48: 2556364237 | I48: =IF(ISBLANK(A48)=TRUE,0,1) -> 1 | J48: =IF(ISBLANK(B48)=TRUE,0,1) -> 1 | K48: =IF(ISBLANK(C48)=TRUE,0,1) -> 1 | L48: =IF(ISBLANK(D48)=TRUE,0,1) -> 1 | M48: =IF(ISBLANK(E48)=TRUE,0,1) -> 1 | N48: =IF(ISBLANK(F48)=TRUE,0,1) -> 1 | O48: =IF(ISBLANK(G48)=TRUE,0,1) -> 1 | P48: =IF(ISBLANK(H48)=TRUE,0,1) -> 0 | Q48: =IF(COUNTIF(A:A, A48) > 1, 0, 1) -> 1 | R48: =IF(ISERROR(VLOOKUP(A48, 'Project Reference'!A:A, 1, FALSE)), 0, 1) -> 1 | S48: =IFERROR(__xludf.DUMMYFUNCTION("IF(AND(REGEXMATCH(D48, B48), REGEXMATCH(D48, C48)), 1, 0)"),1.0) -> 1 | T48: =IF(AND(YEAR(E48)>=2023, YEAR(E48)<=2024), 1, 0) -> 1 | U48: =IF(F48-E48>=3, 1, 0) -> 1 | V48: =IF(G48>10000000000, 0, 1) -> 1
A49: CN-0366-2023 | B49: Jembatan | C49: Jakarta | D49: Perbaikan Jembatan Jakarta | E49: 45205 | F49: 45503 | G49: 3882607118 | I49: =IF(ISBLANK(A49)=TRUE,0,1) -> 1 | J49: =IF(ISBLANK(B49)=TRUE,0,1) -> 1 | K49: =IF(ISBLANK(C49)=TRUE,0,1) -> 1 | L49: =IF(ISBLANK(D49)=TRUE,0,1) -> 1 | M49: =IF(ISBLANK(E49)=TRUE,0,1) -> 1 | N49: =IF(ISBLANK(F49)=TRUE,0,1) -> 1 | O49: =IF(ISBLANK(G49)=TRUE,0,1) -> 1 | P49: =IF(ISBLANK(H49)=TRUE,0,1) -> 0 | Q49: =IF(COUNTIF(A:A, A49) > 1, 0, 1) -> 1 | R49: =IF(ISERROR(VLOOKUP(A49, 'Project Reference'!A:A, 1, FALSE)), 0, 1) -> 1 | S49: =IFERROR(__xludf.DUMMYFUNCTION("IF(AND(REGEXMATCH(D49, B49), REGEXMATCH(D49, C49)), 1, 0)"),1.0) -> 1 | T49: =IF(AND(YEAR(E49)>=2023, YEAR(E49)<=2024), 1, 0) -> 1 | U49: =IF(F49-E49>=3, 1, 0) -> 1 | V49: =IF(G49>10000000000, 0, 1) -> 1
A50: CN-0376-2023 | B50: Jembatan | C50: Tomohon | D50: Perbaikan Jembatan Tomohon | E50: 45211 | F50: 45297 | G50: 1204572808 | I50: =IF(ISBLANK(A50)=TRUE,0,1) -> 1 | J50: =IF(ISBLANK(B50)=TRUE,0,1) -> 1 | K50: =IF(ISBLANK(C50)=TRUE,0,1) -> 1 | L50: =IF(ISBLANK(D50)=TRUE,0,1) -> 1 | M50: =IF(ISBLANK(E50)=TRUE,0,1) -> 1 | N50: =IF(ISBLANK(F50)=TRUE,0,1) -> 1 | O50: =IF(ISBLANK(G50)=TRUE,0,1) -> 1 | P50: =IF(ISBLANK(H50)=TRUE,0,1) -> 0 | Q50: =IF(COUNTIF(A:A, A50) > 1, 0, 1) -> 1 | R50: =IF(ISERROR(VLOOKUP(A50, 'Project Reference'!A:A, 1, FALSE)), 0, 1) -> 1 | S50: =IFERROR(__xludf.DUMMYFUNCTION("IF(AND(REGEXMATCH(D50, B50), REGEXMATCH(D50, C50)), 1, 0)"),1.0) -> 1 | T50: =IF(AND(YEAR(E50)>=2023, YEAR(E50)<=2024), 1, 0) -> 1 | U50: =IF(F50-E50>=3, 1, 0) -> 1 | V50: =IF(G50>10000000000, 0, 1) -> 1
A51: CN-0378-2023 | B51: Gedung | C51: Jakarta | D51: Perbaikan Gedung Pemerintah Jakarta | E51: 45214 | F51: 45410 | G51: 5167811974 | I51: =IF(ISBLANK(A51)=TRUE,0,1) -> 1 | J51: =IF(ISBLANK(B51)=TRUE,0,1) -> 1 | K51: =IF(ISBLANK(C51)=TRUE,0,1) -> 1 | L51: =IF(ISBLANK(D51)=TRUE,0,1) -> 1 | M51: =IF(ISBLANK(E51)=TRUE,0,1) -> 1 | N51: =IF(ISBLANK(F51)=TRUE,0,1) -> 1 | O51: =IF(ISBLANK(G51)=TRUE,0,1) -> 1 | P51: =IF(ISBLANK(H51)=TRUE,0,1) -> 0 | Q51: =IF(COUNTIF(A:A, A51) > 1, 0, 1) -> 1 | R51: =IF(ISERROR(VLOOKUP(A51, 'Project Reference'!A:A, 1, FALSE)), 0, 1) -> 1 | S51: =IFERROR(__xludf.DUMMYFUNCTION("IF(AND(REGEXMATCH(D51, B51), REGEXMATCH(D51, C51)), 1, 0)"),1.0) -> 1 | T51: =IF(AND(YEAR(E51)>=2023, YEAR(E51)<=2024), 1, 0) -> 1 | U51: =IF(F51-E51>=3, 1, 0) -> 1 | V51: =IF(G51>10000000000, 0, 1) -> 1
A52: CN-0385-2023 | B52: Drainase | C52: Makassar | D52: Perbaikan Drainase Makassar | E52: 45223 | F52: 45586 | G52: 582067969 | I52: =IF(ISBLANK(A52)=TRUE,0,1) -> 1 | J52: =IF(ISBLANK(B52)=TRUE,0,1) -> 1 | K52: =IF(ISBLANK(C52)=TRUE,0,1) -> 1 | L52: =IF(ISBLANK(D52)=TRUE,0,1) -> 1 | M52: =IF(ISBLANK(E52)=TRUE,0,1) -> 1 | N52: =IF(ISBLANK(F52)=TRUE,0,1) -> 1 | O52: =IF(ISBLANK(G52)=TRUE,0,1) -> 1 | P52: =IF(ISBLANK(H52)=TRUE,0,1) -> 0 | Q52: =IF(COUNTIF(A:A, A52) > 1, 0, 1) -> 1 | R52: =IF(ISERROR(VLOOKUP(A52, 'Project Reference'!A:A, 1, FALSE)), 0, 1) -> 1 | S52: =IFERROR(__xludf.DUMMYFUNCTION("IF(AND(REGEXMATCH(D52, B52), REGEXMATCH(D52, C52)), 1, 0)"),1.0) -> 1 | T52: =IF(AND(YEAR(E52)>=2023, YEAR(E52)<=2024), 1, 0) -> 1 | U52: =IF(F52-E52>=3, 1, 0) -> 1 | V52: =IF(G52>10000000000, 0, 1) -> 1
A53: CN-0392-2023 | B53: Jalan Raya | C53: Medan | D53: Perbaikan Jalan Raya Medan | E53: 45228 | F53: 45583 | G53: 242272002 | I53: =IF(ISBLANK(A53)=TRUE,0,1) -> 1 | J53: =IF(ISBLANK(B53)=TRUE,0,1) -> 1 | K53: =IF(ISBLANK(C53)=TRUE,0,1) -> 1 | L53: =IF(ISBLANK(D53)=TRUE,0,1) -> 1 | M53: =IF(ISBLANK(E53)=TRUE,0,1) -> 1 | N53: =IF(ISBLANK(F53)=TRUE,0,1) -> 1 | O53: =IF(ISBLANK(G53)=TRUE,0,1) -> 1 | P53: =IF(ISBLANK(H53)=TRUE,0,1) -> 0 | Q53: =IF(COUNTIF(A:A, A53) > 1, 0, 1) -> 1 | R53: =IF(ISERROR(VLOOKUP(A53, 'Project Reference'!A:A, 1, FALSE)), 0, 1) -> 1 | S53: =IFERROR(__xludf.DUMMYFUNCTION("IF(AND(REGEXMATCH(D53, B53), REGEXMATCH(D53, C53)), 1, 0)"),1.0) -> 1 | T53: =IF(AND(YEAR(E53)>=2023, YEAR(E53)<=2024), 1, 0) -> 1 | U53: =IF(F53-E53>=3, 1, 0) -> 1 | V53: =IF(G53>10000000000, 0, 1) -> 1
A54: CN-0394-2023 | B54: Drainase | C54: Depok | D54: Perbaikan Drainase Depok | E54: 45229 | F54: 45334 | G54: 325400177 | I54: =IF(ISBLANK(A54)=TRUE,0,1) -> 1 | J54: =IF(ISBLANK(B54)=TRUE,0,1) -> 1 | K54: =IF(ISBLANK(C54)=TRUE,0,1) -> 1 | L54: =IF(ISBLANK(D54)=TRUE,0,1) -> 1 | M54: =IF(ISBLANK(E54)=TRUE,0,1) -> 1 | N54: =IF(ISBLANK(F54)=TRUE,0,1) -> 1 | O54: =IF(ISBLANK(G54)=TRUE,0,1) -> 1 | P54: =IF(ISBLANK(H54)=TRUE,0,1) -> 0 | Q54: =IF(COUNTIF(A:A, A54) > 1, 0, 1) -> 1 | R54: =IF(ISERROR(VLOOKUP(A54, 'Project Reference'!A:A, 1, FALSE)), 0, 1) -> 1 | S54: =IFERROR(__xludf.DUMMYFUNCTION("IF(AND(REGEXMATCH(D54, B54), REGEXMATCH(D54, C54)), 1, 0)"),1.0) -> 1 | T54: =IF(AND(YEAR(E54)>=2023, YEAR(E54)<=2024), 1, 0) -> 1 | U54: =IF(F54-E54>=3, 1, 0) -> 1 | V54: =IF(G54>10000000000, 0, 1) -> 1
A55: CN-0398-2023 | B55: Jembatan | C55: Makassar | D55: Perbaikan Jembatan Makassar | E55: 45231 | F55: 45434 | G55: 4913634320 | I55: =IF(ISBLANK(A55)=TRUE,0,1) -> 1 | J55: =IF(ISBLANK(B55)=TRUE,0,1) -> 1 | K55: =IF(ISBLANK(C55)=TRUE,0,1) -> 1 | L55: =IF(ISBLANK(D55)=TRUE,0,1) -> 1 | M55: =IF(ISBLANK(E55)=TRUE,0,1) -> 1 | N55: =IF(ISBLANK(F55)=TRUE,0,1) -> 1 | O55: =IF(ISBLANK(G55)=TRUE,0,1) -> 1 | P55: =IF(ISBLANK(H55)=TRUE,0,1) -> 0 | Q55: =IF(COUNTIF(A:A, A55) > 1, 0, 1) -> 1 | R55: =IF(ISERROR(VLOOKUP(A55, 'Project Reference'!A:A, 1, FALSE)), 0, 1) -> 1 | S55: =IFERROR(__xludf.DUMMYFUNCTION("IF(AND(REGEXMATCH(D55, B55), REGEXMATCH(D55, C55)), 1, 0)"),1.0) -> 1 | T55: =IF(AND(YEAR(E55)>=2023, YEAR(E55)<=2024), 1, 0) -> 1 | U55: =IF(F55-E55>=3, 1, 0) -> 1 | V55: =IF(G55>10000000000, 0, 1) -> 1
A56: CN-0408-2023 | B56: Jalan Raya | C56: Depok | D56: Perbaikan Jalan Raya Depok | E56: 45240 | F56: 45434 | G56: 545725479 | I56: =IF(ISBLANK(A56)=TRUE,0,1) -> 1 | J56: =IF(ISBLANK(B56)=TRUE,0,1) -> 1 | K56: =IF(ISBLANK(C56)=TRUE,0,1) -> 1 | L56: =IF(ISBLANK(D56)=TRUE,0,1) -> 1 | M56: =IF(ISBLANK(E56)=TRUE,0,1) -> 1 | N56: =IF(ISBLANK(F56)=TRUE,0,1) -> 1 | O56: =IF(ISBLANK(G56)=TRUE,0,1) -> 1 | P56: =IF(ISBLANK(H56)=TRUE,0,1) -> 0 | Q56: =IF(COUNTIF(A:A, A56) > 1, 0, 1) -> 1 | R56: =IF(ISERROR(VLOOKUP(A56, 'Project Reference'!A:A, 1, FALSE)), 0, 1) -> 1 | S56: =IFERROR(__xludf.DUMMYFUNCTION("IF(AND(REGEXMATCH(D56, B56), REGEXMATCH(D56, C56)), 1, 0)"),1.0) -> 1 | T56: =IF(AND(YEAR(E56)>=2023, YEAR(E56)<=2024), 1, 0) -> 1 | U56: =IF(F56-E56>=3, 1, 0) -> 1 | V56: =IF(G56>10000000000, 0, 1) -> 1
A57: CN-0409-2023 | B57: Flyover | C57: Jakarta | D57: Pembuatan Flyover Jakarta | E57: 45240 | F57: 45074 | G57: 4659030076 | I57: =IF(ISBLANK(A57)=TRUE,0,1) -> 1 | J57: =IF(ISBLANK(B57)=TRUE,0,1) -> 1 | K57: =IF(ISBLANK(C57)=TRUE,0,1) -> 1 | L57: =IF(ISBLANK(D57)=TRUE,0,1) -> 1 | M57: =IF(ISBLANK(E57)=TRUE,0,1) -> 1 | N57: =IF(ISBLANK(F57)=TRUE,0,1) -> 1 | O57: =IF(ISBLANK(G57)=TRUE,0,1) -> 1 | P57: =IF(ISBLANK(H57)=TRUE,0,1) -> 0 | Q57: =IF(COUNTIF(A:A, A57) > 1, 0, 1) -> 1 | R57: =IF(ISERROR(VLOOKUP(A57, 'Project Reference'!A:A, 1, FALSE)), 0, 1) -> 1 | S57: =IFERROR(__xludf.DUMMYFUNCTION("IF(AND(REGEXMATCH(D57, B57), REGEXMATCH(D57, C57)), 1, 0)"),1.0) -> 1 | T57: =IF(AND(YEAR(E57)>=2023, YEAR(E57)<=2024), 1, 0) -> 1 | U57: =IF(F57-E57>=3, 1, 0) -> 0 | V57: =IF(G57>10000000000, 0, 1) -> 1
A58: CN-0410-2023 | B58: Jembatan | C58: Depok | D58: Perbaikan Jembatan Depok | E58: 45240 | F58: 45466 | G58: 2661560994 | I58: =IF(ISBLANK(A58)=TRUE,0,1) -> 1 | J58: =IF(ISBLANK(B58)=TRUE,0,1) -> 1 | K58: =IF(ISBLANK(C58)=TRUE,0,1) -> 1 | L58: =IF(ISBLANK(D58)=TRUE,0,1) -> 1 | M58: =IF(ISBLANK(E58)=TRUE,0,1) -> 1 | N58: =IF(ISBLANK(F58)=TRUE,0,1) -> 1 | O58: =IF(ISBLANK(G58)=TRUE,0,1) -> 1 | P58: =IF(ISBLANK(H58)=TRUE,0,1) -> 0 | Q58: =IF(COUNTIF(A:A, A58) > 1, 0, 1) -> 1 | R58: =IF(ISERROR(VLOOKUP(A58, 'Project Reference'!A:A, 1, FALSE)), 0, 1) -> 1 | S58: =IFERROR(__xludf.DUMMYFUNCTION("IF(AND(REGEXMATCH(D58, B58), REGEXMATCH(D58, C58)), 1, 0)"),1.0) -> 1 | T58: =IF(AND(YEAR(E58)>=2023, YEAR(E58)<=2024), 1, 0) -> 1 | U58: =IF(F58-E58>=3, 1, 0) -> 1 | V58: =IF(G58>10000000000, 0, 1) -> 1
A59: CN-0420-2023 | B59: Jembatan | C59: Bau-Bau | D59: Perbaikan Jembatan Bau-Bau | E59: 45245 | F59: 45532 | G59: 1941923313 | I59: =IF(ISBLANK(A59)=TRUE,0,1) -> 1 | J59: =IF(ISBLANK(B59)=TRUE,0,1) -> 1 | K59: =IF(ISBLANK(C59)=TRUE,0,1) -> 1 | L59: =IF(ISBLANK(D59)=TRUE,0,1) -> 1 | M59: =IF(ISBLANK(E59)=TRUE,0,1) -> 1 | N59: =IF(ISBLANK(F59)=TRUE,0,1) -> 1 | O59: =IF(ISBLANK(G59)=TRUE,0,1) -> 1 | P59: =IF(ISBLANK(H59)=TRUE,0,1) -> 0 | Q59: =IF(COUNTIF(A:A, A59) > 1, 0, 1) -> 1 | R59: =IF(ISERROR(VLOOKUP(A59, 'Project Reference'!A:A, 1, FALSE)), 0, 1) -> 1 | S59: =IFERROR(__xludf.DUMMYFUNCTION("IF(AND(REGEXMATCH(D59, B59), REGEXMATCH(D59, C59)), 1, 0)"),1.0) -> 1 | T59: =IF(AND(YEAR(E59)>=2023, YEAR(E59)<=2024), 1, 0) -> 1 | U59: =IF(F59-E59>=3, 1, 0) -> 1 | V59: =IF(G59>10000000000, 0, 1) -> 1
A60: CN-0421-2023 | B60: Jembatan | C60: Surabaya | D60: Pembuatan Jembatan Surabaya | E60: 45245 | F60: 45333 | G60: 1897092669 | I60: =IF(ISBLANK(A60)=TRUE,0,1) -> 1 | J60: =IF(ISBLANK(B60)=TRUE,0,1) -> 1 | K60: =IF(ISBLANK(C60)=TRUE,0,1) -> 1 | L60: =IF(ISBLANK(D60)=TRUE,0,1) -> 1 | M60: =IF(ISBLANK(E60)=TRUE,0,1) -> 1 | N60: =IF(ISBLANK(F60)=TRUE,0,1) -> 1 | O60: =IF(ISBLANK(G60)=TRUE,0,1) -> 1 | P60: =IF(ISBLANK(H60)=TRUE,0,1) -> 0 | Q60: =IF(COUNTIF(A:A, A60) > 1, 0, 1) -> 1 | R60: =IF(ISERROR(VLOOKUP(A60, 'Project Reference'!A:A, 1, FALSE)), 0, 1) -> 1 | S60: =IFERROR(__xludf.DUMMYFUNCTION("IF(AND(REGEXMATCH(D60, B60), REGEXMATCH(D60, C60)), 1, 0)"),1.0) -> 1 | T60: =IF(AND(YEAR(E60)>=2023, YEAR(E60)<=2024), 1, 0) -> 1 | U60: =IF(F60-E60>=3, 1, 0) -> 1 | V60: =IF(G60>10000000000, 0, 1) -> 1
A61: CN-0422-2023 | B61: Flyover | C61: Jakarta | D61: Pembuatan Flyover Jakarta | E61: 45245 | F61: 45348 | G61: 2304818789 | I61: =IF(ISBLANK(A61)=TRUE,0,1) -> 1 | J61: =IF(ISBLANK(B61)=TRUE,0,1) -> 1 | K61: =IF(ISBLANK(C61)=TRUE,0,1) -> 1 | L61: =IF(ISBLANK(D61)=TRUE,0,1) -> 1 | M61: =IF(ISBLANK(E61)=TRUE,0,1) -> 1 | N61: =IF(ISBLANK(F61)=TRUE,0,1) -> 1 | O61: =IF(ISBLANK(G61)=TRUE,0,1) -> 1 | P61: =IF(ISBLANK(H61)=TRUE,0,1) -> 0 | Q61: =IF(COUNTIF(A:A, A61) > 1, 0, 1) -> 1 | R61: =IF(ISERROR(VLOOKUP(A61, 'Project Reference'!A:A, 1, FALSE)), 0, 1) -> 1 | S61: =IFERROR(__xludf.DUMMYFUNCTION("IF(AND(REGEXMATCH(D61, B61), REGEXMATCH(D61, C61)), 1, 0)"),1.0) -> 1 | T61: =IF(AND(YEAR(E61)>=2023, YEAR(E61)<=2024), 1, 0) -> 1 | U61: =IF(F61-E61>=3, 1, 0) -> 1 | V61: =IF(G61>10000000000, 0, 1) -> 1
A62: CN-0434-2023 | B62: Gedung | C62: Surabaya | D62: Perbaikan Gedung Pemerintah Surabaya | E62: 45253 | F62: 45512 | G62: 4458001292 | I62: =IF(ISBLANK(A62)=TRUE,0,1) -> 1 | J62: =IF(ISBLANK(B62)=TRUE,0,1) -> 1 | K62: =IF(ISBLANK(C62)=TRUE,0,1) -> 1 | L62: =IF(ISBLANK(D62)=TRUE,0,1) -> 1 | M62: =IF(ISBLANK(E62)=TRUE,0,1) -> 1 | N62: =IF(ISBLANK(F62)=TRUE,0,1) -> 1 | O62: =IF(ISBLANK(G62)=TRUE,0,1) -> 1 | P62: =IF(ISBLANK(H62)=TRUE,0,1) -> 0 | Q62: =IF(COUNTIF(A:A, A62) > 1, 0, 1) -> 1 | R62: =IF(ISERROR(VLOOKUP(A62, 'Project Reference'!A:A, 1, FALSE)), 0, 1) -> 1 | S62: =IFERROR(__xludf.DUMMYFUNCTION("IF(AND(REGEXMATCH(D62, B62), REGEXMATCH(D62, C62)), 1, 0)"),1.0) -> 1 | T62: =IF(AND(YEAR(E62)>=2023, YEAR(E62)<=2024), 1, 0) -> 1 | U62: =IF(F62-E62>=3, 1, 0) -> 1 | V62: =IF(G62>10000000000, 0, 1) -> 1
A63: CN-0435-2023 | B63: Jembatan | C63: Makassar | D63: Perbaikan Jembatan Makassar | E63: 45254 | F63: 45331 | G63: 6553637483 | I63: =IF(ISBLANK(A63)=TRUE,0,1) -> 1 | J63: =IF(ISBLANK(B63)=TRUE,0,1) -> 1 | K63: =IF(ISBLANK(C63)=TRUE,0,1) -> 1 | L63: =IF(ISBLANK(D63)=TRUE,0,1) -> 1 | M63: =IF(ISBLANK(E63)=TRUE,0,1) -> 1 | N63: =IF(ISBLANK(F63)=TRUE,0,1) -> 1 | O63: =IF(ISBLANK(G63)=TRUE,0,1) -> 1 | P63: =IF(ISBLANK(H63)=TRUE,0,1) -> 0 | Q63: =IF(COUNTIF(A:A, A63) > 1, 0, 1) -> 1 | R63: =IF(ISERROR(VLOOKUP(A63, 'Project Reference'!A:A, 1, FALSE)), 0, 1) -> 1 | S63: =IFERROR(__xludf.DUMMYFUNCTION("IF(AND(REGEXMATCH(D63, B63), REGEXMATCH(D63, C63)), 1, 0)"),1.0) -> 1 | T63: =IF(AND(YEAR(E63)>=2023, YEAR(E63)<=2024), 1, 0) -> 1 | U63: =IF(F63-E63>=3, 1, 0) -> 1 | V63: =IF(G63>10000000000, 0, 1) -> 1
A64: CN-0437-2023 | B64: Jembatan | C64: Makassar | D64: Perbaikan Jembatan Makassar | E64: 45255 | F64: 45461 | G64: 2266697296 | I64: =IF(ISBLANK(A64)=TRUE,0,1) -> 1 | J64: =IF(ISBLANK(B64)=TRUE,0,1) -> 1 | K64: =IF(ISBLANK(C64)=TRUE,0,1) -> 1 | L64: =IF(ISBLANK(D64)=TRUE,0,1) -> 1 | M64: =IF(ISBLANK(E64)=TRUE,0,1) -> 1 | N64: =IF(ISBLANK(F64)=TRUE,0,1) -> 1 | O64: =IF(ISBLANK(G64)=TRUE,0,1) -> 1 | P64: =IF(ISBLANK(H64)=TRUE,0,1) -> 0 | Q64: =IF(COUNTIF(A:A, A64) > 1, 0, 1) -> 1 | R64: =IF(ISERROR(VLOOKUP(A64, 'Project Reference'!A:A, 1, FALSE)), 0, 1) -> 1 | S64: =IFERROR(__xludf.DUMMYFUNCTION("IF(AND(REGEXMATCH(D64, B64), REGEXMATCH(D64, C64)), 1, 0)"),1.0) -> 1 | T64: =IF(AND(YEAR(E64)>=2023, YEAR(E64)<=2024), 1, 0) -> 1 | U64: =IF(F64-E64>=3, 1, 0) -> 1 | V64: =IF(G64>10000000000, 0, 1) -> 1
A65: CN-0443-2023 | B65: Gedung | C65: Surabaya | D65: Perbaikan Gedung Pemerintah Surabaya | E65: 45260 | F65: 45384 | G65: 3580995628 | I65: =IF(ISBLANK(A65)=TRUE,0,1) -> 1 | J65: =IF(ISBLANK(B65)=TRUE,0,1) -> 1 | K65: =IF(ISBLANK(C65)=TRUE,0,1) -> 1 | L65: =IF(ISBLANK(D65)=TRUE,0,1) -> 1 | M65: =IF(ISBLANK(E65)=TRUE,0,1) -> 1 | N65: =IF(ISBLANK(F65)=TRUE,0,1) -> 1 | O65: =IF(ISBLANK(G65)=TRUE,0,1) -> 1 | P65: =IF(ISBLANK(H65)=TRUE,0,1) -> 0 | Q65: =IF(COUNTIF(A:A, A65) > 1, 0, 1) -> 1 | R65: =IF(ISERROR(VLOOKUP(A65, 'Project Reference'!A:A, 1, FALSE)), 0, 1) -> 1 | S65: =IFERROR(__xludf.DUMMYFUNCTION("IF(AND(REGEXMATCH(D65, B65), REGEXMATCH(D65, C65)), 1, 0)"),1.0) -> 1 | T65: =IF(AND(YEAR(E65)>=2023, YEAR(E65)<=2024), 1, 0) -> 1 | U65: =IF(F65-E65>=3, 1, 0) -> 1 | V65: =IF(G65>10000000000, 0, 1) -> 1
A66: CN-0461-2023 | B66: Drainase | C66: Jakarta | D66: Perbaikan Drainase Jakarta | E66: 45273 | F66: 45524 | G66: 740887892 | I66: =IF(ISBLANK(A66)=TRUE,0,1) -> 1 | J66: =IF(ISBLANK(B66)=TRUE,0,1) -> 1 | K66: =IF(ISBLANK(C66)=TRUE,0,1) -> 1 | L66: =IF(ISBLANK(D66)=TRUE,0,1) -> 1 | M66: =IF(ISBLANK(E66)=TRUE,0,1) -> 1 | N66: =IF(ISBLANK(F66)=TRUE,0,1) -> 1 | O66: =IF(ISBLANK(G66)=TRUE,0,1) -> 1 | P66: =IF(ISBLANK(H66)=TRUE,0,1) -> 0 | Q66: =IF(COUNTIF(A:A, A66) > 1, 0, 1) -> 1 | R66: =IF(ISERROR(VLOOKUP(A66, 'Project Reference'!A:A, 1, FALSE)), 0, 1) -> 1 | S66: =IFERROR(__xludf.DUMMYFUNCTION("IF(AND(REGEXMATCH(D66, B66), REGEXMATCH(D66, C66)), 1, 0)"),1.0) -> 1 | T66: =IF(AND(YEAR(E66)>=2023, YEAR(E66)<=2024), 1, 0) -> 1 | U66: =IF(F66-E66>=3, 1, 0) -> 1 | V66: =IF(G66>10000000000, 0, 1) -> 1
A67: CN-0462-2023 | B67: Flyover | C67: Depok | D67: Pembuatan Flyover Depok | E67: 45278 | F67: 45634 | G67: 3502390822 | I67: =IF(ISBLANK(A67)=TRUE,0,1) -> 1 | J67: =IF(ISBLANK(B67)=TRUE,0,1) -> 1 | K67: =IF(ISBLANK(C67)=TRUE,0,1) -> 1 | L67: =IF(ISBLANK(D67)=TRUE,0,1) -> 1 | M67: =IF(ISBLANK(E67)=TRUE,0,1) -> 1 | N67: =IF(ISBLANK(F67)=TRUE,0,1) -> 1 | O67: =IF(ISBLANK(G67)=TRUE,0,1) -> 1 | P67: =IF(ISBLANK(H67)=TRUE,0,1) -> 0 | Q67: =IF(COUNTIF(A:A, A67) > 1, 0, 1) -> 1 | R67: =IF(ISERROR(VLOOKUP(A67, 'Project Reference'!A:A, 1, FALSE)), 0, 1) -> 1 | S67: =IFERROR(__xludf.DUMMYFUNCTION("IF(AND(REGEXMATCH(D67, B67), REGEXMATCH(D67, C67)), 1, 0)"),1.0) -> 1 | T67: =IF(AND(YEAR(E67)>=2023, YEAR(E67)<=2024), 1, 0) -> 1 | U67: =IF(F67-E67>=3, 1, 0) -> 1 | V67: =IF(G67>10000000000, 0, 1) -> 1
A68: CN-0469-2023 | B68: Jalan Raya | C68: Surabaya | D68: Perbaikan Jalan Raya Surabaya | E68: 45285 | F68: 45318 | G68: 407605972 | I68: =IF(ISBLANK(A68)=TRUE,0,1) -> 1 | J68: =IF(ISBLANK(B68)=TRUE,0,1) -> 1 | K68: =IF(ISBLANK(C68)=TRUE,0,1) -> 1 | L68: =IF(ISBLANK(D68)=TRUE,0,1) -> 1 | M68: =IF(ISBLANK(E68)=TRUE,0,1) -> 1 | N68: =IF(ISBLANK(F68)=TRUE,0,1) -> 1 | O68: =IF(ISBLANK(G68)=TRUE,0,1) -> 1 | P68: =IF(ISBLANK(H68)=TRUE,0,1) -> 0 | Q68: =IF(COUNTIF(A:A, A68) > 1, 0, 1) -> 1 | R68: =IF(ISERROR(VLOOKUP(A68, 'Project Reference'!A:A, 1, FALSE)), 0, 1) -> 1 | S68: =IFERROR(__xludf.DUMMYFUNCTION("IF(AND(REGEXMATCH(D68, B68), REGEXMATCH(D68, C68)), 1, 0)"),1.0) -> 1 | T68: =IF(AND(YEAR(E68)>=2023, YEAR(E68)<=2024), 1, 0) -> 1 | U68: =IF(F68-E68>=3, 1, 0) -> 1 | V68: =IF(G68>10000000000, 0, 1) -> 1
A69: CN-0475-2023 | B69: Gedung | C69: Depok | D69: Perbaikan Gedung Pemerintah Depok | E69: 45287 | F69: 45343 | G69: 4101514487 | I69: =IF(ISBLANK(A69)=TRUE,0,1) -> 1 | J69: =IF(ISBLANK(B69)=TRUE,0,1) -> 1 | K69: =IF(ISBLANK(C69)=TRUE,0,1) -> 1 | L69: =IF(ISBLANK(D69)=TRUE,0,1) -> 1 | M69: =IF(ISBLANK(E69)=TRUE,0,1) -> 1 | N69: =IF(ISBLANK(F69)=TRUE,0,1) -> 1 | O69: =IF(ISBLANK(G69)=TRUE,0,1) -> 1 | P69: =IF(ISBLANK(H69)=TRUE,0,1) -> 0 | Q69: =IF(COUNTIF(A:A, A69) > 1, 0, 1) -> 1 | R69: =IF(ISERROR(VLOOKUP(A69, 'Project Reference'!A:A, 1, FALSE)), 0, 1) -> 1 | S69: =IFERROR(__xludf.DUMMYFUNCTION("IF(AND(REGEXMATCH(D69, B69), REGEXMATCH(D69, C69)), 1, 0)"),1.0) -> 1 | T69: =IF(AND(YEAR(E69)>=2023, YEAR(E69)<=2024), 1, 0) -> 1 | U69: =IF(F69-E69>=3, 1, 0) -> 1 | V69: =IF(G69>10000000000, 0, 1) -> 1
A70: CN-0001-2023 | B70: Drainase | C70: Bandung | D70: Perbaikan Drainase Bandung | E70: 44927 | F70: 44994 | G70: 649208256 | H70: PT. Lailasari Hariyah (Persero) Tbk | I70: =IF(ISBLANK(A70)=TRUE,0,1) -> 1 | J70: =IF(ISBLANK(B70)=TRUE,0,1) -> 1 | K70: =IF(ISBLANK(C70)=TRUE,0,1) -> 1 | L70: =IF(ISBLANK(D70)=TRUE,0,1) -> 1 | M70: =IF(ISBLANK(E70)=TRUE,0,1) -> 1 | N70: =IF(ISBLANK(F70)=TRUE,0,1) -> 1 | O70: =IF(ISBLANK(G70)=TRUE,0,1) -> 1 | P70: =IF(ISBLANK(H70)=TRUE,0,1) -> 1 | Q70: =IF(COUNTIF(A:A, A70) > 1, 0, 1) -> 1 | R70: =IF(ISERROR(VLOOKUP(A70, 'Project Reference'!A:A, 1, FALSE)), 0, 1) -> 1 | S70: =IFERROR(__xludf.DUMMYFUNCTION("IF(AND(REGEXMATCH(D70, B70), REGEXMATCH(D70, C70)), 1, 0)"),1.0) -> 1 | T70: =IF(AND(YEAR(E70)>=2023, YEAR(E70)<=2024), 1, 0) -> 1 | U70: =IF(F70-E70>=3, 1, 0) -> 1 | V70: =IF(G70>10000000000, 0, 1) -> 1
A71: CN-0001-2024 | B71: Drainase | C71: Surabaya | D71: Perbaikan Drainase Surabaya | E71: 45319 | F71: 45323 | G71: 326999652 | H71: CV Sihombing | I71: =IF(ISBLANK(A71)=TRUE,0,1) -> 1 | J71: =IF(ISBLANK(B71)=TRUE,0,1) -> 1 | K71: =IF(ISBLANK(C71)=TRUE,0,1) -> 1 | L71: =IF(ISBLANK(D71)=TRUE,0,1) -> 1 | M71: =IF(ISBLANK(E71)=TRUE,0,1) -> 1 | N71: =IF(ISBLANK(F71)=TRUE,0,1) -> 1 | O71: =IF(ISBLANK(G71)=TRUE,0,1) -> 1 | P71: =IF(ISBLANK(H71)=TRUE,0,1) -> 1 | Q71: =IF(COUNTIF(A:A, A71) > 1, 0, 1) -> 1 | R71: =IF(ISERROR(VLOOKUP(A71, 'Project Reference'!A:A, 1, FALSE)), 0, 1) -> 1 | S71: =IFERROR(__xludf.DUMMYFUNCTION("IF(AND(REGEXMATCH(D71, B71), REGEXMATCH(D71, C71)), 1, 0)"),1.0) -> 1 | T71: =IF(AND(YEAR(E71)>=2023, YEAR(E71)<=2024), 1, 0) -> 1 | U71: =IF(F71-E71>=3, 1, 0) -> 1 | V71: =IF(G71>10000000000, 0, 1) -> 1
A72: CN-0002-2023 | B72: Flyover | C72: Depok | D72: Pembuatan Flyover Depok | E72: 44927 | F72: 45062 | G72: 3474309188 | H72: CV Sihombing | I72: =IF(ISBLANK(A72)=TRUE,0,1) -> 1 | J72: =IF(ISBLANK(B72)=TRUE,0,1) -> 1 | K72: =IF(ISBLANK(C72)=TRUE,0,1) -> 1 | L72: =IF(ISBLANK(D72)=TRUE,0,1) -> 1 | M72: =IF(ISBLANK(E72)=TRUE,0,1) -> 1 | N72: =IF(ISBLANK(F72)=TRUE,0,1) -> 1 | O72: =IF(ISBLANK(G72)=TRUE,0,1) -> 1 | P72: =IF(ISBLANK(H72)=TRUE,0,1) -> 1 | Q72: =IF(COUNTIF(A:A, A72) > 1, 0, 1) -> 1 | R72: =IF(ISERROR(VLOOKUP(A72, 'Project Reference'!A:A, 1, FALSE)), 0, 1) -> 1 | S72: =IFERROR(__xludf.DUMMYFUNCTION("IF(AND(REGEXMATCH(D72, B72), REGEXMATCH(D72, C72)), 1, 0)"),1.0) -> 1 | T72: =IF(AND(YEAR(E72)>=2023, YEAR(E72)<=2024), 1, 0) -> 1 | U72: =IF(F72-E72>=3, 1, 0) -> 1 | V72: =IF(G72>10000000000, 0, 1) -> 1
A73: CN-0002-2024 | B73: Gedung | C73: Jakarta | D73: Perbaikan Gedung Pemerintah Jakarta | E73: 45320 | F73: 45336 | G73: 8587951510 | H73: CV Sihombing | I73: =IF(ISBLANK(A73)=TRUE,0,1) -> 1 | J73: =IF(ISBLANK(B73)=TRUE,0,1) -> 1 | K73: =IF(ISBLANK(C73)=TRUE,0,1) -> 1 | L73: =IF(ISBLANK(D73)=TRUE,0,1) -> 1 | M73: =IF(ISBLANK(E73)=TRUE,0,1) -> 1 | N73: =IF(ISBLANK(F73)=TRUE,0,1) -> 1 | O73: =IF(ISBLANK(G73)=TRUE,0,1) -> 1 | P73: =IF(ISBLANK(H73)=TRUE,0,1) -> 1 | Q73: =IF(COUNTIF(A:A, A73) > 1, 0, 1) -> 1 | R73: =IF(ISERROR(VLOOKUP(A73, 'Project Reference'!A:A, 1, FALSE)), 0, 1) -> 1 | S73: =IFERROR(__xludf.DUMMYFUNCTION("IF(AND(REGEXMATCH(D73, B73), REGEXMATCH(D73, C73)), 1, 0)"),1.0) -> 1 | T73: =IF(AND(YEAR(E73)>=2023, YEAR(E73)<=2024), 1, 0) -> 1 | U73: =IF(F73-E73>=3, 1, 0) -> 1 | V73: =IF(G73>10000000000, 0, 1) -> 1
A74: CN-0003-2024 | B74: Gedung | C74: Tomohon | D74: Perbaikan Gedung Pemerintah Tomohon | E74: 45323 | F74: 45343 | G74: 8016851785 | H74: PT. Yuniar Hakim Tbk | I74: =IF(ISBLANK(A74)=TRUE,0,1) -> 1 | J74: =IF(ISBLANK(B74)=TRUE,0,1) -> 1 | K74: =IF(ISBLANK(C74)=TRUE,0,1) -> 1 | L74: =IF(ISBLANK(D74)=TRUE,0,1) -> 1 | M74: =IF(ISBLANK(E74)=TRUE,0,1) -> 1 | N74: =IF(ISBLANK(F74)=TRUE,0,1) -> 1 | O74: =IF(ISBLANK(G74)=TRUE,0,1) -> 1 | P74: =IF(ISBLANK(H74)=TRUE,0,1) -> 1 | Q74: =IF(COUNTIF(A:A, A74) > 1, 0, 1) -> 1 | R74: =IF(ISERROR(VLOOKUP(A74, 'Project Reference'!A:A, 1, FALSE)), 0, 1) -> 1 | S74: =IFERROR(__xludf.DUMMYFUNCTION("IF(AND(REGEXMATCH(D74, B74), REGEXMATCH(D74, C74)), 1, 0)"),1.0) -> 1 | T74: =IF(AND(YEAR(E74)>=2023, YEAR(E74)<=2024), 1, 0) -> 1 | U74: =IF(F74-E74>=3, 1, 0) -> 1 | V74: =IF(G74>10000000000, 0, 1) -> 1
A75: CN-0004-2023 | B75: Flyover | C75: Tomohon | D75: Pembuatan Flyover Tomohon | E75: 44928 | F75: 45006 | G75: 3979021821 | H75: PT D | I75: =IF(ISBLANK(A75)=TRUE,0,1) -> 1 | J75: =IF(ISBLANK(B75)=TRUE,0,1) -> 1 | K75: =IF(ISBLANK(C75)=TRUE,0,1) -> 1 | L75: =IF(ISBLANK(D75)=TRUE,0,1) -> 1 | M75: =IF(ISBLANK(E75)=TRUE,0,1) -> 1 | N75: =IF(ISBLANK(F75)=TRUE,0,1) -> 1 | O75: =IF(ISBLANK(G75)=TRUE,0,1) -> 1 | P75: =IF(ISBLANK(H75)=TRUE,0,1) -> 1 | Q75: =IF(COUNTIF(A:A, A75) > 1, 0, 1) -> 1 | R75: =IF(ISERROR(VLOOKUP(A75, 'Project Reference'!A:A, 1, FALSE)), 0, 1) -> 1 | S75: =IFERROR(__xludf.DUMMYFUNCTION("IF(AND(REGEXMATCH(D75, B75), REGEXMATCH(D75, C75)), 1, 0)"),1.0) -> 1 | T75: =IF(AND(YEAR(E75)>=2023, YEAR(E75)<=2024), 1, 0) -> 1 | U75: =IF(F75-E75>=3, 1, 0) -> 1 | V75: =IF(G75>10000000000, 0, 1) -> 1
A76: CN-0004-2024 | B76: Gedung | C76: Jakarta | D76: Perbaikan Gedung Pemerintah Jakarta | E76: 45325 | F76: 45342 | G76: 2153093275 | H76: PT. Yuniar Hakim Tbk | I76: =IF(ISBLANK(A76)=TRUE,0,1) -> 1 | J76: =IF(ISBLANK(B76)=TRUE,0,1) -> 1 | K76: =IF(ISBLANK(C76)=TRUE,0,1) -> 1 | L76: =IF(ISBLANK(D76)=TRUE,0,1) -> 1 | M76: =IF(ISBLANK(E76)=TRUE,0,1) -> 1 | N76: =IF(ISBLANK(F76)=TRUE,0,1) -> 1 | O76: =IF(ISBLANK(G76)=TRUE,0,1) -> 1 | P76: =IF(ISBLANK(H76)=TRUE,0,1) -> 1 | Q76: =IF(COUNTIF(A:A, A76) > 1, 0, 1) -> 1 | R76: =IF(ISERROR(VLOOKUP(A76, 'Project Reference'!A:A, 1, FALSE)), 0, 1) -> 1 | S76: =IFERROR(__xludf.DUMMYFUNCTION("IF(AND(REGEXMATCH(D76, B76), REGEXMATCH(D76, C76)), 1, 0)"),1.0) -> 1 | T76: =IF(AND(YEAR(E76)>=2023, YEAR(E76)<=2024), 1, 0) -> 1 | U76: =IF(F76-E76>=3, 1, 0) -> 1 | V76: =IF(G76>10000000000, 0, 1) -> 1
A77: CN-0005-2023 | B77: Drainase | C77: Jakarta | D77: Perbaikan Drainase Jakarta | E77: 44928 | F77: 45271 | G77: 683556997 | H77: PT A | I77: =IF(ISBLANK(A77)=TRUE,0,1) -> 1 | J77: =IF(ISBLANK(B77)=TRUE,0,1) -> 1 | K77: =IF(ISBLANK(C77)=TRUE,0,1) -> 1 | L77: =IF(ISBLANK(D77)=TRUE,0,1) -> 1 | M77: =IF(ISBLANK(E77)=TRUE,0,1) -> 1 | N77: =IF(ISBLANK(F77)=TRUE,0,1) -> 1 | O77: =IF(ISBLANK(G77)=TRUE,0,1) -> 1 | P77: =IF(ISBLANK(H77)=TRUE,0,1) -> 1 | Q77: =IF(COUNTIF(A:A, A77) > 1, 0, 1) -> 1 | R77: =IF(ISERROR(VLOOKUP(A77, 'Project Reference'!A:A, 1, FALSE)), 0, 1) -> 1 | S77: =IFERROR(__xludf.DUMMYFUNCTION("IF(AND(REGEXMATCH(D77, B77), REGEXMATCH(D77, C77)), 1, 0)"),1.0) -> 1 | T77: =IF(AND(YEAR(E77)>=2023, YEAR(E77)<=2024), 1, 0) -> 1 | U77: =IF(F77-E77>=3, 1, 0) -> 1 | V77: =IF(G77>10000000000, 0, 1) -> 1
A78: CN-0005-2024 | B78: Jembatan | C78: Bau-Bau | D78: Perbaikan Jembatan Bau-Bau | E78: 45327 | F78: 45353 | G78: 4636324090 | H78: PT. Lailasari Hariyah (Persero) Tbk | I78: =IF(ISBLANK(A78)=TRUE,0,1) -> 1 | J78: =IF(ISBLANK(B78)=TRUE,0,1) -> 1 | K78: =IF(ISBLANK(C78)=TRUE,0,1) -> 1 | L78: =IF(ISBLANK(D78)=TRUE,0,1) -> 1 | M78: =IF(ISBLANK(E78)=TRUE,0,1) -> 1 | N78: =IF(ISBLANK(F78)=TRUE,0,1) -> 1 | O78: =IF(ISBLANK(G78)=TRUE,0,1) -> 1 | P78: =IF(ISBLANK(H78)=TRUE,0,1) -> 1 | Q78: =IF(COUNTIF(A:A, A78) > 1, 0, 1) -> 1 | R78: =IF(ISERROR(VLOOKUP(A78, 'Project Reference'!A:A, 1, FALSE)), 0, 1) -> 1 | S78: =IFERROR(__xludf.DUMMYFUNCTION("IF(AND(REGEXMATCH(D78, B78), REGEXMATCH(D78, C78)), 1, 0)"),1.0) -> 1 | T78: =IF(AND(YEAR(E78)>=2023, YEAR(E78)<=2024), 1, 0) -> 1 | U78: =IF(F78-E78>=3, 1, 0) -> 1 | V78: =IF(G78>10000000000, 0, 1) -> 1
A79: CN-0006-2023 | B79: Drainase | C79: Tomohon | D79: Perbaikan Drainase Tomohon | E79: 44929 | F79: 45230 | G79: 663835414 | H79: PT B | I79: =IF(ISBLANK(A79)=TRUE,0,1) -> 1 | J79: =IF(ISBLANK(B79)=TRUE,0,1) -> 1 | K79: =IF(ISBLANK(C79)=TRUE,0,1) -> 1 | L79: =IF(ISBLANK(D79)=TRUE,0,1) -> 1 | M79: =IF(ISBLANK(E79)=TRUE,0,1) -> 1 | N79: =IF(ISBLANK(F79)=TRUE,0,1) -> 1 | O79: =IF(ISBLANK(G79)=TRUE,0,1) -> 1 | P79: =IF(ISBLANK(H79)=TRUE,0,1) -> 1 | Q79: =IF(COUNTIF(A:A, A79) > 1, 0, 1) -> 1 | R79: =IF(ISERROR(VLOOKUP(A79, 'Project Reference'!A:A, 1, FALSE)), 0, 1) -> 1 | S79: =IFERROR(__xludf.DUMMYFUNCTION("IF(AND(REGEXMATCH(D79, B79), REGEXMATCH(D79, C79)), 1, 0)"),1.0) -> 1 | T79: =IF(AND(YEAR(E79)>=2023, YEAR(E79)<=2024), 1, 0) -> 1 | U79: =IF(F79-E79>=3, 1, 0) -> 1 | V79: =IF(G79>10000000000, 0, 1) -> 1
A80: CN-0006-2024 | B80: Drainase | C80: Bandung | D80: Perbaikan Drainase Bandung | E80: 45329 | F80: 45360 | G80: 698540517 | H80: PT A | I80: =IF(ISBLANK(A80)=TRUE,0,1) -> 1 | J80: =IF(ISBLANK(B80)=TRUE,0,1) -> 1 | K80: =IF(ISBLANK(C80)=TRUE,0,1) -> 1 | L80: =IF(ISBLANK(D80)=TRUE,0,1) -> 1 | M80: =IF(ISBLANK(E80)=TRUE,0,1) -> 1 | N80: =IF(ISBLANK(F80)=TRUE,0,1) -> 1 | O80: =IF(ISBLANK(G80)=TRUE,0,1) -> 1 | P80: =IF(ISBLANK(H80)=TRUE,0,1) -> 1 | Q80: =IF(COUNTIF(A:A, A80) > 1, 0, 1) -> 1 | R80: =IF(ISERROR(VLOOKUP(A80, 'Project Reference'!A:A, 1, FALSE)), 0, 1) -> 1 | S80: =IFERROR(__xludf.DUMMYFUNCTION("IF(AND(REGEXMATCH(D80, B80), REGEXMATCH(D80, C80)), 1, 0)"),1.0) -> 1 | T80: =IF(AND(YEAR(E80)>=2023, YEAR(E80)<=2024), 1, 0) -> 1 | U80: =IF(F80-E80>=3, 1, 0) -> 1 | V80: =IF(G80>10000000000, 0, 1) -> 1
A81: CN-0007-2023 | B81: Flyover | C81: Medan | D81: Pembuatan Flyover Medan | E81: 44929 | F81: 45261 | G81: 2423693734 | H81: PT D | I81: =IF(ISBLANK(A81)=TRUE,0,1) -> 1 | J81: =IF(ISBLANK(B81)=TRUE,0,1) -> 1 | K81: =IF(ISBLANK(C81)=TRUE,0,1) -> 1 | L81: =IF(ISBLANK(D81)=TRUE,0,1) -> 1 | M81: =IF(ISBLANK(E81)=TRUE,0,1) -> 1 | N81: =IF(ISBLANK(F81)=TRUE,0,1) -> 1 | O81: =IF(ISBLANK(G81)=TRUE,0,1) -> 1 | P81: =IF(ISBLANK(H81)=TRUE,0,1) -> 1 | Q81: =IF(COUNTIF(A:A, A81) > 1, 0, 1) -> 1 | R81: =IF(ISERROR(VLOOKUP(A81, 'Project Reference'!A:A, 1, FALSE)), 0, 1) -> 1 | S81: =IFERROR(__xludf.DUMMYFUNCTION("IF(AND(REGEXMATCH(D81, B81), REGEXMATCH(D81, C81)), 1, 0)"),1.0) -> 1 | T81: =IF(AND(YEAR(E81)>=2023, YEAR(E81)<=2024), 1, 0) -> 1 | U81: =IF(F81-E81>=3, 1, 0) -> 1 | V81: =IF(G81>10000000000, 0, 1) -> 1
A82: CN-0007-2024 | B82: Drainase | C82: Depok | D82: Perbaikan Drainase Depok | E82: 45330 | F82: 45337 | G82: 313131839 | H82: PT D | I82: =IF(ISBLANK(A82)=TRUE,0,1) -> 1 | J82: =IF(ISBLANK(B82)=TRUE,0,1) -> 1 | K82: =IF(ISBLANK(C82)=TRUE,0,1) -> 1 | L82: =IF(ISBLANK(D82)=TRUE,0,1) -> 1 | M82: =IF(ISBLANK(E82)=TRUE,0,1) -> 1 | N82: =IF(ISBLANK(F82)=TRUE,0,1) -> 1 | O82: =IF(ISBLANK(G82)=TRUE,0,1) -> 1 | P82: =IF(ISBLANK(H82)=TRUE,0,1) -> 1 | Q82: =IF(COUNTIF(A:A, A82) > 1, 0, 1) -> 1 | R82: =IF(ISERROR(VLOOKUP(A82, 'Project Reference'!A:A, 1, FALSE)), 0, 1) -> 1 | S82: =IFERROR(__xludf.DUMMYFUNCTION("IF(AND(REGEXMATCH(D82, B82), REGEXMATCH(D82, C82)), 1, 0)"),1.0) -> 1 | T82: =IF(AND(YEAR(E82)>=2023, YEAR(E82)<=2024), 1, 0) -> 1 | U82: =IF(F82-E82>=3, 1, 0) -> 1 | V82: =IF(G82>10000000000, 0, 1) -> 1
A83: CN-0008-2023 | B83: Jalan Raya | C83: Bandung | D83: Perbaikan Jalan Raya Bandung | E83: 44929 | F83: 45041 | G83: 281077623 | H83: PT. Yuniar Hakim Tbk | I83: =IF(ISBLANK(A83)=TRUE,0,1) -> 1 | J83: =IF(ISBLANK(B83)=TRUE,0,1) -> 1 | K83: =IF(ISBLANK(C83)=TRUE,0,1) -> 1 | L83: =IF(ISBLANK(D83)=TRUE,0,1) -> 1 | M83: =IF(ISBLANK(E83)=TRUE,0,1) -> 1 | N83: =IF(ISBLANK(F83)=TRUE,0,1) -> 1 | O83: =IF(ISBLANK(G83)=TRUE,0,1) -> 1 | P83: =IF(ISBLANK(H83)=TRUE,0,1) -> 1 | Q83: =IF(COUNTIF(A:A, A83) > 1, 0, 1) -> 1 | R83: =IF(ISERROR(VLOOKUP(A83, 'Project Reference'!A:A, 1, FALSE)), 0, 1) -> 1 | S83: =IFERROR(__xludf.DUMMYFUNCTION("IF(AND(REGEXMATCH(D83, B83), REGEXMATCH(D83, C83)), 1, 0)"),1.0) -> 1 | T83: =IF(AND(YEAR(E83)>=2023, YEAR(E83)<=2024), 1, 0) -> 1 | U83: =IF(F83-E83>=3, 1, 0) -> 1 | V83: =IF(G83>10000000000, 0, 1) -> 1
A84: CN-0008-2024 | B84: Jembatan | C84: Jakarta | D84: Pembuatan Jembatan Jakarta | E84: 45330 | F84: 45386 | G84: 921085536 | H84: PT B | I84: =IF(ISBLANK(A84)=TRUE,0,1) -> 1 | J84: =IF(ISBLANK(B84)=TRUE,0,1) -> 1 | K84: =IF(ISBLANK(C84)=TRUE,0,1) -> 1 | L84: =IF(ISBLANK(D84)=TRUE,0,1) -> 1 | M84: =IF(ISBLANK(E84)=TRUE,0,1) -> 1 | N84: =IF(ISBLANK(F84)=TRUE,0,1) -> 1 | O84: =IF(ISBLANK(G84)=TRUE,0,1) -> 1 | P84: =IF(ISBLANK(H84)=TRUE,0,1) -> 1 | Q84: =IF(COUNTIF(A:A, A84) > 1, 0, 1) -> 1 | R84: =IF(ISERROR(VLOOKUP(A84, 'Project Reference'!A:A, 1, FALSE)), 0, 1) -> 1 | S84: =IFERROR(__xludf.DUMMYFUNCTION("IF(AND(REGEXMATCH(D84, B84), REGEXMATCH(D84, C84)), 1, 0)"),1.0) -> 1 | T84: =IF(AND(YEAR(E84)>=2023, YEAR(E84)<=2024), 1, 0) -> 1 | U84: =IF(F84-E84>=3, 1, 0) -> 1 | V84: =IF(G84>10000000000, 0, 1) -> 1
A85: CN-0009-2023 | B85: Jalan Raya | C85: Jakarta | D85: Perbaikan Jalan Raya Jakarta | E85: 44930 | F85: 45182 | G85: 241214887 | H85: PT B | I85: =IF(ISBLANK(A85)=TRUE,0,1) -> 1 | J85: =IF(ISBLANK(B85)=TRUE,0,1) -> 1 | K85: =IF(ISBLANK(C85)=TRUE,0,1) -> 1 | L85: =IF(ISBLANK(D85)=TRUE,0,1) -> 1 | M85: =IF(ISBLANK(E85)=TRUE,0,1) -> 1 | N85: =IF(ISBLANK(F85)=TRUE,0,1) -> 1 | O85: =IF(ISBLANK(G85)=TRUE,0,1) -> 1 | P85: =IF(ISBLANK(H85)=TRUE,0,1) -> 1 | Q85: =IF(COUNTIF(A:A, A85) > 1, 0, 1) -> 1 | R85: =IF(ISERROR(VLOOKUP(A85, 'Project Reference'!A:A, 1, FALSE)), 0, 1) -> 1 | S85: =IFERROR(__xludf.DUMMYFUNCTION("IF(AND(REGEXMATCH(D85, B85), REGEXMATCH(D85, C85)), 1, 0)"),1.0) -> 1 | T85: =IF(AND(YEAR(E85)>=2023, YEAR(E85)<=2024), 1, 0) -> 1 | U85: =IF(F85-E85>=3, 1, 0) -> 1 | V85: =IF(G85>10000000000, 0, 1) -> 1
A86: CN-0009-2024 | B86: Drainase | C86: Bandung | D86: Perbaikan Drainase Bandung | E86: 45334 | F86: 45351 | G86: 425861681 | H86: PT D | I86: =IF(ISBLANK(A86)=TRUE,0,1) -> 1 | J86: =IF(ISBLANK(B86)=TRUE,0,1) -> 1 | K86: =IF(ISBLANK(C86)=TRUE,0,1) -> 1 | L86: =IF(ISBLANK(D86)=TRUE,0,1) -> 1 | M86: =IF(ISBLANK(E86)=TRUE,0,1) -> 1 | N86: =IF(ISBLANK(F86)=TRUE,0,1) -> 1 | O86: =IF(ISBLANK(G86)=TRUE,0,1) -> 1 | P86: =IF(ISBLANK(H86)=TRUE,0,1) -> 1 | Q86: =IF(COUNTIF(A:A, A86) > 1, 0, 1) -> 1 | R86: =IF(ISERROR(VLOOKUP(A86, 'Project Reference'!A:A, 1, FALSE)), 0, 1) -> 1 | S86: =IFERROR(__xludf.DUMMYFUNCTION("IF(AND(REGEXMATCH(D86, B86), REGEXMATCH(D86, C86)), 1, 0)"),1.0) -> 1 | T86: =IF(AND(YEAR(E86)>=2023, YEAR(E86)<=2024), 1, 0) -> 1 | U86: =IF(F86-E86>=3, 1, 0) -> 1 | V86: =IF(G86>10000000000, 0, 1) -> 1
A87: CN-0010-2023 | B87: Jalan Raya | C87: Bau-Bau | D87: Perbaikan Jalan Raya Bau-Bau | E87: 44930 | F87: 45244 | G87: 749126801 | H87: PT. Lailasari Hariyah (Persero) Tbk | I87: =IF(ISBLANK(A87)=TRUE,0,1) -> 1 | J87: =IF(ISBLANK(B87)=TRUE,0,1) -> 1 | K87: =IF(ISBLANK(C87)=TRUE,0,1) -> 1 | L87: =IF(ISBLANK(D87)=TRUE,0,1) -> 1 | M87: =IF(ISBLANK(E87)=TRUE,0,1) -> 1 | N87: =IF(ISBLANK(F87)=TRUE,0,1) -> 1 | O87: =IF(ISBLANK(G87)=TRUE,0,1) -> 1 | P87: =IF(ISBLANK(H87)=TRUE,0,1) -> 1 | Q87: =IF(COUNTIF(A:A, A87) > 1, 0, 1) -> 1 | R87: =IF(ISERROR(VLOOKUP(A87, 'Project Reference'!A:A, 1, FALSE)), 0, 1) -> 1 | S87: =IFERROR(__xludf.DUMMYFUNCTION("IF(AND(REGEXMATCH(D87, B87), REGEXMATCH(D87, C87)), 1, 0)"),1.0) -> 1 | T87: =IF(AND(YEAR(E87)>=2023, YEAR(E87)<=2024), 1, 0) -> 1 | U87: =IF(F87-E87>=3, 1, 0) -> 1 | V87: =IF(G87>10000000000, 0, 1) -> 1
A88: CN-0010-2024 | B88: Jembatan | C88: Bau-Bau | D88: Pembuatan Jembatan Bau-Bau | E88: 45335 | F88: 45386 | G88: 6584342537 | H88: PT. Yuniar Hakim Tbk | I88: =IF(ISBLANK(A88)=TRUE,0,1) -> 1 | J88: =IF(ISBLANK(B88)=TRUE,0,1) -> 1 | K88: =IF(ISBLANK(C88)=TRUE,0,1) -> 1 | L88: =IF(ISBLANK(D88)=TRUE,0,1) -> 1 | M88: =IF(ISBLANK(E88)=TRUE,0,1) -> 1 | N88: =IF(ISBLANK(F88)=TRUE,0,1) -> 1 | O88: =IF(ISBLANK(G88)=TRUE,0,1) -> 1 | P88: =IF(ISBLANK(H88)=TRUE,0,1) -> 1 | Q88: =IF(COUNTIF(A:A, A88) > 1, 0, 1) -> 1 | R88: =IF(ISERROR(VLOOKUP(A88, 'Project Reference'!A:A, 1, FALSE)), 0, 1) -> 1 | S88: =IFERROR(__xludf.DUMMYFUNCTION("IF(AND(REGEXMATCH(D88, B88), REGEXMATCH(D88, C88)), 1, 0)"),1.0) -> 1 | T88: =IF(AND(YEAR(E88)>=2023, YEAR(E88)<=2024), 1, 0) -> 1 | U88: =IF(F88-E88>=3, 1, 0) -> 1 | V88: =IF(G88>10000000000, 0, 1) -> 1
A89: CN-0011-2023 | B89: Drainase | C89: Depok | D89: Perbaikan Drainase Depok | E89: 44931 | F89: 44968 | G89: 536495065 | H89: CV Sihombing | I89: =IF(ISBLANK(A89)=TRUE,0,1) -> 1 | J89: =IF(ISBLANK(B89)=TRUE,0,1) -> 1 | K89: =IF(ISBLANK(C89)=TRUE,0,1) -> 1 | L89: =IF(ISBLANK(D89)=TRUE,0,1) -> 1 | M89: =IF(ISBLANK(E89)=TRUE,0,1) -> 1 | N89: =IF(ISBLANK(F89)=TRUE,0,1) -> 1 | O89: =IF(ISBLANK(G89)=TRUE,0,1) -> 1 | P89: =IF(ISBLANK(H89)=TRUE,0,1) -> 1 | Q89: =IF(COUNTIF(A:A, A89) > 1, 0, 1) -> 1 | R89: =IF(ISERROR(VLOOKUP(A89, 'Project Reference'!A:A, 1, FALSE)), 0, 1) -> 1 | S89: =IFERROR(__xludf.DUMMYFUNCTION("IF(AND(REGEXMATCH(D89, B89), REGEXMATCH(D89, C89)), 1, 0)"),1.0) -> 1 | T89: =IF(AND(YEAR(E89)>=2023, YEAR(E89)<=2024), 1, 0) -> 1 | U89: =IF(F89-E89>=3, 1, 0) -> 1 | V89: =IF(G89>10000000000, 0, 1) -> 1
A90: CN-0011-2024 | B90: Flyover | C90: Bandung | D90: Pembuatan Flyover Bandung | E90: 45336 | F90: 45336 | G90: 3981092285 | H90: PT D | I90: =IF(ISBLANK(A90)=TRUE,0,1) -> 1 | J90: =IF(ISBLANK(B90)=TRUE,0,1) -> 1 | K90: =IF(ISBLANK(C90)=TRUE,0,1) -> 1 | L90: =IF(ISBLANK(D90)=TRUE,0,1) -> 1 | M90: =IF(ISBLANK(E90)=TRUE,0,1) -> 1 | N90: =IF(ISBLANK(F90)=TRUE,0,1) -> 1 | O90: =IF(ISBLANK(G90)=TRUE,0,1) -> 1 | P90: =IF(ISBLANK(H90)=TRUE,0,1) -> 1 | Q90: =IF(COUNTIF(A:A, A90) > 1, 0, 1) -> 1 | R90: =IF(ISERROR(VLOOKUP(A90, 'Project Reference'!A:A, 1, FALSE)), 0, 1) -> 1 | S90: =IFERROR(__xludf.DUMMYFUNCTION("IF(AND(REGEXMATCH(D90, B90), REGEXMATCH(D90, C90)), 1, 0)"),1.0) -> 1 | T90: =IF(AND(YEAR(E90)>=2023, YEAR(E90)<=2024), 1, 0) -> 1 | U90: =IF(F90-E90>=3, 1, 0) -> 0 | V90: =IF(G90>10000000000, 0, 1) -> 1
A91: CN-0012-2023 | B91: Drainase | C91: Medan | D91: Perbaikan Drainase Medan | E91: 44932 | F91: 45108 | G91: 341629572 | H91: CV Sihombing | I91: =IF(ISBLANK(A91)=TRUE,0,1) -> 1 | J91: =IF(ISBLANK(B91)=TRUE,0,1) -> 1 | K91: =IF(ISBLANK(C91)=TRUE,0,1) -> 1 | L91: =IF(ISBLANK(D91)=TRUE,0,1) -> 1 | M91: =IF(ISBLANK(E91)=TRUE,0,1) -> 1 | N91: =IF(ISBLANK(F91)=TRUE,0,1) -> 1 | O91: =IF(ISBLANK(G91)=TRUE,0,1) -> 1 | P91: =IF(ISBLANK(H91)=TRUE,0,1) -> 1 | Q91: =IF(COUNTIF(A:A, A91) > 1, 0, 1) -> 1 | R91: =IF(ISERROR(VLOOKUP(A91, 'Project Reference'!A:A, 1, FALSE)), 0, 1) -> 1 | S91: =IFERROR(__xludf.DUMMYFUNCTION("IF(AND(REGEXMATCH(D91, B91), REGEXMATCH(D91, C91)), 1, 0)"),1.0) -> 1 | T91: =IF(AND(YEAR(E91)>=2023, YEAR(E91)<=2024), 1, 0) -> 1 | U91: =IF(F91-E91>=3, 1, 0) -> 1 | V91: =IF(G91>10000000000, 0, 1) -> 1
A92: CN-0012-2024 | B92: Drainase | C92: Tomohon | D92: Perbaikan Drainase Tomohon | E92: 45337 | F92: 45342 | G92: 603837273 | H92: PT B | I92: =IF(ISBLANK(A92)=TRUE,0,1) -> 1 | J92: =IF(ISBLANK(B92)=TRUE,0,1) -> 1 | K92: =IF(ISBLANK(C92)=TRUE,0,1) -> 1 | L92: =IF(ISBLANK(D92)=TRUE,0,1) -> 1 | M92: =IF(ISBLANK(E92)=TRUE,0,1) -> 1 | N92: =IF(ISBLANK(F92)=TRUE,0,1) -> 1 | O92: =IF(ISBLANK(G92)=TRUE,0,1) -> 1 | P92: =IF(ISBLANK(H92)=TRUE,0,1) -> 1 | Q92: =IF(COUNTIF(A:A, A92) > 1, 0, 1) -> 1 | R92: =IF(ISERROR(VLOOKUP(A92, 'Project Reference'!A:A, 1, FALSE)), 0, 1) -> 1 | S92: =IFERROR(__xludf.DUMMYFUNCTION("IF(AND(REGEXMATCH(D92, B92), REGEXMATCH(D92, C92)), 1, 0)"),1.0) -> 1 | T92: =IF(AND(YEAR(E92)>=2023, YEAR(E92)<=2024), 1, 0) -> 1 | U92: =IF(F92-E92>=3, 1, 0) -> 1 | V92: =IF(G92>10000000000, 0, 1) -> 1
A93: CN-0013-2023 | B93: Flyover | C93: Bau-Bau | D93: Pembuatan Flyover Bau-Bau | E93: 44935 | F93: 44971 | G93: 4534202846 | H93: CV Sihombing | I93: =IF(ISBLANK(A93)=TRUE,0,1) -> 1 | J93: =IF(ISBLANK(B93)=TRUE,0,1) -> 1 | K93: =IF(ISBLANK(C93)=TRUE,0,1) -> 1 | L93: =IF(ISBLANK(D93)=TRUE,0,1) -> 1 | M93: =IF(ISBLANK(E93)=TRUE,0,1) -> 1 | N93: =IF(ISBLANK(F93)=TRUE,0,1) -> 1 | O93: =IF(ISBLANK(G93)=TRUE,0,1) -> 1 | P93: =IF(ISBLANK(H93)=TRUE,0,1) -> 1 | Q93: =IF(COUNTIF(A:A, A93) > 1, 0, 1) -> 1 | R93: =IF(ISERROR(VLOOKUP(A93, 'Project Reference'!A:A, 1, FALSE)), 0, 1) -> 1 | S93: =IFERROR(__xludf.DUMMYFUNCTION("IF(AND(REGEXMATCH(D93, B93), REGEXMATCH(D93, C93)), 1, 0)"),1.0) -> 1 | T93: =IF(AND(YEAR(E93)>=2023, YEAR(E93)<=2024), 1, 0) -> 1 | U93: =IF(F93-E93>=3, 1, 0) -> 1 | V93: =IF(G93>10000000000, 0, 1) -> 1
A94: CN-0013-2024 | B94: Drainase | C94: Medan | D94: Perbaikan Drainase Medan | E94: 45338 | F94: 45346 | G94: 257898943 | H94: PT. Yuniar Hakim Tbk | I94: =IF(ISBLANK(A94)=TRUE,0,1) -> 1 | J94: =IF(ISBLANK(B94)=TRUE,0,1) -> 1 | K94: =IF(ISBLANK(C94)=TRUE,0,1) -> 1 | L94: =IF(ISBLANK(D94)=TRUE,0,1) -> 1 | M94: =IF(ISBLANK(E94)=TRUE,0,1) -> 1 | N94: =IF(ISBLANK(F94)=TRUE,0,1) -> 1 | O94: =IF(ISBLANK(G94)=TRUE,0,1) -> 1 | P94: =IF(ISBLANK(H94)=TRUE,0,1) -> 1 | Q94: =IF(COUNTIF(A:A, A94) > 1, 0, 1) -> 1 | R94: =IF(ISERROR(VLOOKUP(A94, 'Project Reference'!A:A, 1, FALSE)), 0, 1) -> 1 | S94: =IFERROR(__xludf.DUMMYFUNCTION("IF(AND(REGEXMATCH(D94, B94), REGEXMATCH(D94, C94)), 1, 0)"),1.0) -> 1 | T94: =IF(AND(YEAR(E94)>=2023, YEAR(E94)<=2024), 1, 0) -> 1 | U94: =IF(F94-E94>=3, 1, 0) -> 1 | V94: =IF(G94>10000000000, 0, 1) -> 1
A95: CN-0014-2023 | B95: Drainase | C95: Medan | D95: Perbaikan Drainase Medan | E95: 44936 | F95: 45295 | G95: 489065831 | H95: PT A | I95: =IF(ISBLANK(A95)=TRUE,0,1) -> 1 | J95: =IF(ISBLANK(B95)=TRUE,0,1) -> 1 | K95: =IF(ISBLANK(C95)=TRUE,0,1) -> 1 | L95: =IF(ISBLANK(D95)=TRUE,0,1) -> 1 | M95: =IF(ISBLANK(E95)=TRUE,0,1) -> 1 | N95: =IF(ISBLANK(F95)=TRUE,0,1) -> 1 | O95: =IF(ISBLANK(G95)=TRUE,0,1) -> 1 | P95: =IF(ISBLANK(H95)=TRUE,0,1) -> 1 | Q95: =IF(COUNTIF(A:A, A95) > 1, 0, 1) -> 1 | R95: =IF(ISERROR(VLOOKUP(A95, 'Project Reference'!A:A, 1, FALSE)), 0, 1) -> 1 | S95: =IFERROR(__xludf.DUMMYFUNCTION("IF(AND(REGEXMATCH(D95, B95), REGEXMATCH(D95, C95)), 1, 0)"),1.0) -> 1 | T95: =IF(AND(YEAR(E95)>=2023, YEAR(E95)<=2024), 1, 0) -> 1 | U95: =IF(F95-E95>=3, 1, 0) -> 1 | V95: =IF(G95>10000000000, 0, 1) -> 1
A96: CN-0014-2024 | B96: Jalan Raya | C96: Surabaya | D96: Perbaikan Jalan Raya Surabaya | E96: 45339 | F96: 45379 | G96: 545662746 | H96: PT A | I96: =IF(ISBLANK(A96)=TRUE,0,1) -> 1 | J96: =IF(ISBLANK(B96)=TRUE,0,1) -> 1 | K96: =IF(ISBLANK(C96)=TRUE,0,1) -> 1 | L96: =IF(ISBLANK(D96)=TRUE,0,1) -> 1 | M96: =IF(ISBLANK(E96)=TRUE,0,1) -> 1 | N96: =IF(ISBLANK(F96)=TRUE,0,1) -> 1 | O96: =IF(ISBLANK(G96)=TRUE,0,1) -> 1 | P96: =IF(ISBLANK(H96)=TRUE,0,1) -> 1 | Q96: =IF(COUNTIF(A:A, A96) > 1, 0, 1) -> 1 | R96: =IF(ISERROR(VLOOKUP(A96, 'Project Reference'!A:A, 1, FALSE)), 0, 1) -> 1 | S96: =IFERROR(__xludf.DUMMYFUNCTION("IF(AND(REGEXMATCH(D96, B96), REGEXMATCH(D96, C96)), 1, 0)"),1.0) -> 1 | T96: =IF(AND(YEAR(E96)>=2023, YEAR(E96)<=2024), 1, 0) -> 1 | U96: =IF(F96-E96>=3, 1, 0) -> 1 | V96: =IF(G96>10000000000, 0, 1) -> 1
A97: CN-0015-2024 | B97: Jalan Raya | C97: Surabaya | D97: Perbaikan Jalan Raya Surabaya | E97: 45340 | F97: 45371 | G97: 810414368 | H97: PT C | I97: =IF(ISBLANK(A97)=TRUE,0,1) -> 1 | J97: =IF(ISBLANK(B97)=TRUE,0,1) -> 1 | K97: =IF(ISBLANK(C97)=TRUE,0,1) -> 1 | L97: =IF(ISBLANK(D97)=TRUE,0,1) -> 1 | M97: =IF(ISBLANK(E97)=TRUE,0,1) -> 1 | N97: =IF(ISBLANK(F97)=TRUE,0,1) -> 1 | O97: =IF(ISBLANK(G97)=TRUE,0,1) -> 1 | P97: =IF(ISBLANK(H97)=TRUE,0,1) -> 1 | Q97: =IF(COUNTIF(A:A, A97) > 1, 0, 1) -> 1 | R97: =IF(ISERROR(VLOOKUP(A97, 'Project Reference'!A:A, 1, FALSE)), 0, 1) -> 1 | S97: =IFERROR(__xludf.DUMMYFUNCTION("IF(AND(REGEXMATCH(D97, B97), REGEXMATCH(D97, C97)), 1, 0)"),1.0) -> 1 | T97: =IF(AND(YEAR(E97)>=2023, YEAR(E97)<=2024), 1, 0) -> 1 | U97: =IF(F97-E97>=3, 1, 0) -> 1 | V97: =IF(G97>10000000000, 0, 1) -> 1
A98: CN-0016-2023 | B98: Jalan Raya | C98: Tomohon | D98: Perbaikan Jalan Raya Tomohon | E98: 44938 | F98: 45262 | G98: 341929482 | H98: PT. Yuniar Hakim Tbk | I98: =IF(ISBLANK(A98)=TRUE,0,1) -> 1 | J98: =IF(ISBLANK(B98)=TRUE,0,1) -> 1 | K98: =IF(ISBLANK(C98)=TRUE,0,1) -> 1 | L98: =IF(ISBLANK(D98)=TRUE,0,1) -> 1 | M98: =IF(ISBLANK(E98)=TRUE,0,1) -> 1 | N98: =IF(ISBLANK(F98)=TRUE,0,1) -> 1 | O98: =IF(ISBLANK(G98)=TRUE,0,1) -> 1 | P98: =IF(ISBLANK(H98)=TRUE,0,1) -> 1 | Q98: =IF(COUNTIF(A:A, A98) > 1, 0, 1) -> 1 | R98: =IF(ISERROR(VLOOKUP(A98, 'Project Reference'!A:A, 1, FALSE)), 0, 1) -> 1 | S98: =IFERROR(__xludf.DUMMYFUNCTION("IF(AND(REGEXMATCH(D98, B98), REGEXMATCH(D98, C98)), 1, 0)"),1.0) -> 1 | T98: =IF(AND(YEAR(E98)>=2023, YEAR(E98)<=2024), 1, 0) -> 1 | U98: =IF(F98-E98>=3, 1, 0) -> 1 | V98: =IF(G98>10000000000, 0, 1) -> 1
A99: CN-0016-2024 | B99: Jalan Raya | C99: Bau-Bau | D99: Perbaikan Jalan Raya Bau-Bau | E99: 45341 | F99: 45388 | G99: 599466235 | H99: PT. Yuniar Hakim Tbk | I99: =IF(ISBLANK(A99)=TRUE,0,1) -> 1 | J99: =IF(ISBLANK(B99)=TRUE,0,1) -> 1 | K99: =IF(ISBLANK(C99)=TRUE,0,1) -> 1 | L99: =IF(ISBLANK(D99)=TRUE,0,1) -> 1 | M99: =IF(ISBLANK(E99)=TRUE,0,1) -> 1 | N99: =IF(ISBLANK(F99)=TRUE,0,1) -> 1 | O99: =IF(ISBLANK(G99)=TRUE,0,1) -> 1 | P99: =IF(ISBLANK(H99)=TRUE,0,1) -> 1 | Q99: =IF(COUNTIF(A:A, A99) > 1, 0, 1) -> 1 | R99: =IF(ISERROR(VLOOKUP(A99, 'Project Reference'!A:A, 1, FALSE)), 0, 1) -> 1 | S99: =IFERROR(__xludf.DUMMYFUNCTION("IF(AND(REGEXMATCH(D99, B99), REGEXMATCH(D99, C99)), 1, 0)"),1.0) -> 1 | T99: =IF(AND(YEAR(E99)>=2023, YEAR(E99)<=2024), 1, 0) -> 1 | U99: =IF(F99-E99>=3, 1, 0) -> 1 | V99: =IF(G99>10000000000, 0, 1) -> 1
A100: CN-0017-2023 | B100: Gedung | C100: Tomohon | D100: Perbaikan Gedung Pemerintah Tomohon | E100: 44939 | F100: 45185 | G100: 4929333305 | H100: PT. Yuniar Hakim Tbk | I100: =IF(ISBLANK(A100)=TRUE,0,1) -> 1 | J100: =IF(ISBLANK(B100)=TRUE,0,1) -> 1 | K100: =IF(ISBLANK(C100)=TRUE,0,1) -> 1 | L100: =IF(ISBLANK(D100)=TRUE,0,1) -> 1 | M100: =IF(ISBLANK(E100)=TRUE,0,1) -> 1 | N100: =IF(ISBLANK(F100)=TRUE,0,1) -> 1 | O100: =IF(ISBLANK(G100)=TRUE,0,1) -> 1 | P100: =IF(ISBLANK(H100)=TRUE,0,1) -> 1 | Q100: =IF(COUNTIF(A:A, A100) > 1, 0, 1) -> 1 | R100: =IF(ISERROR(VLOOKUP(A100, 'Project Reference'!A:A, 1, FALSE)), 0, 1) -> 1 | S100: =IFERROR(__xludf.DUMMYFUNCTION("IF(AND(REGEXMATCH(D100, B100), REGEXMATCH(D100, C100)), 1, 0)"),1.0) -> 1 | T100: =IF(AND(YEAR(E100)>=2023, YEAR(E100)<=2024), 1, 0) -> 1 | U100: =IF(F100-E100>=3, 1, 0) -> 1 | V100: =IF(G100>10000000000, 0, 1) -> 1
...

Sheet Data Cleaning
A1: ID_Proyek | B1: Jenis_Proyek | C1: Lokasi | D1: Nama_Proyek | E1: Tanggal_Mulai | F1: Tanggal_Selesai | G1: Anggaran | H1: Kontraktor | I1: CPT_ID_Proyek | J1: CPT_Jenis_Proyek | K1: CPT_Lokasi | L1: CPT_Nama_Proyek | M1: CPT_Tanggal_Mulai | N1: CPT_Tanggal_Selesai | O1: CPT_Anggaran | P1: CPT_Kontraktor | Q1: UNQ_ID_Proyek | R1: VLD_ID_Proyek | S1: CNS_Nama_Proyek | T1: FSB_Tanggal_Mulai | U1: FSB_Tanggal_Selesai | V1: FSB_Anggaran
A2: CN-0011-2024 | B2: Flyover | C2: Bandung | D2: Pembuatan Flyover Bandung | E2: 45336 | F2: 45336 | G2: 3981092285 | H2: PT D | I2: =IF(ISBLANK(A2)=TRUE,0,1) -> 1 | J2: =IF(ISBLANK(B2)=TRUE,0,1) -> 1 | K2: =IF(ISBLANK(C2)=TRUE,0,1) -> 1 | L2: =IF(ISBLANK(D2)=TRUE,0,1) -> 1 | M2: =IF(ISBLANK(E2)=TRUE,0,1) -> 1 | N2: =IF(ISBLANK(F2)=TRUE,0,1) -> 1 | O2: =IF(ISBLANK(G2)=TRUE,0,1) -> 1 | P2: =IF(ISBLANK(H2)=TRUE,0,1) -> 1 | Q2: =IF(COUNTIF(A:A, A2) > 1, 0, 1) -> 1 | R2: =IF(ISERROR(VLOOKUP(A2, 'Project Reference'!A:A, 1, FALSE)), 0, 1) -> 1 | S2: =IFERROR(__xludf.DUMMYFUNCTION("IF(AND(REGEXMATCH(D2, B2), REGEXMATCH(D2, C2)), 1, 0) "),1.0) -> 1 | T2: =IF(AND(YEAR(E2)>=2023, YEAR(E2)<=2024), 1, 0) -> 1 | U2: =IF(F2-E2>=3, 1, 0) -> 0 | V2: =IF(G2>10000000000, 0, 1) -> 1
A3: CN-0162-2023 | B3: Jalan Raya | C3: Bau-Bau | D3: Perbaikan Jalan Raya Bau-Bau | E3: 45055 | F3: 44950 | G3: 862295964 | H3: PT B | I3: =IF(ISBLANK(A3)=TRUE,0,1) -> 1 | J3: =IF(ISBLANK(B3)=TRUE,0,1) -> 1 | K3: =IF(ISBLANK(C3)=TRUE,0,1) -> 1 | L3: =IF(ISBLANK(D3)=TRUE,0,1) -> 1 | M3: =IF(ISBLANK(E3)=TRUE,0,1) -> 1 | N3: =IF(ISBLANK(F3)=TRUE,0,1) -> 1 | O3: =IF(ISBLANK(G3)=TRUE,0,1) -> 1 | P3: =IF(ISBLANK(H3)=TRUE,0,1) -> 1 | Q3: =IF(COUNTIF(A:A, A3) > 1, 0, 1) -> 1 | R3: =IF(ISERROR(VLOOKUP(A3, 'Project Reference'!A:A, 1, FALSE)), 0, 1) -> 1 | S3: =IFERROR(__xludf.DUMMYFUNCTION("IF(AND(REGEXMATCH(D3, B3), REGEXMATCH(D3, C3)), 1, 0) "),1.0) -> 1 | T3: =IF(AND(YEAR(E3)>=2023, YEAR(E3)<=2024), 1, 0) -> 1 | U3: =IF(F3-E3>=3, 1, 0) -> 0 | V3: =IF(G3>10000000000, 0, 1) -> 1
A4: CN-0208-2023 | B4: Drainase | C4: Bandung | D4: Perbaikan Drainase Bandung | E4: 45091 | F4: 45091 | G4: 612637613 | H4: PT B | I4: =IF(ISBLANK(A4)=TRUE,0,1) -> 1 | J4: =IF(ISBLANK(B4)=TRUE,0,1) -> 1 | K4: =IF(ISBLANK(C4)=TRUE,0,1) -> 1 | L4: =IF(ISBLANK(D4)=TRUE,0,1) -> 1 | M4: =IF(ISBLANK(E4)=TRUE,0,1) -> 1 | N4: =IF(ISBLANK(F4)=TRUE,0,1) -> 1 | O4: =IF(ISBLANK(G4)=TRUE,0,1) -> 1 | P4: =IF(ISBLANK(H4)=TRUE,0,1) -> 1 | Q4: =IF(COUNTIF(A:A, A4) > 1, 0, 1) -> 1 | R4: =IF(ISERROR(VLOOKUP(A4, 'Project Reference'!A:A, 1, FALSE)), 0, 1) -> 1 | S4: =IFERROR(__xludf.DUMMYFUNCTION("IF(AND(REGEXMATCH(D4, B4), REGEXMATCH(D4, C4)), 1, 0) "),1.0) -> 1 | T4: =IF(AND(YEAR(E4)>=2023, YEAR(E4)<=2024), 1, 0) -> 1 | U4: =IF(F4-E4>=3, 1, 0) -> 0 | V4: =IF(G4>10000000000, 0, 1) -> 1
A5: CN-0226-2023 | B5: Jalan Raya | C5: Tomohon | D5: Perbaikan Jalan Raya Tomohon | E5: 45103 | F5: 45038 | G5: 277801695 | H5: PT. Lailasari Hariyah (Persero) Tbk | I5: =IF(ISBLANK(A5)=TRUE,0,1) -> 1 | J5: =IF(ISBLANK(B5)=TRUE,0,1) -> 1 | K5: =IF(ISBLANK(C5)=TRUE,0,1) -> 1 | L5: =IF(ISBLANK(D5)=TRUE,0,1) -> 1 | M5: =IF(ISBLANK(E5)=TRUE,0,1) -> 1 | N5: =IF(ISBLANK(F5)=TRUE,0,1) -> 1 | O5: =IF(ISBLANK(G5)=TRUE,0,1) -> 1 | P5: =IF(ISBLANK(H5)=TRUE,0,1) -> 1 | Q5: =IF(COUNTIF(A:A, A5) > 1, 0, 1) -> 1 | R5: =IF(ISERROR(VLOOKUP(A5, 'Project Reference'!A:A, 1, FALSE)), 0, 1) -> 1 | S5: =IFERROR(__xludf.DUMMYFUNCTION("IF(AND(REGEXMATCH(D5, B5), REGEXMATCH(D5, C5)), 1, 0) "),1.0) -> 1 | T5: =IF(AND(YEAR(E5)>=2023, YEAR(E5)<=2024), 1, 0) -> 1 | U5: =IF(F5-E5>=3, 1, 0) -> 0 | V5: =IF(G5>10000000000, 0, 1) -> 1
A6: CN-0264-2023 | B6: Jembatan | C6: Medan | D6: Perbaikan Jembatan Medan | E6: 45129 | F6: 44945 | G6: 2045004222 | H6: PT B | I6: =IF(ISBLANK(A6)=TRUE,0,1) -> 1 | J6: =IF(ISBLANK(B6)=TRUE,0,1) -> 1 | K6: =IF(ISBLANK(C6)=TRUE,0,1) -> 1 | L6: =IF(ISBLANK(D6)=TRUE,0,1) -> 1 | M6: =IF(ISBLANK(E6)=TRUE,0,1) -> 1 | N6: =IF(ISBLANK(F6)=TRUE,0,1) -> 1 | O6: =IF(ISBLANK(G6)=TRUE,0,1) -> 1 | P6: =IF(ISBLANK(H6)=TRUE,0,1) -> 1 | Q6: =IF(COUNTIF(A:A, A6) > 1, 0, 1) -> 1 | R6: =IF(ISERROR(VLOOKUP(A6, 'Project Reference'!A:A, 1, FALSE)), 0, 1) -> 1 | S6: =IFERROR(__xludf.DUMMYFUNCTION("IF(AND(REGEXMATCH(D6, B6), REGEXMATCH(D6, C6)), 1, 0) "),1.0) -> 1 | T6: =IF(AND(YEAR(E6)>=2023, YEAR(E6)<=2024), 1, 0) -> 1 | U6: =IF(F6-E6>=3, 1, 0) -> 0 | V6: =IF(G6>10000000000, 0, 1) -> 1
A7: CN-0283-2023 | B7: Gedung | C7: Bandung | D7: Perbaikan Gedung Pemerintah Bandung | E7: 45140 | F7: 45090 | G7: 8403683934 | H7: PT D | I7: =IF(ISBLANK(A7)=TRUE,0,1) -> 1 | J7: =IF(ISBLANK(B7)=TRUE,0,1) -> 1 | K7: =IF(ISBLANK(C7)=TRUE,0,1) -> 1 | L7: =IF(ISBLANK(D7)=TRUE,0,1) -> 1 | M7: =IF(ISBLANK(E7)=TRUE,0,1) -> 1 | N7: =IF(ISBLANK(F7)=TRUE,0,1) -> 1 | O7: =IF(ISBLANK(G7)=TRUE,0,1) -> 1 | P7: =IF(ISBLANK(H7)=TRUE,0,1) -> 1 | Q7: =IF(COUNTIF(A:A, A7) > 1, 0, 1) -> 1 | R7: =IF(ISERROR(VLOOKUP(A7, 'Project Reference'!A:A, 1, FALSE)), 0, 1) -> 1 | S7: =IFERROR(__xludf.DUMMYFUNCTION("IF(AND(REGEXMATCH(D7, B7), REGEXMATCH(D7, C7)), 1, 0) "),1.0) -> 1 | T7: =IF(AND(YEAR(E7)>=2023, YEAR(E7)<=2024), 1, 0) -> 1 | U7: =IF(F7-E7>=3, 1, 0) -> 0 | V7: =IF(G7>10000000000, 0, 1) -> 1
A8: CN-0308-2023 | B8: Jembatan | C8: Depok | D8: Perbaikan Jembatan Depok | E8: 45161 | F8: 45100 | G8: 775460621 | H8: PT. Lailasari Hariyah (Persero) Tbk | I8: =IF(ISBLANK(A8)=TRUE,0,1) -> 1 | J8: =IF(ISBLANK(B8)=TRUE,0,1) -> 1 | K8: =IF(ISBLANK(C8)=TRUE,0,1) -> 1 | L8: =IF(ISBLANK(D8)=TRUE,0,1) -> 1 | M8: =IF(ISBLANK(E8)=TRUE,0,1) -> 1 | N8: =IF(ISBLANK(F8)=TRUE,0,1) -> 1 | O8: =IF(ISBLANK(G8)=TRUE,0,1) -> 1 | P8: =IF(ISBLANK(H8)=TRUE,0,1) -> 1 | Q8: =IF(COUNTIF(A:A, A8) > 1, 0, 1) -> 1 | R8: =IF(ISERROR(VLOOKUP(A8, 'Project Reference'!A:A, 1, FALSE)), 0, 1) -> 1 | S8: =IFERROR(__xludf.DUMMYFUNCTION("IF(AND(REGEXMATCH(D8, B8), REGEXMATCH(D8, C8)), 1, 0) "),1.0) -> 1 | T8: =IF(AND(YEAR(E8)>=2023, YEAR(E8)<=2024), 1, 0) -> 1 | U8: =IF(F8-E8>=3, 1, 0) -> 0 | V8: =IF(G8>10000000000, 0, 1) -> 1
A9: CN-0370-2023 | B9: Jalan Raya | C9: Bandung | D9: Perbaikan Jalan Raya Bandung | E9: 45207 | F9: 45141 | G9: 371601786 | H9: PT. Lailasari Hariyah (Persero) Tbk | I9: =IF(ISBLANK(A9)=TRUE,0,1) -> 1 | J9: =IF(ISBLANK(B9)=TRUE,0,1) -> 1 | K9: =IF(ISBLANK(C9)=TRUE,0,1) -> 1 | L9: =IF(ISBLANK(D9)=TRUE,0,1) -> 1 | M9: =IF(ISBLANK(E9)=TRUE,0,1) -> 1 | N9: =IF(ISBLANK(F9)=TRUE,0,1) -> 1 | O9: =IF(ISBLANK(G9)=TRUE,0,1) -> 1 | P9: =IF(ISBLANK(H9)=TRUE,0,1) -> 1 | Q9: =IF(COUNTIF(A:A, A9) > 1, 0, 1) -> 1 | R9: =IF(ISERROR(VLOOKUP(A9, 'Project Reference'!A:A, 1, FALSE)), 0, 1) -> 1 | S9: =IFERROR(__xludf.DUMMYFUNCTION("IF(AND(REGEXMATCH(D9, B9), REGEXMATCH(D9, C9)), 1, 0) "),1.0) -> 1 | T9: =IF(AND(YEAR(E9)>=2023, YEAR(E9)<=2024), 1, 0) -> 1 | U9: =IF(F9-E9>=3, 1, 0) -> 0 | V9: =IF(G9>10000000000, 0, 1) -> 1
A10: CN-0406-2023 | B10: Jembatan | C10: Bandung | D10: Pembuatan Jembatan Bandung | E10: 45240 | F10: 44995 | G10: 2771182474 | H10: PT D | I10: =IF(ISBLANK(A10)=TRUE,0,1) -> 1 | J10: =IF(ISBLANK(B10)=TRUE,0,1) -> 1 | K10: =IF(ISBLANK(C10)=TRUE,0,1) -> 1 | L10: =IF(ISBLANK(D10)=TRUE,0,1) -> 1 | M10: =IF(ISBLANK(E10)=TRUE,0,1) -> 1 | N10: =IF(ISBLANK(F10)=TRUE,0,1) -> 1 | O10: =IF(ISBLANK(G10)=TRUE,0,1) -> 1 | P10: =IF(ISBLANK(H10)=TRUE,0,1) -> 1 | Q10: =IF(COUNTIF(A:A, A10) > 1, 0, 1) -> 1 | R10: =IF(ISERROR(VLOOKUP(A10, 'Project Reference'!A:A, 1, FALSE)), 0, 1) -> 1 | S10: =IFERROR(__xludf.DUMMYFUNCTION("IF(AND(REGEXMATCH(D10, B10), REGEXMATCH(D10, C10)), 1, 0) "),1.0) -> 1 | T10: =IF(AND(YEAR(E10)>=2023, YEAR(E10)<=2024), 1, 0) -> 1 | U10: =IF(F10-E10>=3, 1, 0) -> 0 | V10: =IF(G10>10000000000, 0, 1) -> 1
A11: CN-0409-2023 | B11: Flyover | C11: Jakarta | D11: Pembuatan Flyover Jakarta | E11: 45240 | F11: 45074 | G11: 4659030076 | I11: =IF(ISBLANK(A11)=TRUE,0,1) -> 1 | J11: =IF(ISBLANK(B11)=TRUE,0,1) -> 1 | K11: =IF(ISBLANK(C11)=TRUE,0,1) -> 1 | L11: =IF(ISBLANK(D11)=TRUE,0,1) -> 1 | M11: =IF(ISBLANK(E11)=TRUE,0,1) -> 1 | N11: =IF(ISBLANK(F11)=TRUE,0,1) -> 1 | O11: =IF(ISBLANK(G11)=TRUE,0,1) -> 1 | P11: =IF(ISBLANK(H11)=TRUE,0,1) -> 0 | Q11: =IF(COUNTIF(A:A, A11) > 1, 0, 1) -> 1 | R11: =IF(ISERROR(VLOOKUP(A11, 'Project Reference'!A:A, 1, FALSE)), 0, 1) -> 1 | S11: =IFERROR(__xludf.DUMMYFUNCTION("IF(AND(REGEXMATCH(D11, B11), REGEXMATCH(D11, C11)), 1, 0) "),1.0) -> 1 | T11: =IF(AND(YEAR(E11)>=2023, YEAR(E11)<=2024), 1, 0) -> 1 | U11: =IF(F11-E11>=3, 1, 0) -> 0 | V11: =IF(G11>10000000000, 0, 1) -> 1
A12: CN-0413-2023 | B12: Drainase | C12: Surabaya | D12: Perbaikan Drainase Surabaya | E12: 45241 | F12: 44946 | G12: 308009410 | H12: PT A | I12: =IF(ISBLANK(A12)=TRUE,0,1) -> 1 | J12: =IF(ISBLANK(B12)=TRUE,0,1) -> 1 | K12: =IF(ISBLANK(C12)=TRUE,0,1) -> 1 | L12: =IF(ISBLANK(D12)=TRUE,0,1) -> 1 | M12: =IF(ISBLANK(E12)=TRUE,0,1) -> 1 | N12: =IF(ISBLANK(F12)=TRUE,0,1) -> 1 | O12: =IF(ISBLANK(G12)=TRUE,0,1) -> 1 | P12: =IF(ISBLANK(H12)=TRUE,0,1) -> 1 | Q12: =IF(COUNTIF(A:A, A12) > 1, 0, 1) -> 1 | R12: =IF(ISERROR(VLOOKUP(A12, 'Project Reference'!A:A, 1, FALSE)), 0, 1) -> 1 | S12: =IFERROR(__xludf.DUMMYFUNCTION("IF(AND(REGEXMATCH(D12, B12), REGEXMATCH(D12, C12)), 1, 0) "),1.0) -> 1 | T12: =IF(AND(YEAR(E12)>=2023, YEAR(E12)<=2024), 1, 0) -> 1 | U12: =IF(F12-E12>=3, 1, 0) -> 0 | V12: =IF(G12>10000000000, 0, 1) -> 1
A13: CN-0415-2023 | B13: Jembatan | C13: Medan | D13: Pembuatan Jembatan Medan | E13: 45242 | F13: 45098 | G13: 5932217911 | H13: CV Sihombing | I13: =IF(ISBLANK(A13)=TRUE,0,1) -> 1 | J13: =IF(ISBLANK(B13)=TRUE,0,1) -> 1 | K13: =IF(ISBLANK(C13)=TRUE,0,1) -> 1 | L13: =IF(ISBLANK(D13)=TRUE,0,1) -> 1 | M13: =IF(ISBLANK(E13)=TRUE,0,1) -> 1 | N13: =IF(ISBLANK(F13)=TRUE,0,1) -> 1 | O13: =IF(ISBLANK(G13)=TRUE,0,1) -> 1 | P13: =IF(ISBLANK(H13)=TRUE,0,1) -> 1 | Q13: =IF(COUNTIF(A:A, A13) > 1, 0, 1) -> 1 | R13: =IF(ISERROR(VLOOKUP(A13, 'Project Reference'!A:A, 1, FALSE)), 0, 1) -> 1 | S13: =IFERROR(__xludf.DUMMYFUNCTION("IF(AND(REGEXMATCH(D13, B13), REGEXMATCH(D13, C13)), 1, 0) "),1.0) -> 1 | T13: =IF(AND(YEAR(E13)>=2023, YEAR(E13)<=2024), 1, 0) -> 1 | U13: =IF(F13-E13>=3, 1, 0) -> 0 | V13: =IF(G13>10000000000, 0, 1) -> 1
A14: CN-0473-2023 | B14: Gedung | C14: Bau-Bau | D14: Perbaikan Gedung Pemerintah Bau-Bau | E14: 45286 | F14: 45044 | G14: 9221677626 | H14: PT. Yuniar Hakim Tbk | I14: =IF(ISBLANK(A14)=TRUE,0,1) -> 1 | J14: =IF(ISBLANK(B14)=TRUE,0,1) -> 1 | K14: =IF(ISBLANK(C14)=TRUE,0,1) -> 1 | L14: =IF(ISBLANK(D14)=TRUE,0,1) -> 1 | M14: =IF(ISBLANK(E14)=TRUE,0,1) -> 1 | N14: =IF(ISBLANK(F14)=TRUE,0,1) -> 1 | O14: =IF(ISBLANK(G14)=TRUE,0,1) -> 1 | P14: =IF(ISBLANK(H14)=TRUE,0,1) -> 1 | Q14: =IF(COUNTIF(A:A, A14) > 1, 0, 1) -> 1 | R14: =IF(ISERROR(VLOOKUP(A14, 'Project Reference'!A:A, 1, FALSE)), 0, 1) -> 1 | S14: =IFERROR(__xludf.DUMMYFUNCTION("IF(AND(REGEXMATCH(D14, B14), REGEXMATCH(D14, C14)), 1, 0) "),1.0) -> 1 | T14: =IF(AND(YEAR(E14)>=2023, YEAR(E14)<=2024), 1, 0) -> 1 | U14: =IF(F14-E14>=3, 1, 0) -> 0 | V14: =IF(G14>10000000000, 0, 1) -> 1
A15: CN-9999-2024 | B15: Jalan Raya | C15: Jakarta | D15: Tes | E15: 45292 | F15: 45292 | G15: 105133426 | H15: x | I15: =IF(ISBLANK(A15)=TRUE,0,1) -> 1 | J15: =IF(ISBLANK(B15)=TRUE,0,1) -> 1 | K15: =IF(ISBLANK(C15)=TRUE,0,1) -> 1 | L15: =IF(ISBLANK(D15)=TRUE,0,1) -> 1 | M15: =IF(ISBLANK(E15)=TRUE,0,1) -> 1 | N15: =IF(ISBLANK(F15)=TRUE,0,1) -> 1 | O15: =IF(ISBLANK(G15)=TRUE,0,1) -> 1 | P15: =IF(ISBLANK(H15)=TRUE,0,1) -> 1 | Q15: =IF(COUNTIF(A:A, A15) > 1, 0, 1) -> 1 | R15: =IF(ISERROR(VLOOKUP(A15, 'Project Reference'!A:A, 1, FALSE)), 0, 1) -> 0 | S15: =IFERROR(__xludf.DUMMYFUNCTION("IF(AND(REGEXMATCH(D15, B15), REGEXMATCH(D15, C15)), 1, 0) "),0.0) -> 0 | T15: =IF(AND(YEAR(E15)>=2023, YEAR(E15)<=2024), 1, 0) -> 1 | U15: =IF(F15-E15>=3, 1, 0) -> 0 | V15: =IF(G15>10000000000, 0, 1) -> 1
A16: CN-0001-2023 | B16: Drainase | C16: Bandung | D16: Perbaikan Drainase Bandung | E16: 44927 | F16: 44994 | G16: 649208256 | H16: PT. Lailasari Hariyah (Persero) Tbk | I16: =IF(ISBLANK(A16)=TRUE,0,1) -> 1 | J16: =IF(ISBLANK(B16)=TRUE,0,1) -> 1 | K16: =IF(ISBLANK(C16)=TRUE,0,1) -> 1 | L16: =IF(ISBLANK(D16)=TRUE,0,1) -> 1 | M16: =IF(ISBLANK(E16)=TRUE,0,1) -> 1 | N16: =IF(ISBLANK(F16)=TRUE,0,1) -> 1 | O16: =IF(ISBLANK(G16)=TRUE,0,1) -> 1 | P16: =IF(ISBLANK(H16)=TRUE,0,1) -> 1 | Q16: =IF(COUNTIF(A:A, A16) > 1, 0, 1) -> 1 | R16: =IF(ISERROR(VLOOKUP(A16, 'Project Reference'!A:A, 1, FALSE)), 0, 1) -> 1 | S16: =IFERROR(__xludf.DUMMYFUNCTION("IF(AND(REGEXMATCH(D16, B16), REGEXMATCH(D16, C16)), 1, 0) "),1.0) -> 1 | T16: =IF(AND(YEAR(E16)>=2023, YEAR(E16)<=2024), 1, 0) -> 1 | U16: =IF(F16-E16>=3, 1, 0) -> 1 | V16: =IF(G16>10000000000, 0, 1) -> 1
A17: CN-0001-2024 | B17: Drainase | C17: Surabaya | D17: Perbaikan Drainase Surabaya | E17: 45319 | F17: 45323 | G17: 326999652 | H17: CV Sihombing | I17: =IF(ISBLANK(A17)=TRUE,0,1) -> 1 | J17: =IF(ISBLANK(B17)=TRUE,0,1) -> 1 | K17: =IF(ISBLANK(C17)=TRUE,0,1) -> 1 | L17: =IF(ISBLANK(D17)=TRUE,0,1) -> 1 | M17: =IF(ISBLANK(E17)=TRUE,0,1) -> 1 | N17: =IF(ISBLANK(F17)=TRUE,0,1) -> 1 | O17: =IF(ISBLANK(G17)=TRUE,0,1) -> 1 | P17: =IF(ISBLANK(H17)=TRUE,0,1) -> 1 | Q17: =IF(COUNTIF(A:A, A17) > 1, 0, 1) -> 1 | R17: =IF(ISERROR(VLOOKUP(A17, 'Project Reference'!A:A, 1, FALSE)), 0, 1) -> 1 | S17: =IFERROR(__xludf.DUMMYFUNCTION("IF(AND(REGEXMATCH(D17, B17), REGEXMATCH(D17, C17)), 1, 0) "),1.0) -> 1 | T17: =IF(AND(YEAR(E17)>=2023, YEAR(E17)<=2024), 1, 0) -> 1 | U17: =IF(F17-E17>=3, 1, 0) -> 1 | V17: =IF(G17>10000000000, 0, 1) -> 1
A18: CN-0002-2023 | B18: Flyover | C18: Depok | D18: Pembuatan Flyover Depok | E18: 44927 | F18: 45062 | G18: 3474309188 | H18: CV Sihombing | I18: =IF(ISBLANK(A18)=TRUE,0,1) -> 1 | J18: =IF(ISBLANK(B18)=TRUE,0,1) -> 1 | K18: =IF(ISBLANK(C18)=TRUE,0,1) -> 1 | L18: =IF(ISBLANK(D18)=TRUE,0,1) -> 1 | M18: =IF(ISBLANK(E18)=TRUE,0,1) -> 1 | N18: =IF(ISBLANK(F18)=TRUE,0,1) -> 1 | O18: =IF(ISBLANK(G18)=TRUE,0,1) -> 1 | P18: =IF(ISBLANK(H18)=TRUE,0,1) -> 1 | Q18: =IF(COUNTIF(A:A, A18) > 1, 0, 1) -> 1 | R18: =IF(ISERROR(VLOOKUP(A18, 'Project Reference'!A:A, 1, FALSE)), 0, 1) -> 1 | S18: =IFERROR(__xludf.DUMMYFUNCTION("IF(AND(REGEXMATCH(D18, B18), REGEXMATCH(D18, C18)), 1, 0) "),1.0) -> 1 | T18: =IF(AND(YEAR(E18)>=2023, YEAR(E18)<=2024), 1, 0) -> 1 | U18: =IF(F18-E18>=3, 1, 0) -> 1 | V18: =IF(G18>10000000000, 0, 1) -> 1
A19: CN-0002-2024 | B19: Gedung | C19: Jakarta | D19: Perbaikan Gedung Pemerintah Jakarta | E19: 45320 | F19: 45336 | G19: 8587951510 | H19: CV Sihombing | I19: =IF(ISBLANK(A19)=TRUE,0,1) -> 1 | J19: =IF(ISBLANK(B19)=TRUE,0,1) -> 1 | K19: =IF(ISBLANK(C19)=TRUE,0,1) -> 1 | L19: =IF(ISBLANK(D19)=TRUE,0,1) -> 1 | M19: =IF(ISBLANK(E19)=TRUE,0,1) -> 1 | N19: =IF(ISBLANK(F19)=TRUE,0,1) -> 1 | O19: =IF(ISBLANK(G19)=TRUE,0,1) -> 1 | P19: =IF(ISBLANK(H19)=TRUE,0,1) -> 1 | Q19: =IF(COUNTIF(A:A, A19) > 1, 0, 1) -> 1 | R19: =IF(ISERROR(VLOOKUP(A19, 'Project Reference'!A:A, 1, FALSE)), 0, 1) -> 1 | S19: =IFERROR(__xludf.DUMMYFUNCTION("IF(AND(REGEXMATCH(D19, B19), REGEXMATCH(D19, C19)), 1, 0) "),1.0) -> 1 | T19: =IF(AND(YEAR(E19)>=2023, YEAR(E19)<=2024), 1, 0) -> 1 | U19: =IF(F19-E19>=3, 1, 0) -> 1 | V19: =IF(G19>10000000000, 0, 1) -> 1
A20: CN-0003-2023 | B20: Jalan Raya | C20: Bandung | D20: Perbaikan Jalan Raya Bandung | E20: 44928 | F20: 45239 | G20: 191505827 | I20: =IF(ISBLANK(A20)=TRUE,0,1) -> 1 | J20: =IF(ISBLANK(B20)=TRUE,0,1) -> 1 | K20: =IF(ISBLANK(C20)=TRUE,0,1) -> 1 | L20: =IF(ISBLANK(D20)=TRUE,0,1) -> 1 | M20: =IF(ISBLANK(E20)=TRUE,0,1) -> 1 | N20: =IF(ISBLANK(F20)=TRUE,0,1) -> 1 | O20: =IF(ISBLANK(G20)=TRUE,0,1) -> 1 | P20: =IF(ISBLANK(H20)=TRUE,0,1) -> 0 | Q20: =IF(COUNTIF(A:A, A20) > 1, 0, 1) -> 1 | R20: =IF(ISERROR(VLOOKUP(A20, 'Project Reference'!A:A, 1, FALSE)), 0, 1) -> 1 | S20: =IFERROR(__xludf.DUMMYFUNCTION("IF(AND(REGEXMATCH(D20, B20), REGEXMATCH(D20, C20)), 1, 0) "),1.0) -> 1 | T20: =IF(AND(YEAR(E20)>=2023, YEAR(E20)<=2024), 1, 0) -> 1 | U20: =IF(F20-E20>=3, 1, 0) -> 1 | V20: =IF(G20>10000000000, 0, 1) -> 1
A21: CN-0003-2024 | B21: Gedung | C21: Tomohon | D21: Perbaikan Gedung Pemerintah Tomohon | E21: 45323 | F21: 45343 | G21: 8016851785 | H21: PT. Yuniar Hakim Tbk | I21: =IF(ISBLANK(A21)=TRUE,0,1) -> 1 | J21: =IF(ISBLANK(B21)=TRUE,0,1) -> 1 | K21: =IF(ISBLANK(C21)=TRUE,0,1) -> 1 | L21: =IF(ISBLANK(D21)=TRUE,0,1) -> 1 | M21: =IF(ISBLANK(E21)=TRUE,0,1) -> 1 | N21: =IF(ISBLANK(F21)=TRUE,0,1) -> 1 | O21: =IF(ISBLANK(G21)=TRUE,0,1) -> 1 | P21: =IF(ISBLANK(H21)=TRUE,0,1) -> 1 | Q21: =IF(COUNTIF(A:A, A21) > 1, 0, 1) -> 1 | R21: =IF(ISERROR(VLOOKUP(A21, 'Project Reference'!A:A, 1, FALSE)), 0, 1) -> 1 | S21: =IFERROR(__xludf.DUMMYFUNCTION("IF(AND(REGEXMATCH(D21, B21), REGEXMATCH(D21, C21)), 1, 0) "),1.0) -> 1 | T21: =IF(AND(YEAR(E21)>=2023, YEAR(E21)<=2024), 1, 0) -> 1 | U21: =IF(F21-E21>=3, 1, 0) -> 1 | V21: =IF(G21>10000000000, 0, 1) -> 1
A22: CN-0004-2023 | B22: Flyover | C22: Tomohon | D22: Pembuatan Flyover Tomohon | E22: 44928 | F22: 45006 | G22: 3979021821 | H22: PT D | I22: =IF(ISBLANK(A22)=TRUE,0,1) -> 1 | J22: =IF(ISBLANK(B22)=TRUE,0,1) -> 1 | K22: =IF(ISBLANK(C22)=TRUE,0,1) -> 1 | L22: =IF(ISBLANK(D22)=TRUE,0,1) -> 1 | M22: =IF(ISBLANK(E22)=TRUE,0,1) -> 1 | N22: =IF(ISBLANK(F22)=TRUE,0,1) -> 1 | O22: =IF(ISBLANK(G22)=TRUE,0,1) -> 1 | P22: =IF(ISBLANK(H22)=TRUE,0,1) -> 1 | Q22: =IF(COUNTIF(A:A, A22) > 1, 0, 1) -> 1 | R22: =IF(ISERROR(VLOOKUP(A22, 'Project Reference'!A:A, 1, FALSE)), 0, 1) -> 1 | S22: =IFERROR(__xludf.DUMMYFUNCTION("IF(AND(REGEXMATCH(D22, B22), REGEXMATCH(D22, C22)), 1, 0) "),1.0) -> 1 | T22: =IF(AND(YEAR(E22)>=2023, YEAR(E22)<=2024), 1, 0) -> 1 | U22: =IF(F22-E22>=3, 1, 0) -> 1 | V22: =IF(G22>10000000000, 0, 1) -> 1
A23: CN-0004-2024 | B23: Gedung | C23: Jakarta | D23: Perbaikan Gedung Pemerintah Jakarta | E23: 45325 | F23: 45342 | G23: 2153093275 | H23: PT. Yuniar Hakim Tbk | I23: =IF(ISBLANK(A23)=TRUE,0,1) -> 1 | J23: =IF(ISBLANK(B23)=TRUE,0,1) -> 1 | K23: =IF(ISBLANK(C23)=TRUE,0,1) -> 1 | L23: =IF(ISBLANK(D23)=TRUE,0,1) -> 1 | M23: =IF(ISBLANK(E23)=TRUE,0,1) -> 1 | N23: =IF(ISBLANK(F23)=TRUE,0,1) -> 1 | O23: =IF(ISBLANK(G23)=TRUE,0,1) -> 1 | P23: =IF(ISBLANK(H23)=TRUE,0,1) -> 1 | Q23: =IF(COUNTIF(A:A, A23) > 1, 0, 1) -> 1 | R23: =IF(ISERROR(VLOOKUP(A23, 'Project Reference'!A:A, 1, FALSE)), 0, 1) -> 1 | S23: =IFERROR(__xludf.DUMMYFUNCTION("IF(AND(REGEXMATCH(D23, B23), REGEXMATCH(D23, C23)), 1, 0) "),1.0) -> 1 | T23: =IF(AND(YEAR(E23)>=2023, YEAR(E23)<=2024), 1, 0) -> 1 | U23: =IF(F23-E23>=3, 1, 0) -> 1 | V23: =IF(G23>10000000000, 0, 1) -> 1
A24: CN-0005-2023 | B24: Drainase | C24: Jakarta | D24: Perbaikan Drainase Jakarta | E24: 44928 | F24: 45271 | G24: 683556997 | H24: PT A | I24: =IF(ISBLANK(A24)=TRUE,0,1) -> 1 | J24: =IF(ISBLANK(B24)=TRUE,0,1) -> 1 | K24: =IF(ISBLANK(C24)=TRUE,0,1) -> 1 | L24: =IF(ISBLANK(D24)=TRUE,0,1) -> 1 | M24: =IF(ISBLANK(E24)=TRUE,0,1) -> 1 | N24: =IF(ISBLANK(F24)=TRUE,0,1) -> 1 | O24: =IF(ISBLANK(G24)=TRUE,0,1) -> 1 | P24: =IF(ISBLANK(H24)=TRUE,0,1) -> 1 | Q24: =IF(COUNTIF(A:A, A24) > 1, 0, 1) -> 1 | R24: =IF(ISERROR(VLOOKUP(A24, 'Project Reference'!A:A, 1, FALSE)), 0, 1) -> 1 | S24: =IFERROR(__xludf.DUMMYFUNCTION("IF(AND(REGEXMATCH(D24, B24), REGEXMATCH(D24, C24)), 1, 0) "),1.0) -> 1 | T24: =IF(AND(YEAR(E24)>=2023, YEAR(E24)<=2024), 1, 0) -> 1 | U24: =IF(F24-E24>=3, 1, 0) -> 1 | V24: =IF(G24>10000000000, 0, 1) -> 1
A25: CN-0005-2024 | B25: Jembatan | C25: Bau-Bau | D25: Perbaikan Jembatan Bau-Bau | E25: 45327 | F25: 45353 | G25: 4636324090 | H25: PT. Lailasari Hariyah (Persero) Tbk | I25: =IF(ISBLANK(A25)=TRUE,0,1) -> 1 | J25: =IF(ISBLANK(B25)=TRUE,0,1) -> 1 | K25: =IF(ISBLANK(C25)=TRUE,0,1) -> 1 | L25: =IF(ISBLANK(D25)=TRUE,0,1) -> 1 | M25: =IF(ISBLANK(E25)=TRUE,0,1) -> 1 | N25: =IF(ISBLANK(F25)=TRUE,0,1) -> 1 | O25: =IF(ISBLANK(G25)=TRUE,0,1) -> 1 | P25: =IF(ISBLANK(H25)=TRUE,0,1) -> 1 | Q25: =IF(COUNTIF(A:A, A25) > 1, 0, 1) -> 1 | R25: =IF(ISERROR(VLOOKUP(A25, 'Project Reference'!A:A, 1, FALSE)), 0, 1) -> 1 | S25: =IFERROR(__xludf.DUMMYFUNCTION("IF(AND(REGEXMATCH(D25, B25), REGEXMATCH(D25, C25)), 1, 0) "),1.0) -> 1 | T25: =IF(AND(YEAR(E25)>=2023, YEAR(E25)<=2024), 1, 0) -> 1 | U25: =IF(F25-E25>=3, 1, 0) -> 1 | V25: =IF(G25>10000000000, 0, 1) -> 1
A26: CN-0006-2023 | B26: Drainase | C26: Tomohon | D26: Perbaikan Drainase Tomohon | E26: 44929 | F26: 45230 | G26: 663835414 | H26: PT B | I26: =IF(ISBLANK(A26)=TRUE,0,1) -> 1 | J26: =IF(ISBLANK(B26)=TRUE,0,1) -> 1 | K26: =IF(ISBLANK(C26)=TRUE,0,1) -> 1 | L26: =IF(ISBLANK(D26)=TRUE,0,1) -> 1 | M26: =IF(ISBLANK(E26)=TRUE,0,1) -> 1 | N26: =IF(ISBLANK(F26)=TRUE,0,1) -> 1 | O26: =IF(ISBLANK(G26)=TRUE,0,1) -> 1 | P26: =IF(ISBLANK(H26)=TRUE,0,1) -> 1 | Q26: =IF(COUNTIF(A:A, A26) > 1, 0, 1) -> 1 | R26: =IF(ISERROR(VLOOKUP(A26, 'Project Reference'!A:A, 1, FALSE)), 0, 1) -> 1 | S26: =IFERROR(__xludf.DUMMYFUNCTION("IF(AND(REGEXMATCH(D26, B26), REGEXMATCH(D26, C26)), 1, 0) "),1.0) -> 1 | T26: =IF(AND(YEAR(E26)>=2023, YEAR(E26)<=2024), 1, 0) -> 1 | U26: =IF(F26-E26>=3, 1, 0) -> 1 | V26: =IF(G26>10000000000, 0, 1) -> 1
A27: CN-0006-2024 | B27: Drainase | C27: Bandung | D27: Perbaikan Drainase Bandung | E27: 45329 | F27: 45360 | G27: 698540517 | H27: PT A | I27: =IF(ISBLANK(A27)=TRUE,0,1) -> 1 | J27: =IF(ISBLANK(B27)=TRUE,0,1) -> 1 | K27: =IF(ISBLANK(C27)=TRUE,0,1) -> 1 | L27: =IF(ISBLANK(D27)=TRUE,0,1) -> 1 | M27: =IF(ISBLANK(E27)=TRUE,0,1) -> 1 | N27: =IF(ISBLANK(F27)=TRUE,0,1) -> 1 | O27: =IF(ISBLANK(G27)=TRUE,0,1) -> 1 | P27: =IF(ISBLANK(H27)=TRUE,0,1) -> 1 | Q27: =IF(COUNTIF(A:A, A27) > 1, 0, 1) -> 1 | R27: =IF(ISERROR(VLOOKUP(A27, 'Project Reference'!A:A, 1, FALSE)), 0, 1) -> 1 | S27: =IFERROR(__xludf.DUMMYFUNCTION("IF(AND(REGEXMATCH(D27, B27), REGEXMATCH(D27, C27)), 1, 0) "),1.0) -> 1 | T27: =IF(AND(YEAR(E27)>=2023, YEAR(E27)<=2024), 1, 0) -> 1 | U27: =IF(F27-E27>=3, 1, 0) -> 1 | V27: =IF(G27>10000000000, 0, 1) -> 1
A28: CN-0007-2023 | B28: Flyover | C28: Medan | D28: Pembuatan Flyover Medan | E28: 44929 | F28: 45261 | G28: 2423693734 | H28: PT D | I28: =IF(ISBLANK(A28)=TRUE,0,1) -> 1 | J28: =IF(ISBLANK(B28)=TRUE,0,1) -> 1 | K28: =IF(ISBLANK(C28)=TRUE,0,1) -> 1 | L28: =IF(ISBLANK(D28)=TRUE,0,1) -> 1 | M28: =IF(ISBLANK(E28)=TRUE,0,1) -> 1 | N28: =IF(ISBLANK(F28)=TRUE,0,1) -> 1 | O28: =IF(ISBLANK(G28)=TRUE,0,1) -> 1 | P28: =IF(ISBLANK(H28)=TRUE,0,1) -> 1 | Q28: =IF(COUNTIF(A:A, A28) > 1, 0, 1) -> 1 | R28: =IF(ISERROR(VLOOKUP(A28, 'Project Reference'!A:A, 1, FALSE)), 0, 1) -> 1 | S28: =IFERROR(__xludf.DUMMYFUNCTION("IF(AND(REGEXMATCH(D28, B28), REGEXMATCH(D28, C28)), 1, 0) "),1.0) -> 1 | T28: =IF(AND(YEAR(E28)>=2023, YEAR(E28)<=2024), 1, 0) -> 1 | U28: =IF(F28-E28>=3, 1, 0) -> 1 | V28: =IF(G28>10000000000, 0, 1) -> 1
A29: CN-0007-2024 | B29: Drainase | C29: Depok | D29: Perbaikan Drainase Depok | E29: 45330 | F29: 45337 | G29: 313131839 | H29: PT D | I29: =IF(ISBLANK(A29)=TRUE,0,1) -> 1 | J29: =IF(ISBLANK(B29)=TRUE,0,1) -> 1 | K29: =IF(ISBLANK(C29)=TRUE,0,1) -> 1 | L29: =IF(ISBLANK(D29)=TRUE,0,1) -> 1 | M29: =IF(ISBLANK(E29)=TRUE,0,1) -> 1 | N29: =IF(ISBLANK(F29)=TRUE,0,1) -> 1 | O29: =IF(ISBLANK(G29)=TRUE,0,1) -> 1 | P29: =IF(ISBLANK(H29)=TRUE,0,1) -> 1 | Q29: =IF(COUNTIF(A:A, A29) > 1, 0, 1) -> 1 | R29: =IF(ISERROR(VLOOKUP(A29, 'Project Reference'!A:A, 1, FALSE)), 0, 1) -> 1 | S29: =IFERROR(__xludf.DUMMYFUNCTION("IF(AND(REGEXMATCH(D29, B29), REGEXMATCH(D29, C29)), 1, 0) "),1.0) -> 1 | T29: =IF(AND(YEAR(E29)>=2023, YEAR(E29)<=2024), 1, 0) -> 1 | U29: =IF(F29-E29>=3, 1, 0) -> 1 | V29: =IF(G29>10000000000, 0, 1) -> 1
A30: CN-0008-2023 | B30: Jalan Raya | C30: Bandung | D30: Perbaikan Jalan Raya Bandung | E30: 44929 | F30: 45041 | G30: 281077623 | H30: PT. Yuniar Hakim Tbk | I30: =IF(ISBLANK(A30)=TRUE,0,1) -> 1 | J30: =IF(ISBLANK(B30)=TRUE,0,1) -> 1 | K30: =IF(ISBLANK(C30)=TRUE,0,1) -> 1 | L30: =IF(ISBLANK(D30)=TRUE,0,1) -> 1 | M30: =IF(ISBLANK(E30)=TRUE,0,1) -> 1 | N30: =IF(ISBLANK(F30)=TRUE,0,1) -> 1 | O30: =IF(ISBLANK(G30)=TRUE,0,1) -> 1 | P30: =IF(ISBLANK(H30)=TRUE,0,1) -> 1 | Q30: =IF(COUNTIF(A:A, A30) > 1, 0, 1) -> 1 | R30: =IF(ISERROR(VLOOKUP(A30, 'Project Reference'!A:A, 1, FALSE)), 0, 1) -> 1 | S30: =IFERROR(__xludf.DUMMYFUNCTION("IF(AND(REGEXMATCH(D30, B30), REGEXMATCH(D30, C30)), 1, 0) "),1.0) -> 1 | T30: =IF(AND(YEAR(E30)>=2023, YEAR(E30)<=2024), 1, 0) -> 1 | U30: =IF(F30-E30>=3, 1, 0) -> 1 | V30: =IF(G30>10000000000, 0, 1) -> 1
A31: CN-0008-2024 | B31: Jembatan | C31: Jakarta | D31: Pembuatan Jembatan Jakarta | E31: 45330 | F31: 45386 | G31: 921085536 | H31: PT B | I31: =IF(ISBLANK(A31)=TRUE,0,1) -> 1 | J31: =IF(ISBLANK(B31)=TRUE,0,1) -> 1 | K31: =IF(ISBLANK(C31)=TRUE,0,1) -> 1 | L31: =IF(ISBLANK(D31)=TRUE,0,1) -> 1 | M31: =IF(ISBLANK(E31)=TRUE,0,1) -> 1 | N31: =IF(ISBLANK(F31)=TRUE,0,1) -> 1 | O31: =IF(ISBLANK(G31)=TRUE,0,1) -> 1 | P31: =IF(ISBLANK(H31)=TRUE,0,1) -> 1 | Q31: =IF(COUNTIF(A:A, A31) > 1, 0, 1) -> 1 | R31: =IF(ISERROR(VLOOKUP(A31, 'Project Reference'!A:A, 1, FALSE)), 0, 1) -> 1 | S31: =IFERROR(__xludf.DUMMYFUNCTION("IF(AND(REGEXMATCH(D31, B31), REGEXMATCH(D31, C31)), 1, 0) "),1.0) -> 1 | T31: =IF(AND(YEAR(E31)>=2023, YEAR(E31)<=2024), 1, 0) -> 1 | U31: =IF(F31-E31>=3, 1, 0) -> 1 | V31: =IF(G31>10000000000, 0, 1) -> 1
A32: CN-0009-2023 | B32: Jalan Raya | C32: Jakarta | D32: Perbaikan Jalan Raya Jakarta | E32: 44930 | F32: 45182 | G32: 241214887 | H32: PT B | I32: =IF(ISBLANK(A32)=TRUE,0,1) -> 1 | J32: =IF(ISBLANK(B32)=TRUE,0,1) -> 1 | K32: =IF(ISBLANK(C32)=TRUE,0,1) -> 1 | L32: =IF(ISBLANK(D32)=TRUE,0,1) -> 1 | M32: =IF(ISBLANK(E32)=TRUE,0,1) -> 1 | N32: =IF(ISBLANK(F32)=TRUE,0,1) -> 1 | O32: =IF(ISBLANK(G32)=TRUE,0,1) -> 1 | P32: =IF(ISBLANK(H32)=TRUE,0,1) -> 1 | Q32: =IF(COUNTIF(A:A, A32) > 1, 0, 1) -> 1 | R32: =IF(ISERROR(VLOOKUP(A32, 'Project Reference'!A:A, 1, FALSE)), 0, 1) -> 1 | S32: =IFERROR(__xludf.DUMMYFUNCTION("IF(AND(REGEXMATCH(D32, B32), REGEXMATCH(D32, C32)), 1, 0) "),1.0) -> 1 | T32: =IF(AND(YEAR(E32)>=2023, YEAR(E32)<=2024), 1, 0) -> 1 | U32: =IF(F32-E32>=3, 1, 0) -> 1 | V32: =IF(G32>10000000000, 0, 1) -> 1
A33: CN-0009-2024 | B33: Drainase | C33: Bandung | D33: Perbaikan Drainase Bandung | E33: 45334 | F33: 45351 | G33: 425861681 | H33: PT D | I33: =IF(ISBLANK(A33)=TRUE,0,1) -> 1 | J33: =IF(ISBLANK(B33)=TRUE,0,1) -> 1 | K33: =IF(ISBLANK(C33)=TRUE,0,1) -> 1 | L33: =IF(ISBLANK(D33)=TRUE,0,1) -> 1 | M33: =IF(ISBLANK(E33)=TRUE,0,1) -> 1 | N33: =IF(ISBLANK(F33)=TRUE,0,1) -> 1 | O33: =IF(ISBLANK(G33)=TRUE,0,1) -> 1 | P33: =IF(ISBLANK(H33)=TRUE,0,1) -> 1 | Q33: =IF(COUNTIF(A:A, A33) > 1, 0, 1) -> 1 | R33: =IF(ISERROR(VLOOKUP(A33, 'Project Reference'!A:A, 1, FALSE)), 0, 1) -> 1 | S33: =IFERROR(__xludf.DUMMYFUNCTION("IF(AND(REGEXMATCH(D33, B33), REGEXMATCH(D33, C33)), 1, 0) "),1.0) -> 1 | T33: =IF(AND(YEAR(E33)>=2023, YEAR(E33)<=2024), 1, 0) -> 1 | U33: =IF(F33-E33>=3, 1, 0) -> 1 | V33: =IF(G33>10000000000, 0, 1) -> 1
A34: CN-0010-2023 | B34: Jalan Raya | C34: Bau-Bau | D34: Perbaikan Jalan Raya Bau-Bau | E34: 44930 | F34: 45244 | G34: 749126801 | H34: PT. Lailasari Hariyah (Persero) Tbk | I34: =IF(ISBLANK(A34)=TRUE,0,1) -> 1 | J34: =IF(ISBLANK(B34)=TRUE,0,1) -> 1 | K34: =IF(ISBLANK(C34)=TRUE,0,1) -> 1 | L34: =IF(ISBLANK(D34)=TRUE,0,1) -> 1 | M34: =IF(ISBLANK(E34)=TRUE,0,1) -> 1 | N34: =IF(ISBLANK(F34)=TRUE,0,1) -> 1 | O34: =IF(ISBLANK(G34)=TRUE,0,1) -> 1 | P34: =IF(ISBLANK(H34)=TRUE,0,1) -> 1 | Q34: =IF(COUNTIF(A:A, A34) > 1, 0, 1) -> 1 | R34: =IF(ISERROR(VLOOKUP(A34, 'Project Reference'!A:A, 1, FALSE)), 0, 1) -> 1 | S34: =IFERROR(__xludf.DUMMYFUNCTION("IF(AND(REGEXMATCH(D34, B34), REGEXMATCH(D34, C34)), 1, 0) "),1.0) -> 1 | T34: =IF(AND(YEAR(E34)>=2023, YEAR(E34)<=2024), 1, 0) -> 1 | U34: =IF(F34-E34>=3, 1, 0) -> 1 | V34: =IF(G34>10000000000, 0, 1) -> 1
A35: CN-0010-2024 | B35: Jembatan | C35: Bau-Bau | D35: Pembuatan Jembatan Bau-Bau | E35: 45335 | F35: 45386 | G35: 6584342537 | H35: PT. Yuniar Hakim Tbk | I35: =IF(ISBLANK(A35)=TRUE,0,1) -> 1 | J35: =IF(ISBLANK(B35)=TRUE,0,1) -> 1 | K35: =IF(ISBLANK(C35)=TRUE,0,1) -> 1 | L35: =IF(ISBLANK(D35)=TRUE,0,1) -> 1 | M35: =IF(ISBLANK(E35)=TRUE,0,1) -> 1 | N35: =IF(ISBLANK(F35)=TRUE,0,1) -> 1 | O35: =IF(ISBLANK(G35)=TRUE,0,1) -> 1 | P35: =IF(ISBLANK(H35)=TRUE,0,1) -> 1 | Q35: =IF(COUNTIF(A:A, A35) > 1, 0, 1) -> 1 | R35: =IF(ISERROR(VLOOKUP(A35, 'Project Reference'!A:A, 1, FALSE)), 0, 1) -> 1 | S35: =IFERROR(__xludf.DUMMYFUNCTION("IF(AND(REGEXMATCH(D35, B35), REGEXMATCH(D35, C35)), 1, 0) "),1.0) -> 1 | T35: =IF(AND(YEAR(E35)>=2023, YEAR(E35)<=2024), 1, 0) -> 1 | U35: =IF(F35-E35>=3, 1, 0) -> 1 | V35: =IF(G35>10000000000, 0, 1) -> 1
A36: CN-0011-2023 | B36: Drainase | C36: Depok | D36: Perbaikan Drainase Depok | E36: 44931 | F36: 44968 | G36: 536495065 | H36: CV Sihombing | I36: =IF(ISBLANK(A36)=TRUE,0,1) -> 1 | J36: =IF(ISBLANK(B36)=TRUE,0,1) -> 1 | K36: =IF(ISBLANK(C36)=TRUE,0,1) -> 1 | L36: =IF(ISBLANK(D36)=TRUE,0,1) -> 1 | M36: =IF(ISBLANK(E36)=TRUE,0,1) -> 1 | N36: =IF(ISBLANK(F36)=TRUE,0,1) -> 1 | O36: =IF(ISBLANK(G36)=TRUE,0,1) -> 1 | P36: =IF(ISBLANK(H36)=TRUE,0,1) -> 1 | Q36: =IF(COUNTIF(A:A, A36) > 1, 0, 1) -> 1 | R36: =IF(ISERROR(VLOOKUP(A36, 'Project Reference'!A:A, 1, FALSE)), 0, 1) -> 1 | S36: =IFERROR(__xludf.DUMMYFUNCTION("IF(AND(REGEXMATCH(D36, B36), REGEXMATCH(D36, C36)), 1, 0) "),1.0) -> 1 | T36: =IF(AND(YEAR(E36)>=2023, YEAR(E36)<=2024), 1, 0) -> 1 | U36: =IF(F36-E36>=3, 1, 0) -> 1 | V36: =IF(G36>10000000000, 0, 1) -> 1
A37: CN-0012-2023 | B37: Drainase | C37: Medan | D37: Perbaikan Drainase Medan | E37: 44932 | F37: 45108 | G37: 341629572 | H37: CV Sihombing | I37: =IF(ISBLANK(A37)=TRUE,0,1) -> 1 | J37: =IF(ISBLANK(B37)=TRUE,0,1) -> 1 | K37: =IF(ISBLANK(C37)=TRUE,0,1) -> 1 | L37: =IF(ISBLANK(D37)=TRUE,0,1) -> 1 | M37: =IF(ISBLANK(E37)=TRUE,0,1) -> 1 | N37: =IF(ISBLANK(F37)=TRUE,0,1) -> 1 | O37: =IF(ISBLANK(G37)=TRUE,0,1) -> 1 | P37: =IF(ISBLANK(H37)=TRUE,0,1) -> 1 | Q37: =IF(COUNTIF(A:A, A37) > 1, 0, 1) -> 1 | R37: =IF(ISERROR(VLOOKUP(A37, 'Project Reference'!A:A, 1, FALSE)), 0, 1) -> 1 | S37: =IFERROR(__xludf.DUMMYFUNCTION("IF(AND(REGEXMATCH(D37, B37), REGEXMATCH(D37, C37)), 1, 0) "),1.0) -> 1 | T37: =IF(AND(YEAR(E37)>=2023, YEAR(E37)<=2024), 1, 0) -> 1 | U37: =IF(F37-E37>=3, 1, 0) -> 1 | V37: =IF(G37>10000000000, 0, 1) -> 1
A38: CN-0012-2024 | B38: Drainase | C38: Tomohon | D38: Perbaikan Drainase Tomohon | E38: 45337 | F38: 45342 | G38: 603837273 | H38: PT B | I38: =IF(ISBLANK(A38)=TRUE,0,1) -> 1 | J38: =IF(ISBLANK(B38)=TRUE,0,1) -> 1 | K38: =IF(ISBLANK(C38)=TRUE,0,1) -> 1 | L38: =IF(ISBLANK(D38)=TRUE,0,1) -> 1 | M38: =IF(ISBLANK(E38)=TRUE,0,1) -> 1 | N38: =IF(ISBLANK(F38)=TRUE,0,1) -> 1 | O38: =IF(ISBLANK(G38)=TRUE,0,1) -> 1 | P38: =IF(ISBLANK(H38)=TRUE,0,1) -> 1 | Q38: =IF(COUNTIF(A:A, A38) > 1, 0, 1) -> 1 | R38: =IF(ISERROR(VLOOKUP(A38, 'Project Reference'!A:A, 1, FALSE)), 0, 1) -> 1 | S38: =IFERROR(__xludf.DUMMYFUNCTION("IF(AND(REGEXMATCH(D38, B38), REGEXMATCH(D38, C38)), 1, 0) "),1.0) -> 1 | T38: =IF(AND(YEAR(E38)>=2023, YEAR(E38)<=2024), 1, 0) -> 1 | U38: =IF(F38-E38>=3, 1, 0) -> 1 | V38: =IF(G38>10000000000, 0, 1) -> 1
A39: CN-0013-2023 | B39: Flyover | C39: Bau-Bau | D39: Pembuatan Flyover Bau-Bau | E39: 44935 | F39: 44971 | G39: 4534202846 | H39: CV Sihombing | I39: =IF(ISBLANK(A39)=TRUE,0,1) -> 1 | J39: =IF(ISBLANK(B39)=TRUE,0,1) -> 1 | K39: =IF(ISBLANK(C39)=TRUE,0,1) -> 1 | L39: =IF(ISBLANK(D39)=TRUE,0,1) -> 1 | M39: =IF(ISBLANK(E39)=TRUE,0,1) -> 1 | N39: =IF(ISBLANK(F39)=TRUE,0,1) -> 1 | O39: =IF(ISBLANK(G39)=TRUE,0,1) -> 1 | P39: =IF(ISBLANK(H39)=TRUE,0,1) -> 1 | Q39: =IF(COUNTIF(A:A, A39) > 1, 0, 1) -> 1 | R39: =IF(ISERROR(VLOOKUP(A39, 'Project Reference'!A:A, 1, FALSE)), 0, 1) -> 1 | S39: =IFERROR(__xludf.DUMMYFUNCTION("IF(AND(REGEXMATCH(D39, B39), REGEXMATCH(D39, C39)), 1, 0) "),1.0) -> 1 | T39: =IF(AND(YEAR(E39)>=2023, YEAR(E39)<=2024), 1, 0) -> 1 | U39: =IF(F39-E39>=3, 1, 0) -> 1 | V39: =IF(G39>10000000000, 0, 1) -> 1
A40: CN-0013-2024 | B40: Drainase | C40: Medan | D40: Perbaikan Drainase Medan | E40: 45338 | F40: 45346 | G40: 257898943 | H40: PT. Yuniar Hakim Tbk | I40: =IF(ISBLANK(A40)=TRUE,0,1) -> 1 | J40: =IF(ISBLANK(B40)=TRUE,0,1) -> 1 | K40: =IF(ISBLANK(C40)=TRUE,0,1) -> 1 | L40: =IF(ISBLANK(D40)=TRUE,0,1) -> 1 | M40: =IF(ISBLANK(E40)=TRUE,0,1) -> 1 | N40: =IF(ISBLANK(F40)=TRUE,0,1) -> 1 | O40: =IF(ISBLANK(G40)=TRUE,0,1) -> 1 | P40: =IF(ISBLANK(H40)=TRUE,0,1) -> 1 | Q40: =IF(COUNTIF(A:A, A40) > 1, 0, 1) -> 1 | R40: =IF(ISERROR(VLOOKUP(A40, 'Project Reference'!A:A, 1, FALSE)), 0, 1) -> 1 | S40: =IFERROR(__xludf.DUMMYFUNCTION("IF(AND(REGEXMATCH(D40, B40), REGEXMATCH(D40, C40)), 1, 0) "),1.0) -> 1 | T40: =IF(AND(YEAR(E40)>=2023, YEAR(E40)<=2024), 1, 0) -> 1 | U40: =IF(F40-E40>=3, 1, 0) -> 1 | V40: =IF(G40>10000000000, 0, 1) -> 1
A41: CN-0014-2023 | B41: Drainase | C41: Medan | D41: Perbaikan Drainase Medan | E41: 44936 | F41: 45295 | G41: 489065831 | H41: PT A | I41: =IF(ISBLANK(A41)=TRUE,0,1) -> 1 | J41: =IF(ISBLANK(B41)=TRUE,0,1) -> 1 | K41: =IF(ISBLANK(C41)=TRUE,0,1) -> 1 | L41: =IF(ISBLANK(D41)=TRUE,0,1) -> 1 | M41: =IF(ISBLANK(E41)=TRUE,0,1) -> 1 | N41: =IF(ISBLANK(F41)=TRUE,0,1) -> 1 | O41: =IF(ISBLANK(G41)=TRUE,0,1) -> 1 | P41: =IF(ISBLANK(H41)=TRUE,0,1) -> 1 | Q41: =IF(COUNTIF(A:A, A41) > 1, 0, 1) -> 1 | R41: =IF(ISERROR(VLOOKUP(A41, 'Project Reference'!A:A, 1, FALSE)), 0, 1) -> 1 | S41: =IFERROR(__xludf.DUMMYFUNCTION("IF(AND(REGEXMATCH(D41, B41), REGEXMATCH(D41, C41)), 1, 0) "),1.0) -> 1 | T41: =IF(AND(YEAR(E41)>=2023, YEAR(E41)<=2024), 1, 0) -> 1 | U41: =IF(F41-E41>=3, 1, 0) -> 1 | V41: =IF(G41>10000000000, 0, 1) -> 1
A42: CN-0014-2024 | B42: Jalan Raya | C42: Surabaya | D42: Perbaikan Jalan Raya Surabaya | E42: 45339 | F42: 45379 | G42: 545662746 | H42: PT A | I42: =IF(ISBLANK(A42)=TRUE,0,1) -> 1 | J42: =IF(ISBLANK(B42)=TRUE,0,1) -> 1 | K42: =IF(ISBLANK(C42)=TRUE,0,1) -> 1 | L42: =IF(ISBLANK(D42)=TRUE,0,1) -> 1 | M42: =IF(ISBLANK(E42)=TRUE,0,1) -> 1 | N42: =IF(ISBLANK(F42)=TRUE,0,1) -> 1 | O42: =IF(ISBLANK(G42)=TRUE,0,1) -> 1 | P42: =IF(ISBLANK(H42)=TRUE,0,1) -> 1 | Q42: =IF(COUNTIF(A:A, A42) > 1, 0, 1) -> 1 | R42: =IF(ISERROR(VLOOKUP(A42, 'Project Reference'!A:A, 1, FALSE)), 0, 1) -> 1 | S42: =IFERROR(__xludf.DUMMYFUNCTION("IF(AND(REGEXMATCH(D42, B42), REGEXMATCH(D42, C42)), 1, 0) "),1.0) -> 1 | T42: =IF(AND(YEAR(E42)>=2023, YEAR(E42)<=2024), 1, 0) -> 1 | U42: =IF(F42-E42>=3, 1, 0) -> 1 | V42: =IF(G42>10000000000, 0, 1) -> 1
A43: CN-0015-2023 | B43: Jalan Raya | C43: Medan | D43: Perbaikan Jalan Raya Medan | E43: 44938 | F43: 44985 | G43: 486357978 | I43: =IF(ISBLANK(A43)=TRUE,0,1) -> 1 | J43: =IF(ISBLANK(B43)=TRUE,0,1) -> 1 | K43: =IF(ISBLANK(C43)=TRUE,0,1) -> 1 | L43: =IF(ISBLANK(D43)=TRUE,0,1) -> 1 | M43: =IF(ISBLANK(E43)=TRUE,0,1) -> 1 | N43: =IF(ISBLANK(F43)=TRUE,0,1) -> 1 | O43: =IF(ISBLANK(G43)=TRUE,0,1) -> 1 | P43: =IF(ISBLANK(H43)=TRUE,0,1) -> 0 | Q43: =IF(COUNTIF(A:A, A43) > 1, 0, 1) -> 1 | R43: =IF(ISERROR(VLOOKUP(A43, 'Project Reference'!A:A, 1, FALSE)), 0, 1) -> 1 | S43: =IFERROR(__xludf.DUMMYFUNCTION("IF(AND(REGEXMATCH(D43, B43), REGEXMATCH(D43, C43)), 1, 0) "),1.0) -> 1 | T43: =IF(AND(YEAR(E43)>=2023, YEAR(E43)<=2024), 1, 0) -> 1 | U43: =IF(F43-E43>=3, 1, 0) -> 1 | V43: =IF(G43>10000000000, 0, 1) -> 1
A44: CN-0015-2024 | B44: Jalan Raya | C44: Surabaya | D44: Perbaikan Jalan Raya Surabaya | E44: 45340 | F44: 45371 | G44: 810414368 | H44: PT C | I44: =IF(ISBLANK(A44)=TRUE,0,1) -> 1 | J44: =IF(ISBLANK(B44)=TRUE,0,1) -> 1 | K44: =IF(ISBLANK(C44)=TRUE,0,1) -> 1 | L44: =IF(ISBLANK(D44)=TRUE,0,1) -> 1 | M44: =IF(ISBLANK(E44)=TRUE,0,1) -> 1 | N44: =IF(ISBLANK(F44)=TRUE,0,1) -> 1 | O44: =IF(ISBLANK(G44)=TRUE,0,1) -> 1 | P44: =IF(ISBLANK(H44)=TRUE,0,1) -> 1 | Q44: =IF(COUNTIF(A:A, A44) > 1, 0, 1) -> 1 | R44: =IF(ISERROR(VLOOKUP(A44, 'Project Reference'!A:A, 1, FALSE)), 0, 1) -> 1 | S44: =IFERROR(__xludf.DUMMYFUNCTION("IF(AND(REGEXMATCH(D44, B44), REGEXMATCH(D44, C44)), 1, 0) "),1.0) -> 1 | T44: =IF(AND(YEAR(E44)>=2023, YEAR(E44)<=2024), 1, 0) -> 1 | U44: =IF(F44-E44>=3, 1, 0) -> 1 | V44: =IF(G44>10000000000, 0, 1) -> 1
A45: CN-0016-2023 | B45: Jalan Raya | C45: Tomohon | D45: Perbaikan Jalan Raya Tomohon | E45: 44938 | F45: 45262 | G45: 341929482 | H45: PT. Yuniar Hakim Tbk | I45: =IF(ISBLANK(A45)=TRUE,0,1) -> 1 | J45: =IF(ISBLANK(B45)=TRUE,0,1) -> 1 | K45: =IF(ISBLANK(C45)=TRUE,0,1) -> 1 | L45: =IF(ISBLANK(D45)=TRUE,0,1) -> 1 | M45: =IF(ISBLANK(E45)=TRUE,0,1) -> 1 | N45: =IF(ISBLANK(F45)=TRUE,0,1) -> 1 | O45: =IF(ISBLANK(G45)=TRUE,0,1) -> 1 | P45: =IF(ISBLANK(H45)=TRUE,0,1) -> 1 | Q45: =IF(COUNTIF(A:A, A45) > 1, 0, 1) -> 1 | R45: =IF(ISERROR(VLOOKUP(A45, 'Project Reference'!A:A, 1, FALSE)), 0, 1) -> 1 | S45: =IFERROR(__xludf.DUMMYFUNCTION("IF(AND(REGEXMATCH(D45, B45), REGEXMATCH(D45, C45)), 1, 0) "),1.0) -> 1 | T45: =IF(AND(YEAR(E45)>=2023, YEAR(E45)<=2024), 1, 0) -> 1 | U45: =IF(F45-E45>=3, 1, 0) -> 1 | V45: =IF(G45>10000000000, 0, 1) -> 1
A46: CN-0016-2024 | B46: Jalan Raya | C46: Bau-Bau | D46: Perbaikan Jalan Raya Bau-Bau | E46: 45341 | F46: 45388 | G46: 599466235 | H46: PT. Yuniar Hakim Tbk | I46: =IF(ISBLANK(A46)=TRUE,0,1) -> 1 | J46: =IF(ISBLANK(B46)=TRUE,0,1) -> 1 | K46: =IF(ISBLANK(C46)=TRUE,0,1) -> 1 | L46: =IF(ISBLANK(D46)=TRUE,0,1) -> 1 | M46: =IF(ISBLANK(E46)=TRUE,0,1) -> 1 | N46: =IF(ISBLANK(F46)=TRUE,0,1) -> 1 | O46: =IF(ISBLANK(G46)=TRUE,0,1) -> 1 | P46: =IF(ISBLANK(H46)=TRUE,0,1) -> 1 | Q46: =IF(COUNTIF(A:A, A46) > 1, 0, 1) -> 1 | R46: =IF(ISERROR(VLOOKUP(A46, 'Project Reference'!A:A, 1, FALSE)), 0, 1) -> 1 | S46: =IFERROR(__xludf.DUMMYFUNCTION("IF(AND(REGEXMATCH(D46, B46), REGEXMATCH(D46, C46)), 1, 0) "),1.0) -> 1 | T46: =IF(AND(YEAR(E46)>=2023, YEAR(E46)<=2024), 1, 0) -> 1 | U46: =IF(F46-E46>=3, 1, 0) -> 1 | V46: =IF(G46>10000000000, 0, 1) -> 1
A47: CN-0017-2023 | B47: Gedung | C47: Tomohon | D47: Perbaikan Gedung Pemerintah Tomohon | E47: 44939 | F47: 45185 | G47: 4929333305 | H47: PT. Yuniar Hakim Tbk | I47: =IF(ISBLANK(A47)=TRUE,0,1) -> 1 | J47: =IF(ISBLANK(B47)=TRUE,0,1) -> 1 | K47: =IF(ISBLANK(C47)=TRUE,0,1) -> 1 | L47: =IF(ISBLANK(D47)=TRUE,0,1) -> 1 | M47: =IF(ISBLANK(E47)=TRUE,0,1) -> 1 | N47: =IF(ISBLANK(F47)=TRUE,0,1) -> 1 | O47: =IF(ISBLANK(G47)=TRUE,0,1) -> 1 | P47: =IF(ISBLANK(H47)=TRUE,0,1) -> 1 | Q47: =IF(COUNTIF(A:A, A47) > 1, 0, 1) -> 1 | R47: =IF(ISERROR(VLOOKUP(A47, 'Project Reference'!A:A, 1, FALSE)), 0, 1) -> 1 | S47: =IFERROR(__xludf.DUMMYFUNCTION("IF(AND(REGEXMATCH(D47, B47), REGEXMATCH(D47, C47)), 1, 0) "),1.0) -> 1 | T47: =IF(AND(YEAR(E47)>=2023, YEAR(E47)<=2024), 1, 0) -> 1 | U47: =IF(F47-E47>=3, 1, 0) -> 1 | V47: =IF(G47>10000000000, 0, 1) -> 1
A48: CN-0017-2024 | B48: Drainase | C48: Bandung | D48: Perbaikan Drainase Bandung | E48: 45341 | F48: 45350 | G48: 333089653 | H48: PT B | I48: =IF(ISBLANK(A48)=TRUE,0,1) -> 1 | J48: =IF(ISBLANK(B48)=TRUE,0,1) -> 1 | K48: =IF(ISBLANK(C48)=TRUE,0,1) -> 1 | L48: =IF(ISBLANK(D48)=TRUE,0,1) -> 1 | M48: =IF(ISBLANK(E48)=TRUE,0,1) -> 1 | N48: =IF(ISBLANK(F48)=TRUE,0,1) -> 1 | O48: =IF(ISBLANK(G48)=TRUE,0,1) -> 1 | P48: =IF(ISBLANK(H48)=TRUE,0,1) -> 1 | Q48: =IF(COUNTIF(A:A, A48) > 1, 0, 1) -> 1 | R48: =IF(ISERROR(VLOOKUP(A48, 'Project Reference'!A:A, 1, FALSE)), 0, 1) -> 1 | S48: =IFERROR(__xludf.DUMMYFUNCTION("IF(AND(REGEXMATCH(D48, B48), REGEXMATCH(D48, C48)), 1, 0) "),1.0) -> 1 | T48: =IF(AND(YEAR(E48)>=2023, YEAR(E48)<=2024), 1, 0) -> 1 | U48: =IF(F48-E48>=3, 1, 0) -> 1 | V48: =IF(G48>10000000000, 0, 1) -> 1
A49: CN-0018-2023 | B49: Drainase | C49: Tomohon | D49: Perbaikan Drainase Tomohon | E49: 44940 | F49: 45043 | G49: 523689841 | H49: PT D | I49: =IF(ISBLANK(A49)=TRUE,0,1) -> 1 | J49: =IF(ISBLANK(B49)=TRUE,0,1) -> 1 | K49: =IF(ISBLANK(C49)=TRUE,0,1) -> 1 | L49: =IF(ISBLANK(D49)=TRUE,0,1) -> 1 | M49: =IF(ISBLANK(E49)=TRUE,0,1) -> 1 | N49: =IF(ISBLANK(F49)=TRUE,0,1) -> 1 | O49: =IF(ISBLANK(G49)=TRUE,0,1) -> 1 | P49: =IF(ISBLANK(H49)=TRUE,0,1) -> 1 | Q49: =IF(COUNTIF(A:A, A49) > 1, 0, 1) -> 1 | R49: =IF(ISERROR(VLOOKUP(A49, 'Project Reference'!A:A, 1, FALSE)), 0, 1) -> 1 | S49: =IFERROR(__xludf.DUMMYFUNCTION("IF(AND(REGEXMATCH(D49, B49), REGEXMATCH(D49, C49)), 1, 0) "),1.0) -> 1 | T49: =IF(AND(YEAR(E49)>=2023, YEAR(E49)<=2024), 1, 0) -> 1 | U49: =IF(F49-E49>=3, 1, 0) -> 1 | V49: =IF(G49>10000000000, 0, 1) -> 1
A50: CN-0018-2024 | B50: Flyover | C50: Bandung | D50: Pembuatan Flyover Bandung | E50: 45341 | F50: 45406 | G50: 3757312666 | H50: PT B | I50: =IF(ISBLANK(A50)=TRUE,0,1) -> 1 | J50: =IF(ISBLANK(B50)=TRUE,0,1) -> 1 | K50: =IF(ISBLANK(C50)=TRUE,0,1) -> 1 | L50: =IF(ISBLANK(D50)=TRUE,0,1) -> 1 | M50: =IF(ISBLANK(E50)=TRUE,0,1) -> 1 | N50: =IF(ISBLANK(F50)=TRUE,0,1) -> 1 | O50: =IF(ISBLANK(G50)=TRUE,0,1) -> 1 | P50: =IF(ISBLANK(H50)=TRUE,0,1) -> 1 | Q50: =IF(COUNTIF(A:A, A50) > 1, 0, 1) -> 1 | R50: =IF(ISERROR(VLOOKUP(A50, 'Project Reference'!A:A, 1, FALSE)), 0, 1) -> 1 | S50: =IFERROR(__xludf.DUMMYFUNCTION("IF(AND(REGEXMATCH(D50, B50), REGEXMATCH(D50, C50)), 1, 0) "),1.0) -> 1 | T50: =IF(AND(YEAR(E50)>=2023, YEAR(E50)<=2024), 1, 0) -> 1 | U50: =IF(F50-E50>=3, 1, 0) -> 1 | V50: =IF(G50>10000000000, 0, 1) -> 1
A51: CN-0019-2023 | B51: Flyover | C51: Medan | D51: Pembuatan Flyover Medan | E51: 44940 | F51: 45206 | G51: 3894709817 | H51: PT. Yuniar Hakim Tbk | I51: =IF(ISBLANK(A51)=TRUE,0,1) -> 1 | J51: =IF(ISBLANK(B51)=TRUE,0,1) -> 1 | K51: =IF(ISBLANK(C51)=TRUE,0,1) -> 1 | L51: =IF(ISBLANK(D51)=TRUE,0,1) -> 1 | M51: =IF(ISBLANK(E51)=TRUE,0,1) -> 1 | N51: =IF(ISBLANK(F51)=TRUE,0,1) -> 1 | O51: =IF(ISBLANK(G51)=TRUE,0,1) -> 1 | P51: =IF(ISBLANK(H51)=TRUE,0,1) -> 1 | Q51: =IF(COUNTIF(A:A, A51) > 1, 0, 1) -> 1 | R51: =IF(ISERROR(VLOOKUP(A51, 'Project Reference'!A:A, 1, FALSE)), 0, 1) -> 1 | S51: =IFERROR(__xludf.DUMMYFUNCTION("IF(AND(REGEXMATCH(D51, B51), REGEXMATCH(D51, C51)), 1, 0) "),1.0) -> 1 | T51: =IF(AND(YEAR(E51)>=2023, YEAR(E51)<=2024), 1, 0) -> 1 | U51: =IF(F51-E51>=3, 1, 0) -> 1 | V51: =IF(G51>10000000000, 0, 1) -> 1
A52: CN-0019-2024 | B52: Jalan Raya | C52: Depok | D52: Perbaikan Jalan Raya Depok | E52: 45343 | F52: 45382 | G52: 462876320 | I52: =IF(ISBLANK(A52)=TRUE,0,1) -> 1 | J52: =IF(ISBLANK(B52)=TRUE,0,1) -> 1 | K52: =IF(ISBLANK(C52)=TRUE,0,1) -> 1 | L52: =IF(ISBLANK(D52)=TRUE,0,1) -> 1 | M52: =IF(ISBLANK(E52)=TRUE,0,1) -> 1 | N52: =IF(ISBLANK(F52)=TRUE,0,1) -> 1 | O52: =IF(ISBLANK(G52)=TRUE,0,1) -> 1 | P52: =IF(ISBLANK(H52)=TRUE,0,1) -> 0 | Q52: =IF(COUNTIF(A:A, A52) > 1, 0, 1) -> 1 | R52: =IF(ISERROR(VLOOKUP(A52, 'Project Reference'!A:A, 1, FALSE)), 0, 1) -> 1 | S52: =IFERROR(__xludf.DUMMYFUNCTION("IF(AND(REGEXMATCH(D52, B52), REGEXMATCH(D52, C52)), 1, 0) "),1.0) -> 1 | T52: =IF(AND(YEAR(E52)>=2023, YEAR(E52)<=2024), 1, 0) -> 1 | U52: =IF(F52-E52>=3, 1, 0) -> 1 | V52: =IF(G52>10000000000, 0, 1) -> 1
A53: CN-0020-2023 | B53: Jembatan | C53: Jakarta | D53: Pembuatan Jembatan Jakarta | E53: 44941 | F53: 45188 | G53: 4532376815 | H53: PT D | I53: =IF(ISBLANK(A53)=TRUE,0,1) -> 1 | J53: =IF(ISBLANK(B53)=TRUE,0,1) -> 1 | K53: =IF(ISBLANK(C53)=TRUE,0,1) -> 1 | L53: =IF(ISBLANK(D53)=TRUE,0,1) -> 1 | M53: =IF(ISBLANK(E53)=TRUE,0,1) -> 1 | N53: =IF(ISBLANK(F53)=TRUE,0,1) -> 1 | O53: =IF(ISBLANK(G53)=TRUE,0,1) -> 1 | P53: =IF(ISBLANK(H53)=TRUE,0,1) -> 1 | Q53: =IF(COUNTIF(A:A, A53) > 1, 0, 1) -> 1 | R53: =IF(ISERROR(VLOOKUP(A53, 'Project Reference'!A:A, 1, FALSE)), 0, 1) -> 1 | S53: =IFERROR(__xludf.DUMMYFUNCTION("IF(AND(REGEXMATCH(D53, B53), REGEXMATCH(D53, C53)), 1, 0) "),1.0) -> 1 | T53: =IF(AND(YEAR(E53)>=2023, YEAR(E53)<=2024), 1, 0) -> 1 | U53: =IF(F53-E53>=3, 1, 0) -> 1 | V53: =IF(G53>10000000000, 0, 1) -> 1
A54: CN-0020-2024 | B54: Jembatan | C54: Depok | D54: Pembuatan Jembatan Depok | E54: 45346 | F54: 45398 | G54: 3821117140 | H54: PT D | I54: =IF(ISBLANK(A54)=TRUE,0,1) -> 1 | J54: =IF(ISBLANK(B54)=TRUE,0,1) -> 1 | K54: =IF(ISBLANK(C54)=TRUE,0,1) -> 1 | L54: =IF(ISBLANK(D54)=TRUE,0,1) -> 1 | M54: =IF(ISBLANK(E54)=TRUE,0,1) -> 1 | N54: =IF(ISBLANK(F54)=TRUE,0,1) -> 1 | O54: =IF(ISBLANK(G54)=TRUE,0,1) -> 1 | P54: =IF(ISBLANK(H54)=TRUE,0,1) -> 1 | Q54: =IF(COUNTIF(A:A, A54) > 1, 0, 1) -> 1 | R54: =IF(ISERROR(VLOOKUP(A54, 'Project Reference'!A:A, 1, FALSE)), 0, 1) -> 1 | S54: =IFERROR(__xludf.DUMMYFUNCTION("IF(AND(REGEXMATCH(D54, B54), REGEXMATCH(D54, C54)), 1, 0) "),1.0) -> 1 | T54: =IF(AND(YEAR(E54)>=2023, YEAR(E54)<=2024), 1, 0) -> 1 | U54: =IF(F54-E54>=3, 1, 0) -> 1 | V54: =IF(G54>10000000000, 0, 1) -> 1
A55: CN-0021-2023 | B55: Flyover | C55: Bau-Bau | D55: Perbaikan Flyover Bau-Bau | E55: 44941 | F55: 45290 | G55: 4159855566 | H55: PT C | I55: =IF(ISBLANK(A55)=TRUE,0,1) -> 1 | J55: =IF(ISBLANK(B55)=TRUE,0,1) -> 1 | K55: =IF(ISBLANK(C55)=TRUE,0,1) -> 1 | L55: =IF(ISBLANK(D55)=TRUE,0,1) -> 1 | M55: =IF(ISBLANK(E55)=TRUE,0,1) -> 1 | N55: =IF(ISBLANK(F55)=TRUE,0,1) -> 1 | O55: =IF(ISBLANK(G55)=TRUE,0,1) -> 1 | P55: =IF(ISBLANK(H55)=TRUE,0,1) -> 1 | Q55: =IF(COUNTIF(A:A, A55) > 1, 0, 1) -> 1 | R55: =IF(ISERROR(VLOOKUP(A55, 'Project Reference'!A:A, 1, FALSE)), 0, 1) -> 1 | S55: =IFERROR(__xludf.DUMMYFUNCTION("IF(AND(REGEXMATCH(D55, B55), REGEXMATCH(D55, C55)), 1, 0) "),1.0) -> 1 | T55: =IF(AND(YEAR(E55)>=2023, YEAR(E55)<=2024), 1, 0) -> 1 | U55: =IF(F55-E55>=3, 1, 0) -> 1 | V55: =IF(G55>10000000000, 0, 1) -> 1
A56: CN-0022-2023 | B56: Jembatan | C56: Bandung | D56: Perbaikan Jembatan Bandung | E56: 44941 | F56: 45095 | G56: 4492886828 | H56: PT D | I56: =IF(ISBLANK(A56)=TRUE,0,1) -> 1 | J56: =IF(ISBLANK(B56)=TRUE,0,1) -> 1 | K56: =IF(ISBLANK(C56)=TRUE,0,1) -> 1 | L56: =IF(ISBLANK(D56)=TRUE,0,1) -> 1 | M56: =IF(ISBLANK(E56)=TRUE,0,1) -> 1 | N56: =IF(ISBLANK(F56)=TRUE,0,1) -> 1 | O56: =IF(ISBLANK(G56)=TRUE,0,1) -> 1 | P56: =IF(ISBLANK(H56)=TRUE,0,1) -> 1 | Q56: =IF(COUNTIF(A:A, A56) > 1, 0, 1) -> 1 | R56: =IF(ISERROR(VLOOKUP(A56, 'Project Reference'!A:A, 1, FALSE)), 0, 1) -> 1 | S56: =IFERROR(__xludf.DUMMYFUNCTION("IF(AND(REGEXMATCH(D56, B56), REGEXMATCH(D56, C56)), 1, 0) "),1.0) -> 1 | T56: =IF(AND(YEAR(E56)>=2023, YEAR(E56)<=2024), 1, 0) -> 1 | U56: =IF(F56-E56>=3, 1, 0) -> 1 | V56: =IF(G56>10000000000, 0, 1) -> 1
A57: CN-0023-2023 | B57: Jembatan | C57: Surabaya | D57: Pembuatan Jembatan Surabaya | E57: 44942 | F57: 45034 | G57: 1424729417 | H57: PT. Yuniar Hakim Tbk | I57: =IF(ISBLANK(A57)=TRUE,0,1) -> 1 | J57: =IF(ISBLANK(B57)=TRUE,0,1) -> 1 | K57: =IF(ISBLANK(C57)=TRUE,0,1) -> 1 | L57: =IF(ISBLANK(D57)=TRUE,0,1) -> 1 | M57: =IF(ISBLANK(E57)=TRUE,0,1) -> 1 | N57: =IF(ISBLANK(F57)=TRUE,0,1) -> 1 | O57: =IF(ISBLANK(G57)=TRUE,0,1) -> 1 | P57: =IF(ISBLANK(H57)=TRUE,0,1) -> 1 | Q57: =IF(COUNTIF(A:A, A57) > 1, 0, 1) -> 1 | R57: =IF(ISERROR(VLOOKUP(A57, 'Project Reference'!A:A, 1, FALSE)), 0, 1) -> 1 | S57: =IFERROR(__xludf.DUMMYFUNCTION("IF(AND(REGEXMATCH(D57, B57), REGEXMATCH(D57, C57)), 1, 0) "),1.0) -> 1 | T57: =IF(AND(YEAR(E57)>=2023, YEAR(E57)<=2024), 1, 0) -> 1 | U57: =IF(F57-E57>=3, 1, 0) -> 1 | V57: =IF(G57>10000000000, 0, 1) -> 1
A58: CN-0024-2023 | B58: Jembatan | C58: Bau-Bau | D58: Pembuatan Jembatan Bau-Bau | E58: 44943 | F58: 45027 | G58: 1425616276 | H58: CV Sihombing | I58: =IF(ISBLANK(A58)=TRUE,0,1) -> 1 | J58: =IF(ISBLANK(B58)=TRUE,0,1) -> 1 | K58: =IF(ISBLANK(C58)=TRUE,0,1) -> 1 | L58: =IF(ISBLANK(D58)=TRUE,0,1) -> 1 | M58: =IF(ISBLANK(E58)=TRUE,0,1) -> 1 | N58: =IF(ISBLANK(F58)=TRUE,0,1) -> 1 | O58: =IF(ISBLANK(G58)=TRUE,0,1) -> 1 | P58: =IF(ISBLANK(H58)=TRUE,0,1) -> 1 | Q58: =IF(COUNTIF(A:A, A58) > 1, 0, 1) -> 1 | R58: =IF(ISERROR(VLOOKUP(A58, 'Project Reference'!A:A, 1, FALSE)), 0, 1) -> 1 | S58: =IFERROR(__xludf.DUMMYFUNCTION("IF(AND(REGEXMATCH(D58, B58), REGEXMATCH(D58, C58)), 1, 0) "),1.0) -> 1 | T58: =IF(AND(YEAR(E58)>=2023, YEAR(E58)<=2024), 1, 0) -> 1 | U58: =IF(F58-E58>=3, 1, 0) -> 1 | V58: =IF(G58>10000000000, 0, 1) -> 1
A59: CN-0025-2023 | B59: Jalan Raya | C59: Bandung | D59: Perbaikan Jalan Raya Bandung | E59: 44943 | F59: 45136 | G59: 307413755 | H59: CV Sihombing | I59: =IF(ISBLANK(A59)=TRUE,0,1) -> 1 | J59: =IF(ISBLANK(B59)=TRUE,0,1) -> 1 | K59: =IF(ISBLANK(C59)=TRUE,0,1) -> 1 | L59: =IF(ISBLANK(D59)=TRUE,0,1) -> 1 | M59: =IF(ISBLANK(E59)=TRUE,0,1) -> 1 | N59: =IF(ISBLANK(F59)=TRUE,0,1) -> 1 | O59: =IF(ISBLANK(G59)=TRUE,0,1) -> 1 | P59: =IF(ISBLANK(H59)=TRUE,0,1) -> 1 | Q59: =IF(COUNTIF(A:A, A59) > 1, 0, 1) -> 1 | R59: =IF(ISERROR(VLOOKUP(A59, 'Project Reference'!A:A, 1, FALSE)), 0, 1) -> 1 | S59: =IFERROR(__xludf.DUMMYFUNCTION("IF(AND(REGEXMATCH(D59, B59), REGEXMATCH(D59, C59)), 1, 0) "),1.0) -> 1 | T59: =IF(AND(YEAR(E59)>=2023, YEAR(E59)<=2024), 1, 0) -> 1 | U59: =IF(F59-E59>=3, 1, 0) -> 1 | V59: =IF(G59>10000000000, 0, 1) -> 1
A60: CN-0026-2023 | B60: Jembatan | C60: Bau-Bau | D60: Pembuatan Jembatan Bau-Bau | E60: 44944 | F60: 45113 | G60: 6929733135 | H60: PT C | I60: =IF(ISBLANK(A60)=TRUE,0,1) -> 1 | J60: =IF(ISBLANK(B60)=TRUE,0,1) -> 1 | K60: =IF(ISBLANK(C60)=TRUE,0,1) -> 1 | L60: =IF(ISBLANK(D60)=TRUE,0,1) -> 1 | M60: =IF(ISBLANK(E60)=TRUE,0,1) -> 1 | N60: =IF(ISBLANK(F60)=TRUE,0,1) -> 1 | O60: =IF(ISBLANK(G60)=TRUE,0,1) -> 1 | P60: =IF(ISBLANK(H60)=TRUE,0,1) -> 1 | Q60: =IF(COUNTIF(A:A, A60) > 1, 0, 1) -> 1 | R60: =IF(ISERROR(VLOOKUP(A60, 'Project Reference'!A:A, 1, FALSE)), 0, 1) -> 1 | S60: =IFERROR(__xludf.DUMMYFUNCTION("IF(AND(REGEXMATCH(D60, B60), REGEXMATCH(D60, C60)), 1, 0) "),1.0) -> 1 | T60: =IF(AND(YEAR(E60)>=2023, YEAR(E60)<=2024), 1, 0) -> 1 | U60: =IF(F60-E60>=3, 1, 0) -> 1 | V60: =IF(G60>10000000000, 0, 1) -> 1
A61: CN-0027-2023 | B61: Jembatan | C61: Bau-Bau | D61: Perbaikan Jembatan Bau-Bau | E61: 44944 | F61: 45284 | G61: 1567712170 | H61: PT. Yuniar Hakim Tbk | I61: =IF(ISBLANK(A61)=TRUE,0,1) -> 1 | J61: =IF(ISBLANK(B61)=TRUE,0,1) -> 1 | K61: =IF(ISBLANK(C61)=TRUE,0,1) -> 1 | L61: =IF(ISBLANK(D61)=TRUE,0,1) -> 1 | M61: =IF(ISBLANK(E61)=TRUE,0,1) -> 1 | N61: =IF(ISBLANK(F61)=TRUE,0,1) -> 1 | O61: =IF(ISBLANK(G61)=TRUE,0,1) -> 1 | P61: =IF(ISBLANK(H61)=TRUE,0,1) -> 1 | Q61: =IF(COUNTIF(A:A, A61) > 1, 0, 1) -> 1 | R61: =IF(ISERROR(VLOOKUP(A61, 'Project Reference'!A:A, 1, FALSE)), 0, 1) -> 1 | S61: =IFERROR(__xludf.DUMMYFUNCTION("IF(AND(REGEXMATCH(D61, B61), REGEXMATCH(D61, C61)), 1, 0) "),1.0) -> 1 | T61: =IF(AND(YEAR(E61)>=2023, YEAR(E61)<=2024), 1, 0) -> 1 | U61: =IF(F61-E61>=3, 1, 0) -> 1 | V61: =IF(G61>10000000000, 0, 1) -> 1
A62: CN-0028-2023 | B62: Jembatan | C62: Jakarta | D62: Pembuatan Jembatan Jakarta | E62: 44945 | F62: 45037 | G62: 3020860458 | H62: PT. Yuniar Hakim Tbk | I62: =IF(ISBLANK(A62)=TRUE,0,1) -> 1 | J62: =IF(ISBLANK(B62)=TRUE,0,1) -> 1 | K62: =IF(ISBLANK(C62)=TRUE,0,1) -> 1 | L62: =IF(ISBLANK(D62)=TRUE,0,1) -> 1 | M62: =IF(ISBLANK(E62)=TRUE,0,1) -> 1 | N62: =IF(ISBLANK(F62)=TRUE,0,1) -> 1 | O62: =IF(ISBLANK(G62)=TRUE,0,1) -> 1 | P62: =IF(ISBLANK(H62)=TRUE,0,1) -> 1 | Q62: =IF(COUNTIF(A:A, A62) > 1, 0, 1) -> 1 | R62: =IF(ISERROR(VLOOKUP(A62, 'Project Reference'!A:A, 1, FALSE)), 0, 1) -> 1 | S62: =IFERROR(__xludf.DUMMYFUNCTION("IF(AND(REGEXMATCH(D62, B62), REGEXMATCH(D62, C62)), 1, 0) "),1.0) -> 1 | T62: =IF(AND(YEAR(E62)>=2023, YEAR(E62)<=2024), 1, 0) -> 1 | U62: =IF(F62-E62>=3, 1, 0) -> 1 | V62: =IF(G62>10000000000, 0, 1) -> 1
A63: CN-0029-2023 | B63: Drainase | C63: Medan | D63: Perbaikan Drainase Medan | E63: 44946 | F63: 45105 | G63: 443234047 | H63: PT. Lailasari Hariyah (Persero) Tbk | I63: =IF(ISBLANK(A63)=TRUE,0,1) -> 1 | J63: =IF(ISBLANK(B63)=TRUE,0,1) -> 1 | K63: =IF(ISBLANK(C63)=TRUE,0,1) -> 1 | L63: =IF(ISBLANK(D63)=TRUE,0,1) -> 1 | M63: =IF(ISBLANK(E63)=TRUE,0,1) -> 1 | N63: =IF(ISBLANK(F63)=TRUE,0,1) -> 1 | O63: =IF(ISBLANK(G63)=TRUE,0,1) -> 1 | P63: =IF(ISBLANK(H63)=TRUE,0,1) -> 1 | Q63: =IF(COUNTIF(A:A, A63) > 1, 0, 1) -> 1 | R63: =IF(ISERROR(VLOOKUP(A63, 'Project Reference'!A:A, 1, FALSE)), 0, 1) -> 1 | S63: =IFERROR(__xludf.DUMMYFUNCTION("IF(AND(REGEXMATCH(D63, B63), REGEXMATCH(D63, C63)), 1, 0) "),1.0) -> 1 | T63: =IF(AND(YEAR(E63)>=2023, YEAR(E63)<=2024), 1, 0) -> 1 | U63: =IF(F63-E63>=3, 1, 0) -> 1 | V63: =IF(G63>10000000000, 0, 1) -> 1
A64: CN-0030-2023 | B64: Flyover | C64: Makassar | D64: Pembuatan Flyover Makassar | E64: 44947 | F64: 45177 | G64: 4609627000 | H64: PT C | I64: =IF(ISBLANK(A64)=TRUE,0,1) -> 1 | J64: =IF(ISBLANK(B64)=TRUE,0,1) -> 1 | K64: =IF(ISBLANK(C64)=TRUE,0,1) -> 1 | L64: =IF(ISBLANK(D64)=TRUE,0,1) -> 1 | M64: =IF(ISBLANK(E64)=TRUE,0,1) -> 1 | N64: =IF(ISBLANK(F64)=TRUE,0,1) -> 1 | O64: =IF(ISBLANK(G64)=TRUE,0,1) -> 1 | P64: =IF(ISBLANK(H64)=TRUE,0,1) -> 1 | Q64: =IF(COUNTIF(A:A, A64) > 1, 0, 1) -> 1 | R64: =IF(ISERROR(VLOOKUP(A64, 'Project Reference'!A:A, 1, FALSE)), 0, 1) -> 1 | S64: =IFERROR(__xludf.DUMMYFUNCTION("IF(AND(REGEXMATCH(D64, B64), REGEXMATCH(D64, C64)), 1, 0) "),1.0) -> 1 | T64: =IF(AND(YEAR(E64)>=2023, YEAR(E64)<=2024), 1, 0) -> 1 | U64: =IF(F64-E64>=3, 1, 0) -> 1 | V64: =IF(G64>10000000000, 0, 1) -> 1
A65: CN-0031-2023 | B65: Jalan Raya | C65: Bandung | D65: Perbaikan Jalan Raya Bandung | E65: 44948 | F65: 45054 | G65: 995204213 | H65: PT. Yuniar Hakim Tbk | I65: =IF(ISBLANK(A65)=TRUE,0,1) -> 1 | J65: =IF(ISBLANK(B65)=TRUE,0,1) -> 1 | K65: =IF(ISBLANK(C65)=TRUE,0,1) -> 1 | L65: =IF(ISBLANK(D65)=TRUE,0,1) -> 1 | M65: =IF(ISBLANK(E65)=TRUE,0,1) -> 1 | N65: =IF(ISBLANK(F65)=TRUE,0,1) -> 1 | O65: =IF(ISBLANK(G65)=TRUE,0,1) -> 1 | P65: =IF(ISBLANK(H65)=TRUE,0,1) -> 1 | Q65: =IF(COUNTIF(A:A, A65) > 1, 0, 1) -> 1 | R65: =IF(ISERROR(VLOOKUP(A65, 'Project Reference'!A:A, 1, FALSE)), 0, 1) -> 1 | S65: =IFERROR(__xludf.DUMMYFUNCTION("IF(AND(REGEXMATCH(D65, B65), REGEXMATCH(D65, C65)), 1, 0) "),1.0) -> 1 | T65: =IF(AND(YEAR(E65)>=2023, YEAR(E65)<=2024), 1, 0) -> 1 | U65: =IF(F65-E65>=3, 1, 0) -> 1 | V65: =IF(G65>10000000000, 0, 1) -> 1
A66: CN-0032-2023 | B66: Flyover | C66: Medan | D66: Perbaikan Flyover Medan | E66: 44949 | F66: 45041 | G66: 3867579335 | H66: PT D | I66: =IF(ISBLANK(A66)=TRUE,0,1) -> 1 | J66: =IF(ISBLANK(B66)=TRUE,0,1) -> 1 | K66: =IF(ISBLANK(C66)=TRUE,0,1) -> 1 | L66: =IF(ISBLANK(D66)=TRUE,0,1) -> 1 | M66: =IF(ISBLANK(E66)=TRUE,0,1) -> 1 | N66: =IF(ISBLANK(F66)=TRUE,0,1) -> 1 | O66: =IF(ISBLANK(G66)=TRUE,0,1) -> 1 | P66: =IF(ISBLANK(H66)=TRUE,0,1) -> 1 | Q66: =IF(COUNTIF(A:A, A66) > 1, 0, 1) -> 1 | R66: =IF(ISERROR(VLOOKUP(A66, 'Project Reference'!A:A, 1, FALSE)), 0, 1) -> 1 | S66: =IFERROR(__xludf.DUMMYFUNCTION("IF(AND(REGEXMATCH(D66, B66), REGEXMATCH(D66, C66)), 1, 0) "),1.0) -> 1 | T66: =IF(AND(YEAR(E66)>=2023, YEAR(E66)<=2024), 1, 0) -> 1 | U66: =IF(F66-E66>=3, 1, 0) -> 1 | V66: =IF(G66>10000000000, 0, 1) -> 1
A67: CN-0033-2023 | B67: Gedung | C67: Depok | D67: Perbaikan Gedung Pemerintah Depok | E67: 44949 | F67: 44986 | G67: 8428412586 | H67: PT. Lailasari Hariyah (Persero) Tbk | I67: =IF(ISBLANK(A67)=TRUE,0,1) -> 1 | J67: =IF(ISBLANK(B67)=TRUE,0,1) -> 1 | K67: =IF(ISBLANK(C67)=TRUE,0,1) -> 1 | L67: =IF(ISBLANK(D67)=TRUE,0,1) -> 1 | M67: =IF(ISBLANK(E67)=TRUE,0,1) -> 1 | N67: =IF(ISBLANK(F67)=TRUE,0,1) -> 1 | O67: =IF(ISBLANK(G67)=TRUE,0,1) -> 1 | P67: =IF(ISBLANK(H67)=TRUE,0,1) -> 1 | Q67: =IF(COUNTIF(A:A, A67) > 1, 0, 1) -> 1 | R67: =IF(ISERROR(VLOOKUP(A67, 'Project Reference'!A:A, 1, FALSE)), 0, 1) -> 1 | S67: =IFERROR(__xludf.DUMMYFUNCTION("IF(AND(REGEXMATCH(D67, B67), REGEXMATCH(D67, C67)), 1, 0) "),1.0) -> 1 | T67: =IF(AND(YEAR(E67)>=2023, YEAR(E67)<=2024), 1, 0) -> 1 | U67: =IF(F67-E67>=3, 1, 0) -> 1 | V67: =IF(G67>10000000000, 0, 1) -> 1
A68: CN-0034-2023 | B68: Flyover | C68: Tomohon | D68: Perbaikan Flyover Tomohon | E68: 44950 | F68: 45078 | G68: 2004784321 | H68: PT A | I68: =IF(ISBLANK(A68)=TRUE,0,1) -> 1 | J68: =IF(ISBLANK(B68)=TRUE,0,1) -> 1 | K68: =IF(ISBLANK(C68)=TRUE,0,1) -> 1 | L68: =IF(ISBLANK(D68)=TRUE,0,1) -> 1 | M68: =IF(ISBLANK(E68)=TRUE,0,1) -> 1 | N68: =IF(ISBLANK(F68)=TRUE,0,1) -> 1 | O68: =IF(ISBLANK(G68)=TRUE,0,1) -> 1 | P68: =IF(ISBLANK(H68)=TRUE,0,1) -> 1 | Q68: =IF(COUNTIF(A:A, A68) > 1, 0, 1) -> 1 | R68: =IF(ISERROR(VLOOKUP(A68, 'Project Reference'!A:A, 1, FALSE)), 0, 1) -> 1 | S68: =IFERROR(__xludf.DUMMYFUNCTION("IF(AND(REGEXMATCH(D68, B68), REGEXMATCH(D68, C68)), 1, 0) "),1.0) -> 1 | T68: =IF(AND(YEAR(E68)>=2023, YEAR(E68)<=2024), 1, 0) -> 1 | U68: =IF(F68-E68>=3, 1, 0) -> 1 | V68: =IF(G68>10000000000, 0, 1) -> 1
A69: CN-0035-2023 | B69: Jembatan | C69: Surabaya | D69: Perbaikan Jembatan Surabaya | E69: 44950 | F69: 45023 | G69: 2364631347 | H69: CV Sihombing | I69: =IF(ISBLANK(A69)=TRUE,0,1) -> 1 | J69: =IF(ISBLANK(B69)=TRUE,0,1) -> 1 | K69: =IF(ISBLANK(C69)=TRUE,0,1) -> 1 | L69: =IF(ISBLANK(D69)=TRUE,0,1) -> 1 | M69: =IF(ISBLANK(E69)=TRUE,0,1) -> 1 | N69: =IF(ISBLANK(F69)=TRUE,0,1) -> 1 | O69: =IF(ISBLANK(G69)=TRUE,0,1) -> 1 | P69: =IF(ISBLANK(H69)=TRUE,0,1) -> 1 | Q69: =IF(COUNTIF(A:A, A69) > 1, 0, 1) -> 1 | R69: =IF(ISERROR(VLOOKUP(A69, 'Project Reference'!A:A, 1, FALSE)), 0, 1) -> 1 | S69: =IFERROR(__xludf.DUMMYFUNCTION("IF(AND(REGEXMATCH(D69, B69), REGEXMATCH(D69, C69)), 1, 0) "),1.0) -> 1 | T69: =IF(AND(YEAR(E69)>=2023, YEAR(E69)<=2024), 1, 0) -> 1 | U69: =IF(F69-E69>=3, 1, 0) -> 1 | V69: =IF(G69>10000000000, 0, 1) -> 1
A70: CN-0036-2023 | B70: Jembatan | C70: Bau-Bau | D70: Perbaikan Jembatan Bau-Bau | E70: 44951 | F70: 45187 | G70: 7177546505 | H70: PT A | I70: =IF(ISBLANK(A70)=TRUE,0,1) -> 1 | J70: =IF(ISBLANK(B70)=TRUE,0,1) -> 1 | K70: =IF(ISBLANK(C70)=TRUE,0,1) -> 1 | L70: =IF(ISBLANK(D70)=TRUE,0,1) -> 1 | M70: =IF(ISBLANK(E70)=TRUE,0,1) -> 1 | N70: =IF(ISBLANK(F70)=TRUE,0,1) -> 1 | O70: =IF(ISBLANK(G70)=TRUE,0,1) -> 1 | P70: =IF(ISBLANK(H70)=TRUE,0,1) -> 1 | Q70: =IF(COUNTIF(A:A, A70) > 1, 0, 1) -> 1 | R70: =IF(ISERROR(VLOOKUP(A70, 'Project Reference'!A:A, 1, FALSE)), 0, 1) -> 1 | S70: =IFERROR(__xludf.DUMMYFUNCTION("IF(AND(REGEXMATCH(D70, B70), REGEXMATCH(D70, C70)), 1, 0) "),1.0) -> 1 | T70: =IF(AND(YEAR(E70)>=2023, YEAR(E70)<=2024), 1, 0) -> 1 | U70: =IF(F70-E70>=3, 1, 0) -> 1 | V70: =IF(G70>10000000000, 0, 1) -> 1
A71: CN-0037-2023 | B71: Drainase | C71: Bau-Bau | D71: Perbaikan Drainase Bau-Bau | E71: 44951 | F71: 45262 | G71: 420827734 | H71: PT B | I71: =IF(ISBLANK(A71)=TRUE,0,1) -> 1 | J71: =IF(ISBLANK(B71)=TRUE,0,1) -> 1 | K71: =IF(ISBLANK(C71)=TRUE,0,1) -> 1 | L71: =IF(ISBLANK(D71)=TRUE,0,1) -> 1 | M71: =IF(ISBLANK(E71)=TRUE,0,1) -> 1 | N71: =IF(ISBLANK(F71)=TRUE,0,1) -> 1 | O71: =IF(ISBLANK(G71)=TRUE,0,1) -> 1 | P71: =IF(ISBLANK(H71)=TRUE,0,1) -> 1 | Q71: =IF(COUNTIF(A:A, A71) > 1, 0, 1) -> 1 | R71: =IF(ISERROR(VLOOKUP(A71, 'Project Reference'!A:A, 1, FALSE)), 0, 1) -> 1 | S71: =IFERROR(__xludf.DUMMYFUNCTION("IF(AND(REGEXMATCH(D71, B71), REGEXMATCH(D71, C71)), 1, 0) "),1.0) -> 1 | T71: =IF(AND(YEAR(E71)>=2023, YEAR(E71)<=2024), 1, 0) -> 1 | U71: =IF(F71-E71>=3, 1, 0) -> 1 | V71: =IF(G71>10000000000, 0, 1) -> 1
A72: CN-0038-2023 | B72: Drainase | C72: Tomohon | D72: Perbaikan Drainase Tomohon | E72: 44954 | F72: 45186 | G72: 382266210 | I72: =IF(ISBLANK(A72)=TRUE,0,1) -> 1 | J72: =IF(ISBLANK(B72)=TRUE,0,1) -> 1 | K72: =IF(ISBLANK(C72)=TRUE,0,1) -> 1 | L72: =IF(ISBLANK(D72)=TRUE,0,1) -> 1 | M72: =IF(ISBLANK(E72)=TRUE,0,1) -> 1 | N72: =IF(ISBLANK(F72)=TRUE,0,1) -> 1 | O72: =IF(ISBLANK(G72)=TRUE,0,1) -> 1 | P72: =IF(ISBLANK(H72)=TRUE,0,1) -> 0 | Q72: =IF(COUNTIF(A:A, A72) > 1, 0, 1) -> 1 | R72: =IF(ISERROR(VLOOKUP(A72, 'Project Reference'!A:A, 1, FALSE)), 0, 1) -> 1 | S72: =IFERROR(__xludf.DUMMYFUNCTION("IF(AND(REGEXMATCH(D72, B72), REGEXMATCH(D72, C72)), 1, 0) "),1.0) -> 1 | T72: =IF(AND(YEAR(E72)>=2023, YEAR(E72)<=2024), 1, 0) -> 1 | U72: =IF(F72-E72>=3, 1, 0) -> 1 | V72: =IF(G72>10000000000, 0, 1) -> 1
A73: CN-0039-2023 | B73: Flyover | C73: Bau-Bau | D73: Pembuatan Flyover Bau-Bau | E73: 44954 | F73: 45220 | G73: 1545241955 | H73: CV Sihombing | I73: =IF(ISBLANK(A73)=TRUE,0,1) -> 1 | J73: =IF(ISBLANK(B73)=TRUE,0,1) -> 1 | K73: =IF(ISBLANK(C73)=TRUE,0,1) -> 1 | L73: =IF(ISBLANK(D73)=TRUE,0,1) -> 1 | M73: =IF(ISBLANK(E73)=TRUE,0,1) -> 1 | N73: =IF(ISBLANK(F73)=TRUE,0,1) -> 1 | O73: =IF(ISBLANK(G73)=TRUE,0,1) -> 1 | P73: =IF(ISBLANK(H73)=TRUE,0,1) -> 1 | Q73: =IF(COUNTIF(A:A, A73) > 1, 0, 1) -> 1 | R73: =IF(ISERROR(VLOOKUP(A73, 'Project Reference'!A:A, 1, FALSE)), 0, 1) -> 1 | S73: =IFERROR(__xludf.DUMMYFUNCTION("IF(AND(REGEXMATCH(D73, B73), REGEXMATCH(D73, C73)), 1, 0) "),1.0) -> 1 | T73: =IF(AND(YEAR(E73)>=2023, YEAR(E73)<=2024), 1, 0) -> 1 | U73: =IF(F73-E73>=3, 1, 0) -> 1 | V73: =IF(G73>10000000000, 0, 1) -> 1
A74: CN-0040-2023 | B74: Gedung | C74: Medan | D74: Perbaikan Gedung Pemerintah Medan | E74: 44954 | F74: 45158 | G74: 6831252497 | H74: PT A | I74: =IF(ISBLANK(A74)=TRUE,0,1) -> 1 | J74: =IF(ISBLANK(B74)=TRUE,0,1) -> 1 | K74: =IF(ISBLANK(C74)=TRUE,0,1) -> 1 | L74: =IF(ISBLANK(D74)=TRUE,0,1) -> 1 | M74: =IF(ISBLANK(E74)=TRUE,0,1) -> 1 | N74: =IF(ISBLANK(F74)=TRUE,0,1) -> 1 | O74: =IF(ISBLANK(G74)=TRUE,0,1) -> 1 | P74: =IF(ISBLANK(H74)=TRUE,0,1) -> 1 | Q74: =IF(COUNTIF(A:A, A74) > 1, 0, 1) -> 1 | R74: =IF(ISERROR(VLOOKUP(A74, 'Project Reference'!A:A, 1, FALSE)), 0, 1) -> 1 | S74: =IFERROR(__xludf.DUMMYFUNCTION("IF(AND(REGEXMATCH(D74, B74), REGEXMATCH(D74, C74)), 1, 0) "),1.0) -> 1 | T74: =IF(AND(YEAR(E74)>=2023, YEAR(E74)<=2024), 1, 0) -> 1 | U74: =IF(F74-E74>=3, 1, 0) -> 1 | V74: =IF(G74>10000000000, 0, 1) -> 1
A75: CN-0041-2023 | B75: Jembatan | C75: Bau-Bau | D75: Perbaikan Jembatan Bau-Bau | E75: 44955 | F75: 45116 | G75: 3703277131 | I75: =IF(ISBLANK(A75)=TRUE,0,1) -> 1 | J75: =IF(ISBLANK(B75)=TRUE,0,1) -> 1 | K75: =IF(ISBLANK(C75)=TRUE,0,1) -> 1 | L75: =IF(ISBLANK(D75)=TRUE,0,1) -> 1 | M75: =IF(ISBLANK(E75)=TRUE,0,1) -> 1 | N75: =IF(ISBLANK(F75)=TRUE,0,1) -> 1 | O75: =IF(ISBLANK(G75)=TRUE,0,1) -> 1 | P75: =IF(ISBLANK(H75)=TRUE,0,1) -> 0 | Q75: =IF(COUNTIF(A:A, A75) > 1, 0, 1) -> 1 | R75: =IF(ISERROR(VLOOKUP(A75, 'Project Reference'!A:A, 1, FALSE)), 0, 1) -> 1 | S75: =IFERROR(__xludf.DUMMYFUNCTION("IF(AND(REGEXMATCH(D75, B75), REGEXMATCH(D75, C75)), 1, 0) "),1.0) -> 1 | T75: =IF(AND(YEAR(E75)>=2023, YEAR(E75)<=2024), 1, 0) -> 1 | U75: =IF(F75-E75>=3, 1, 0) -> 1 | V75: =IF(G75>10000000000, 0, 1) -> 1
A76: CN-0042-2023 | B76: Flyover | C76: Surabaya | D76: Perbaikan Flyover Surabaya | E76: 44958 | F76: 45158 | G76: 3678391600 | H76: PT B | I76: =IF(ISBLANK(A76)=TRUE,0,1) -> 1 | J76: =IF(ISBLANK(B76)=TRUE,0,1) -> 1 | K76: =IF(ISBLANK(C76)=TRUE,0,1) -> 1 | L76: =IF(ISBLANK(D76)=TRUE,0,1) -> 1 | M76: =IF(ISBLANK(E76)=TRUE,0,1) -> 1 | N76: =IF(ISBLANK(F76)=TRUE,0,1) -> 1 | O76: =IF(ISBLANK(G76)=TRUE,0,1) -> 1 | P76: =IF(ISBLANK(H76)=TRUE,0,1) -> 1 | Q76: =IF(COUNTIF(A:A, A76) > 1, 0, 1) -> 1 | R76: =IF(ISERROR(VLOOKUP(A76, 'Project Reference'!A:A, 1, FALSE)), 0, 1) -> 1 | S76: =IFERROR(__xludf.DUMMYFUNCTION("IF(AND(REGEXMATCH(D76, B76), REGEXMATCH(D76, C76)), 1, 0) "),1.0) -> 1 | T76: =IF(AND(YEAR(E76)>=2023, YEAR(E76)<=2024), 1, 0) -> 1 | U76: =IF(F76-E76>=3, 1, 0) -> 1 | V76: =IF(G76>10000000000, 0, 1) -> 1
A77: CN-0043-2023 | B77: Jalan Raya | C77: Bandung | D77: Perbaikan Jalan Raya Bandung | E77: 44959 | F77: 45258 | G77: 888014731 | H77: PT B | I77: =IF(ISBLANK(A77)=TRUE,0,1) -> 1 | J77: =IF(ISBLANK(B77)=TRUE,0,1) -> 1 | K77: =IF(ISBLANK(C77)=TRUE,0,1) -> 1 | L77: =IF(ISBLANK(D77)=TRUE,0,1) -> 1 | M77: =IF(ISBLANK(E77)=TRUE,0,1) -> 1 | N77: =IF(ISBLANK(F77)=TRUE,0,1) -> 1 | O77: =IF(ISBLANK(G77)=TRUE,0,1) -> 1 | P77: =IF(ISBLANK(H77)=TRUE,0,1) -> 1 | Q77: =IF(COUNTIF(A:A, A77) > 1, 0, 1) -> 1 | R77: =IF(ISERROR(VLOOKUP(A77, 'Project Reference'!A:A, 1, FALSE)), 0, 1) -> 1 | S77: =IFERROR(__xludf.DUMMYFUNCTION("IF(AND(REGEXMATCH(D77, B77), REGEXMATCH(D77, C77)), 1, 0) "),1.0) -> 1 | T77: =IF(AND(YEAR(E77)>=2023, YEAR(E77)<=2024), 1, 0) -> 1 | U77: =IF(F77-E77>=3, 1, 0) -> 1 | V77: =IF(G77>10000000000, 0, 1) -> 1
A78: CN-0044-2023 | B78: Jalan Raya | C78: Jakarta | D78: Perbaikan Jalan Raya Jakarta | E78: 44959 | F78: 45150 | G78: 593629020 | H78: PT D | I78: =IF(ISBLANK(A78)=TRUE,0,1) -> 1 | J78: =IF(ISBLANK(B78)=TRUE,0,1) -> 1 | K78: =IF(ISBLANK(C78)=TRUE,0,1) -> 1 | L78: =IF(ISBLANK(D78)=TRUE,0,1) -> 1 | M78: =IF(ISBLANK(E78)=TRUE,0,1) -> 1 | N78: =IF(ISBLANK(F78)=TRUE,0,1) -> 1 | O78: =IF(ISBLANK(G78)=TRUE,0,1) -> 1 | P78: =IF(ISBLANK(H78)=TRUE,0,1) -> 1 | Q78: =IF(COUNTIF(A:A, A78) > 1, 0, 1) -> 1 | R78: =IF(ISERROR(VLOOKUP(A78, 'Project Reference'!A:A, 1, FALSE)), 0, 1) -> 1 | S78: =IFERROR(__xludf.DUMMYFUNCTION("IF(AND(REGEXMATCH(D78, B78), REGEXMATCH(D78, C78)), 1, 0) "),1.0) -> 1 | T78: =IF(AND(YEAR(E78)>=2023, YEAR(E78)<=2024), 1, 0) -> 1 | U78: =IF(F78-E78>=3, 1, 0) -> 1 | V78: =IF(G78>10000000000, 0, 1) -> 1
A79: CN-0045-2023 | B79: Jembatan | C79: Makassar | D79: Pembuatan Jembatan Makassar | E79: 44959 | F79: 45167 | G79: 5835541492 | I79: =IF(ISBLANK(A79)=TRUE,0,1) -> 1 | J79: =IF(ISBLANK(B79)=TRUE,0,1) -> 1 | K79: =IF(ISBLANK(C79)=TRUE,0,1) -> 1 | L79: =IF(ISBLANK(D79)=TRUE,0,1) -> 1 | M79: =IF(ISBLANK(E79)=TRUE,0,1) -> 1 | N79: =IF(ISBLANK(F79)=TRUE,0,1) -> 1 | O79: =IF(ISBLANK(G79)=TRUE,0,1) -> 1 | P79: =IF(ISBLANK(H79)=TRUE,0,1) -> 0 | Q79: =IF(COUNTIF(A:A, A79) > 1, 0, 1) -> 1 | R79: =IF(ISERROR(VLOOKUP(A79, 'Project Reference'!A:A, 1, FALSE)), 0, 1) -> 1 | S79: =IFERROR(__xludf.DUMMYFUNCTION("IF(AND(REGEXMATCH(D79, B79), REGEXMATCH(D79, C79)), 1, 0) "),1.0) -> 1 | T79: =IF(AND(YEAR(E79)>=2023, YEAR(E79)<=2024), 1, 0) -> 1 | U79: =IF(F79-E79>=3, 1, 0) -> 1 | V79: =IF(G79>10000000000, 0, 1) -> 1
A80: CN-0046-2023 | B80: Drainase | C80: Bandung | D80: Perbaikan Drainase Bandung | E80: 44960 | F80: 45303 | G80: 213457440 | H80: PT A | I80: =IF(ISBLANK(A80)=TRUE,0,1) -> 1 | J80: =IF(ISBLANK(B80)=TRUE,0,1) -> 1 | K80: =IF(ISBLANK(C80)=TRUE,0,1) -> 1 | L80: =IF(ISBLANK(D80)=TRUE,0,1) -> 1 | M80: =IF(ISBLANK(E80)=TRUE,0,1) -> 1 | N80: =IF(ISBLANK(F80)=TRUE,0,1) -> 1 | O80: =IF(ISBLANK(G80)=TRUE,0,1) -> 1 | P80: =IF(ISBLANK(H80)=TRUE,0,1) -> 1 | Q80: =IF(COUNTIF(A:A, A80) > 1, 0, 1) -> 1 | R80: =IF(ISERROR(VLOOKUP(A80, 'Project Reference'!A:A, 1, FALSE)), 0, 1) -> 1 | S80: =IFERROR(__xludf.DUMMYFUNCTION("IF(AND(REGEXMATCH(D80, B80), REGEXMATCH(D80, C80)), 1, 0) "),1.0) -> 1 | T80: =IF(AND(YEAR(E80)>=2023, YEAR(E80)<=2024), 1, 0) -> 1 | U80: =IF(F80-E80>=3, 1, 0) -> 1 | V80: =IF(G80>10000000000, 0, 1) -> 1
A81: CN-0047-2023 | B81: Drainase | C81: Jakarta | D81: Perbaikan Drainase Jakarta | E81: 44961 | F81: 45065 | G81: 327569561 | H81: PT A | I81: =IF(ISBLANK(A81)=TRUE,0,1) -> 1 | J81: =IF(ISBLANK(B81)=TRUE,0,1) -> 1 | K81: =IF(ISBLANK(C81)=TRUE,0,1) -> 1 | L81: =IF(ISBLANK(D81)=TRUE,0,1) -> 1 | M81: =IF(ISBLANK(E81)=TRUE,0,1) -> 1 | N81: =IF(ISBLANK(F81)=TRUE,0,1) -> 1 | O81: =IF(ISBLANK(G81)=TRUE,0,1) -> 1 | P81: =IF(ISBLANK(H81)=TRUE,0,1) -> 1 | Q81: =IF(COUNTIF(A:A, A81) > 1, 0, 1) -> 1 | R81: =IF(ISERROR(VLOOKUP(A81, 'Project Reference'!A:A, 1, FALSE)), 0, 1) -> 1 | S81: =IFERROR(__xludf.DUMMYFUNCTION("IF(AND(REGEXMATCH(D81, B81), REGEXMATCH(D81, C81)), 1, 0) "),1.0) -> 1 | T81: =IF(AND(YEAR(E81)>=2023, YEAR(E81)<=2024), 1, 0) -> 1 | U81: =IF(F81-E81>=3, 1, 0) -> 1 | V81: =IF(G81>10000000000, 0, 1) -> 1
A82: CN-0048-2023 | B82: Drainase | C82: Jakarta | D82: Perbaikan Drainase Jakarta | E82: 44961 | F82: 45078 | G82: 705483967 | H82: CV Sihombing | I82: =IF(ISBLANK(A82)=TRUE,0,1) -> 1 | J82: =IF(ISBLANK(B82)=TRUE,0,1) -> 1 | K82: =IF(ISBLANK(C82)=TRUE,0,1) -> 1 | L82: =IF(ISBLANK(D82)=TRUE,0,1) -> 1 | M82: =IF(ISBLANK(E82)=TRUE,0,1) -> 1 | N82: =IF(ISBLANK(F82)=TRUE,0,1) -> 1 | O82: =IF(ISBLANK(G82)=TRUE,0,1) -> 1 | P82: =IF(ISBLANK(H82)=TRUE,0,1) -> 1 | Q82: =IF(COUNTIF(A:A, A82) > 1, 0, 1) -> 1 | R82: =IF(ISERROR(VLOOKUP(A82, 'Project Reference'!A:A, 1, FALSE)), 0, 1) -> 1 | S82: =IFERROR(__xludf.DUMMYFUNCTION("IF(AND(REGEXMATCH(D82, B82), REGEXMATCH(D82, C82)), 1, 0) "),1.0) -> 1 | T82: =IF(AND(YEAR(E82)>=2023, YEAR(E82)<=2024), 1, 0) -> 1 | U82: =IF(F82-E82>=3, 1, 0) -> 1 | V82: =IF(G82>10000000000, 0, 1) -> 1
A83: CN-0049-2023 | B83: Jembatan | C83: Makassar | D83: Perbaikan Jembatan Makassar | E83: 44963 | F83: 45048 | G83: 3447782131 | H83: PT D | I83: =IF(ISBLANK(A83)=TRUE,0,1) -> 1 | J83: =IF(ISBLANK(B83)=TRUE,0,1) -> 1 | K83: =IF(ISBLANK(C83)=TRUE,0,1) -> 1 | L83: =IF(ISBLANK(D83)=TRUE,0,1) -> 1 | M83: =IF(ISBLANK(E83)=TRUE,0,1) -> 1 | N83: =IF(ISBLANK(F83)=TRUE,0,1) -> 1 | O83: =IF(ISBLANK(G83)=TRUE,0,1) -> 1 | P83: =IF(ISBLANK(H83)=TRUE,0,1) -> 1 | Q83: =IF(COUNTIF(A:A, A83) > 1, 0, 1) -> 1 | R83: =IF(ISERROR(VLOOKUP(A83, 'Project Reference'!A:A, 1, FALSE)), 0, 1) -> 1 | S83: =IFERROR(__xludf.DUMMYFUNCTION("IF(AND(REGEXMATCH(D83, B83), REGEXMATCH(D83, C83)), 1, 0) "),1.0) -> 1 | T83: =IF(AND(YEAR(E83)>=2023, YEAR(E83)<=2024), 1, 0) -> 1 | U83: =IF(F83-E83>=3, 1, 0) -> 1 | V83: =IF(G83>10000000000, 0, 1) -> 1
A84: CN-0050-2023 | B84: Flyover | C84: Depok | D84: Pembuatan Flyover Depok | E84: 44963 | F84: 45313 | G84: 2635808219 | H84: PT B | I84: =IF(ISBLANK(A84)=TRUE,0,1) -> 1 | J84: =IF(ISBLANK(B84)=TRUE,0,1) -> 1 | K84: =IF(ISBLANK(C84)=TRUE,0,1) -> 1 | L84: =IF(ISBLANK(D84)=TRUE,0,1) -> 1 | M84: =IF(ISBLANK(E84)=TRUE,0,1) -> 1 | N84: =IF(ISBLANK(F84)=TRUE,0,1) -> 1 | O84: =IF(ISBLANK(G84)=TRUE,0,1) -> 1 | P84: =IF(ISBLANK(H84)=TRUE,0,1) -> 1 | Q84: =IF(COUNTIF(A:A, A84) > 1, 0, 1) -> 1 | R84: =IF(ISERROR(VLOOKUP(A84, 'Project Reference'!A:A, 1, FALSE)), 0, 1) -> 1 | S84: =IFERROR(__xludf.DUMMYFUNCTION("IF(AND(REGEXMATCH(D84, B84), REGEXMATCH(D84, C84)), 1, 0) "),1.0) -> 1 | T84: =IF(AND(YEAR(E84)>=2023, YEAR(E84)<=2024), 1, 0) -> 1 | U84: =IF(F84-E84>=3, 1, 0) -> 1 | V84: =IF(G84>10000000000, 0, 1) -> 1
A85: CN-0051-2023 | B85: Flyover | C85: Surabaya | D85: Pembuatan Flyover Surabaya | E85: 44965 | F85: 45267 | G85: 2011712412 | H85: PT D | I85: =IF(ISBLANK(A85)=TRUE,0,1) -> 1 | J85: =IF(ISBLANK(B85)=TRUE,0,1) -> 1 | K85: =IF(ISBLANK(C85)=TRUE,0,1) -> 1 | L85: =IF(ISBLANK(D85)=TRUE,0,1) -> 1 | M85: =IF(ISBLANK(E85)=TRUE,0,1) -> 1 | N85: =IF(ISBLANK(F85)=TRUE,0,1) -> 1 | O85: =IF(ISBLANK(G85)=TRUE,0,1) -> 1 | P85: =IF(ISBLANK(H85)=TRUE,0,1) -> 1 | Q85: =IF(COUNTIF(A:A, A85) > 1, 0, 1) -> 1 | R85: =IF(ISERROR(VLOOKUP(A85, 'Project Reference'!A:A, 1, FALSE)), 0, 1) -> 1 | S85: =IFERROR(__xludf.DUMMYFUNCTION("IF(AND(REGEXMATCH(D85, B85), REGEXMATCH(D85, C85)), 1, 0) "),1.0) -> 1 | T85: =IF(AND(YEAR(E85)>=2023, YEAR(E85)<=2024), 1, 0) -> 1 | U85: =IF(F85-E85>=3, 1, 0) -> 1 | V85: =IF(G85>10000000000, 0, 1) -> 1
A86: CN-0052-2023 | B86: Flyover | C86: Jakarta | D86: Pembuatan Flyover Jakarta | E86: 44965 | F86: 45066 | G86: 3202495526 | H86: CV Sihombing | I86: =IF(ISBLANK(A86)=TRUE,0,1) -> 1 | J86: =IF(ISBLANK(B86)=TRUE,0,1) -> 1 | K86: =IF(ISBLANK(C86)=TRUE,0,1) -> 1 | L86: =IF(ISBLANK(D86)=TRUE,0,1) -> 1 | M86: =IF(ISBLANK(E86)=TRUE,0,1) -> 1 | N86: =IF(ISBLANK(F86)=TRUE,0,1) -> 1 | O86: =IF(ISBLANK(G86)=TRUE,0,1) -> 1 | P86: =IF(ISBLANK(H86)=TRUE,0,1) -> 1 | Q86: =IF(COUNTIF(A:A, A86) > 1, 0, 1) -> 1 | R86: =IF(ISERROR(VLOOKUP(A86, 'Project Reference'!A:A, 1, FALSE)), 0, 1) -> 1 | S86: =IFERROR(__xludf.DUMMYFUNCTION("IF(AND(REGEXMATCH(D86, B86), REGEXMATCH(D86, C86)), 1, 0) "),1.0) -> 1 | T86: =IF(AND(YEAR(E86)>=2023, YEAR(E86)<=2024), 1, 0) -> 1 | U86: =IF(F86-E86>=3, 1, 0) -> 1 | V86: =IF(G86>10000000000, 0, 1) -> 1
A87: CN-0053-2023 | B87: Flyover | C87: Surabaya | D87: Perbaikan Flyover Surabaya | E87: 44967 | F87: 45260 | G87: 1655558865 | H87: PT B | I87: =IF(ISBLANK(A87)=TRUE,0,1) -> 1 | J87: =IF(ISBLANK(B87)=TRUE,0,1) -> 1 | K87: =IF(ISBLANK(C87)=TRUE,0,1) -> 1 | L87: =IF(ISBLANK(D87)=TRUE,0,1) -> 1 | M87: =IF(ISBLANK(E87)=TRUE,0,1) -> 1 | N87: =IF(ISBLANK(F87)=TRUE,0,1) -> 1 | O87: =IF(ISBLANK(G87)=TRUE,0,1) -> 1 | P87: =IF(ISBLANK(H87)=TRUE,0,1) -> 1 | Q87: =IF(COUNTIF(A:A, A87) > 1, 0, 1) -> 1 | R87: =IF(ISERROR(VLOOKUP(A87, 'Project Reference'!A:A, 1, FALSE)), 0, 1) -> 1 | S87: =IFERROR(__xludf.DUMMYFUNCTION("IF(AND(REGEXMATCH(D87, B87), REGEXMATCH(D87, C87)), 1, 0) "),1.0) -> 1 | T87: =IF(AND(YEAR(E87)>=2023, YEAR(E87)<=2024), 1, 0) -> 1 | U87: =IF(F87-E87>=3, 1, 0) -> 1 | V87: =IF(G87>10000000000, 0, 1) -> 1
A88: CN-0054-2023 | B88: Flyover | C88: Bandung | D88: Pembuatan Flyover Bandung | E88: 44967 | F88: 45099 | G88: 4806787932 | H88: CV Sihombing | I88: =IF(ISBLANK(A88)=TRUE,0,1) -> 1 | J88: =IF(ISBLANK(B88)=TRUE,0,1) -> 1 | K88: =IF(ISBLANK(C88)=TRUE,0,1) -> 1 | L88: =IF(ISBLANK(D88)=TRUE,0,1) -> 1 | M88: =IF(ISBLANK(E88)=TRUE,0,1) -> 1 | N88: =IF(ISBLANK(F88)=TRUE,0,1) -> 1 | O88: =IF(ISBLANK(G88)=TRUE,0,1) -> 1 | P88: =IF(ISBLANK(H88)=TRUE,0,1) -> 1 | Q88: =IF(COUNTIF(A:A, A88) > 1, 0, 1) -> 1 | R88: =IF(ISERROR(VLOOKUP(A88, 'Project Reference'!A:A, 1, FALSE)), 0, 1) -> 1 | S88: =IFERROR(__xludf.DUMMYFUNCTION("IF(AND(REGEXMATCH(D88, B88), REGEXMATCH(D88, C88)), 1, 0) "),1.0) -> 1 | T88: =IF(AND(YEAR(E88)>=2023, YEAR(E88)<=2024), 1, 0) -> 1 | U88: =IF(F88-E88>=3, 1, 0) -> 1 | V88: =IF(G88>10000000000, 0, 1) -> 1
A89: CN-0055-2023 | B89: Jalan Raya | C89: Tomohon | D89: Perbaikan Jalan Raya Tomohon | E89: 44968 | F89: 45329 | G89: 699551361 | H89: PT A | I89: =IF(ISBLANK(A89)=TRUE,0,1) -> 1 | J89: =IF(ISBLANK(B89)=TRUE,0,1) -> 1 | K89: =IF(ISBLANK(C89)=TRUE,0,1) -> 1 | L89: =IF(ISBLANK(D89)=TRUE,0,1) -> 1 | M89: =IF(ISBLANK(E89)=TRUE,0,1) -> 1 | N89: =IF(ISBLANK(F89)=TRUE,0,1) -> 1 | O89: =IF(ISBLANK(G89)=TRUE,0,1) -> 1 | P89: =IF(ISBLANK(H89)=TRUE,0,1) -> 1 | Q89: =IF(COUNTIF(A:A, A89) > 1, 0, 1) -> 1 | R89: =IF(ISERROR(VLOOKUP(A89, 'Project Reference'!A:A, 1, FALSE)), 0, 1) -> 1 | S89: =IFERROR(__xludf.DUMMYFUNCTION("IF(AND(REGEXMATCH(D89, B89), REGEXMATCH(D89, C89)), 1, 0) "),1.0) -> 1 | T89: =IF(AND(YEAR(E89)>=2023, YEAR(E89)<=2024), 1, 0) -> 1 | U89: =IF(F89-E89>=3, 1, 0) -> 1 | V89: =IF(G89>10000000000, 0, 1) -> 1
A90: CN-0056-2023 | B90: Drainase | C90: Bau-Bau | D90: Perbaikan Drainase Bau-Bau | E90: 44968 | F90: 45186 | G90: 363997813 | H90: PT. Yuniar Hakim Tbk | I90: =IF(ISBLANK(A90)=TRUE,0,1) -> 1 | J90: =IF(ISBLANK(B90)=TRUE,0,1) -> 1 | K90: =IF(ISBLANK(C90)=TRUE,0,1) -> 1 | L90: =IF(ISBLANK(D90)=TRUE,0,1) -> 1 | M90: =IF(ISBLANK(E90)=TRUE,0,1) -> 1 | N90: =IF(ISBLANK(F90)=TRUE,0,1) -> 1 | O90: =IF(ISBLANK(G90)=TRUE,0,1) -> 1 | P90: =IF(ISBLANK(H90)=TRUE,0,1) -> 1 | Q90: =IF(COUNTIF(A:A, A90) > 1, 0, 1) -> 1 | R90: =IF(ISERROR(VLOOKUP(A90, 'Project Reference'!A:A, 1, FALSE)), 0, 1) -> 1 | S90: =IFERROR(__xludf.DUMMYFUNCTION("IF(AND(REGEXMATCH(D90, B90), REGEXMATCH(D90, C90)), 1, 0) "),1.0) -> 1 | T90: =IF(AND(YEAR(E90)>=2023, YEAR(E90)<=2024), 1, 0) -> 1 | U90: =IF(F90-E90>=3, 1, 0) -> 1 | V90: =IF(G90>10000000000, 0, 1) -> 1
A91: CN-0057-2023 | B91: Jalan Raya | C91: Depok | D91: Perbaikan Jalan Raya Depok | E91: 44969 | F91: 45123 | G91: 926922328 | H91: PT C | I91: =IF(ISBLANK(A91)=TRUE,0,1) -> 1 | J91: =IF(ISBLANK(B91)=TRUE,0,1) -> 1 | K91: =IF(ISBLANK(C91)=TRUE,0,1) -> 1 | L91: =IF(ISBLANK(D91)=TRUE,0,1) -> 1 | M91: =IF(ISBLANK(E91)=TRUE,0,1) -> 1 | N91: =IF(ISBLANK(F91)=TRUE,0,1) -> 1 | O91: =IF(ISBLANK(G91)=TRUE,0,1) -> 1 | P91: =IF(ISBLANK(H91)=TRUE,0,1) -> 1 | Q91: =IF(COUNTIF(A:A, A91) > 1, 0, 1) -> 1 | R91: =IF(ISERROR(VLOOKUP(A91, 'Project Reference'!A:A, 1, FALSE)), 0, 1) -> 1 | S91: =IFERROR(__xludf.DUMMYFUNCTION("IF(AND(REGEXMATCH(D91, B91), REGEXMATCH(D91, C91)), 1, 0) "),1.0) -> 1 | T91: =IF(AND(YEAR(E91)>=2023, YEAR(E91)<=2024), 1, 0) -> 1 | U91: =IF(F91-E91>=3, 1, 0) -> 1 | V91: =IF(G91>10000000000, 0, 1) -> 1
A92: CN-0058-2023 | E92: 44969 | F92: 45030 | G92: 314690070 | H92: CV Sihombing | I92: =IF(ISBLANK(A92)=TRUE,0,1) -> 1 | J92: =IF(ISBLANK(B92)=TRUE,0,1) -> 0 | K92: =IF(ISBLANK(C92)=TRUE,0,1) -> 0 | L92: =IF(ISBLANK(D92)=TRUE,0,1) -> 0 | M92: =IF(ISBLANK(E92)=TRUE,0,1) -> 1 | N92: =IF(ISBLANK(F92)=TRUE,0,1) -> 1 | O92: =IF(ISBLANK(G92)=TRUE,0,1) -> 1 | P92: =IF(ISBLANK(H92)=TRUE,0,1) -> 1 | Q92: =IF(COUNTIF(A:A, A92) > 1, 0, 1) -> 1 | R92: =IF(ISERROR(VLOOKUP(A92, 'Project Reference'!A:A, 1, FALSE)), 0, 1) -> 1 | S92: =IFERROR(__xludf.DUMMYFUNCTION("IF(AND(REGEXMATCH(D92, B92), REGEXMATCH(D92, C92)), 1, 0) "),1.0) -> 1 | T92: =IF(AND(YEAR(E92)>=2023, YEAR(E92)<=2024), 1, 0) -> 1 | U92: =IF(F92-E92>=3, 1, 0) -> 1 | V92: =IF(G92>10000000000, 0, 1) -> 1
A93: CN-0059-2023 | B93: Drainase | C93: Surabaya | D93: Perbaikan Drainase Surabaya | E93: 44971 | F93: 45232 | G93: 708312743 | H93: PT D | I93: =IF(ISBLANK(A93)=TRUE,0,1) -> 1 | J93: =IF(ISBLANK(B93)=TRUE,0,1) -> 1 | K93: =IF(ISBLANK(C93)=TRUE,0,1) -> 1 | L93: =IF(ISBLANK(D93)=TRUE,0,1) -> 1 | M93: =IF(ISBLANK(E93)=TRUE,0,1) -> 1 | N93: =IF(ISBLANK(F93)=TRUE,0,1) -> 1 | O93: =IF(ISBLANK(G93)=TRUE,0,1) -> 1 | P93: =IF(ISBLANK(H93)=TRUE,0,1) -> 1 | Q93: =IF(COUNTIF(A:A, A93) > 1, 0, 1) -> 1 | R93: =IF(ISERROR(VLOOKUP(A93, 'Project Reference'!A:A, 1, FALSE)), 0, 1) -> 1 | S93: =IFERROR(__xludf.DUMMYFUNCTION("IF(AND(REGEXMATCH(D93, B93), REGEXMATCH(D93, C93)), 1, 0) "),1.0) -> 1 | T93: =IF(AND(YEAR(E93)>=2023, YEAR(E93)<=2024), 1, 0) -> 1 | U93: =IF(F93-E93>=3, 1, 0) -> 1 | V93: =IF(G93>10000000000, 0, 1) -> 1
A94: CN-0060-2023 | B94: Drainase | C94: Medan | D94: Perbaikan Drainase Medan | E94: 44971 | F94: 45228 | G94: 419037113 | H94: PT A | I94: =IF(ISBLANK(A94)=TRUE,0,1) -> 1 | J94: =IF(ISBLANK(B94)=TRUE,0,1) -> 1 | K94: =IF(ISBLANK(C94)=TRUE,0,1) -> 1 | L94: =IF(ISBLANK(D94)=TRUE,0,1) -> 1 | M94: =IF(ISBLANK(E94)=TRUE,0,1) -> 1 | N94: =IF(ISBLANK(F94)=TRUE,0,1) -> 1 | O94: =IF(ISBLANK(G94)=TRUE,0,1) -> 1 | P94: =IF(ISBLANK(H94)=TRUE,0,1) -> 1 | Q94: =IF(COUNTIF(A:A, A94) > 1, 0, 1) -> 1 | R94: =IF(ISERROR(VLOOKUP(A94, 'Project Reference'!A:A, 1, FALSE)), 0, 1) -> 1 | S94: =IFERROR(__xludf.DUMMYFUNCTION("IF(AND(REGEXMATCH(D94, B94), REGEXMATCH(D94, C94)), 1, 0) "),1.0) -> 1 | T94: =IF(AND(YEAR(E94)>=2023, YEAR(E94)<=2024), 1, 0) -> 1 | U94: =IF(F94-E94>=3, 1, 0) -> 1 | V94: =IF(G94>10000000000, 0, 1) -> 1
A95: CN-0061-2023 | B95: Drainase | C95: Jakarta | D95: Perbaikan Drainase Jakarta | E95: 44972 | F95: 45130 | G95: 500841363 | H95: PT. Yuniar Hakim Tbk | I95: =IF(ISBLANK(A95)=TRUE,0,1) -> 1 | J95: =IF(ISBLANK(B95)=TRUE,0,1) -> 1 | K95: =IF(ISBLANK(C95)=TRUE,0,1) -> 1 | L95: =IF(ISBLANK(D95)=TRUE,0,1) -> 1 | M95: =IF(ISBLANK(E95)=TRUE,0,1) -> 1 | N95: =IF(ISBLANK(F95)=TRUE,0,1) -> 1 | O95: =IF(ISBLANK(G95)=TRUE,0,1) -> 1 | P95: =IF(ISBLANK(H95)=TRUE,0,1) -> 1 | Q95: =IF(COUNTIF(A:A, A95) > 1, 0, 1) -> 1 | R95: =IF(ISERROR(VLOOKUP(A95, 'Project Reference'!A:A, 1, FALSE)), 0, 1) -> 1 | S95: =IFERROR(__xludf.DUMMYFUNCTION("IF(AND(REGEXMATCH(D95, B95), REGEXMATCH(D95, C95)), 1, 0) "),1.0) -> 1 | T95: =IF(AND(YEAR(E95)>=2023, YEAR(E95)<=2024), 1, 0) -> 1 | U95: =IF(F95-E95>=3, 1, 0) -> 1 | V95: =IF(G95>10000000000, 0, 1) -> 1
A96: CN-0062-2023 | B96: Jalan Raya | C96: Jakarta | D96: Perbaikan Jalan Raya Jakarta | E96: 44973 | F96: 45289 | G96: 209304110 | H96: PT. Yuniar Hakim Tbk | I96: =IF(ISBLANK(A96)=TRUE,0,1) -> 1 | J96: =IF(ISBLANK(B96)=TRUE,0,1) -> 1 | K96: =IF(ISBLANK(C96)=TRUE,0,1) -> 1 | L96: =IF(ISBLANK(D96)=TRUE,0,1) -> 1 | M96: =IF(ISBLANK(E96)=TRUE,0,1) -> 1 | N96: =IF(ISBLANK(F96)=TRUE,0,1) -> 1 | O96: =IF(ISBLANK(G96)=TRUE,0,1) -> 1 | P96: =IF(ISBLANK(H96)=TRUE,0,1) -> 1 | Q96: =IF(COUNTIF(A:A, A96) > 1, 0, 1) -> 1 | R96: =IF(ISERROR(VLOOKUP(A96, 'Project Reference'!A:A, 1, FALSE)), 0, 1) -> 1 | S96: =IFERROR(__xludf.DUMMYFUNCTION("IF(AND(REGEXMATCH(D96, B96), REGEXMATCH(D96, C96)), 1, 0) "),1.0) -> 1 | T96: =IF(AND(YEAR(E96)>=2023, YEAR(E96)<=2024), 1, 0) -> 1 | U96: =IF(F96-E96>=3, 1, 0) -> 1 | V96: =IF(G96>10000000000, 0, 1) -> 1
A97: CN-0063-2023 | B97: Jembatan | C97: Medan | D97: Perbaikan Jembatan Medan | E97: 44974 | F97: 45082 | G97: 3686469051 | H97: PT. Yuniar Hakim Tbk | I97: =IF(ISBLANK(A97)=TRUE,0,1) -> 1 | J97: =IF(ISBLANK(B97)=TRUE,0,1) -> 1 | K97: =IF(ISBLANK(C97)=TRUE,0,1) -> 1 | L97: =IF(ISBLANK(D97)=TRUE,0,1) -> 1 | M97: =IF(ISBLANK(E97)=TRUE,0,1) -> 1 | N97: =IF(ISBLANK(F97)=TRUE,0,1) -> 1 | O97: =IF(ISBLANK(G97)=TRUE,0,1) -> 1 | P97: =IF(ISBLANK(H97)=TRUE,0,1) -> 1 | Q97: =IF(COUNTIF(A:A, A97) > 1, 0, 1) -> 1 | R97: =IF(ISERROR(VLOOKUP(A97, 'Project Reference'!A:A, 1, FALSE)), 0, 1) -> 1 | S97: =IFERROR(__xludf.DUMMYFUNCTION("IF(AND(REGEXMATCH(D97, B97), REGEXMATCH(D97, C97)), 1, 0) "),1.0) -> 1 | T97: =IF(AND(YEAR(E97)>=2023, YEAR(E97)<=2024), 1, 0) -> 1 | U97: =IF(F97-E97>=3, 1, 0) -> 1 | V97: =IF(G97>10000000000, 0, 1) -> 1
A98: CN-0064-2023 | B98: Jalan Raya | C98: Bandung | D98: Perbaikan Jalan Raya Bandung | E98: 44974 | F98: 45112 | G98: 353290709 | H98: PT. Lailasari Hariyah (Persero) Tbk | I98: =IF(ISBLANK(A98)=TRUE,0,1) -> 1 | J98: =IF(ISBLANK(B98)=TRUE,0,1) -> 1 | K98: =IF(ISBLANK(C98)=TRUE,0,1) -> 1 | L98: =IF(ISBLANK(D98)=TRUE,0,1) -> 1 | M98: =IF(ISBLANK(E98)=TRUE,0,1) -> 1 | N98: =IF(ISBLANK(F98)=TRUE,0,1) -> 1 | O98: =IF(ISBLANK(G98)=TRUE,0,1) -> 1 | P98: =IF(ISBLANK(H98)=TRUE,0,1) -> 1 | Q98: =IF(COUNTIF(A:A, A98) > 1, 0, 1) -> 1 | R98: =IF(ISERROR(VLOOKUP(A98, 'Project Reference'!A:A, 1, FALSE)), 0, 1) -> 1 | S98: =IFERROR(__xludf.DUMMYFUNCTION("IF(AND(REGEXMATCH(D98, B98), REGEXMATCH(D98, C98)), 1, 0) "),1.0) -> 1 | T98: =IF(AND(YEAR(E98)>=2023, YEAR(E98)<=2024), 1, 0) -> 1 | U98: =IF(F98-E98>=3, 1, 0) -> 1 | V98: =IF(G98>10000000000, 0, 1) -> 1
A99: CN-0065-2023 | B99: Gedung | C99: Jakarta | D99: Perbaikan Gedung Pemerintah Jakarta | E99: 44974 | F99: 45230 | G99: 8935017863 | H99: PT A | I99: =IF(ISBLANK(A99)=TRUE,0,1) -> 1 | J99: =IF(ISBLANK(B99)=TRUE,0,1) -> 1 | K99: =IF(ISBLANK(C99)=TRUE,0,1) -> 1 | L99: =IF(ISBLANK(D99)=TRUE,0,1) -> 1 | M99: =IF(ISBLANK(E99)=TRUE,0,1) -> 1 | N99: =IF(ISBLANK(F99)=TRUE,0,1) -> 1 | O99: =IF(ISBLANK(G99)=TRUE,0,1) -> 1 | P99: =IF(ISBLANK(H99)=TRUE,0,1) -> 1 | Q99: =IF(COUNTIF(A:A, A99) > 1, 0, 1) -> 1 | R99: =IF(ISERROR(VLOOKUP(A99, 'Project Reference'!A:A, 1, FALSE)), 0, 1) -> 1 | S99: =IFERROR(__xludf.DUMMYFUNCTION("IF(AND(REGEXMATCH(D99, B99), REGEXMATCH(D99, C99)), 1, 0) "),1.0) -> 1 | T99: =IF(AND(YEAR(E99)>=2023, YEAR(E99)<=2024), 1, 0) -> 1 | U99: =IF(F99-E99>=3, 1, 0) -> 1 | V99: =IF(G99>10000000000, 0, 1) -> 1
A100: CN-0066-2023 | B100: Jembatan | C100: Bau-Bau | D100: Perbaikan Jembatan Bau-Bau | E100: 44975 | F100: 45193 | G100: 5518454926 | H100: PT C | I100: =IF(ISBLANK(A100)=TRUE,0,1) -> 1 | J100: =IF(ISBLANK(B100)=TRUE,0,1) -> 1 | K100: =IF(ISBLANK(C100)=TRUE,0,1) -> 1 | L100: =IF(ISBLANK(D100)=TRUE,0,1) -> 1 | M100: =IF(ISBLANK(E100)=TRUE,0,1) -> 1 | N100: =IF(ISBLANK(F100)=TRUE,0,1) -> 1 | O100: =IF(ISBLANK(G100)=TRUE,0,1) -> 1 | P100: =IF(ISBLANK(H100)=TRUE,0,1) -> 1 | Q100: =IF(COUNTIF(A:A, A100) > 1, 0, 1) -> 1 | R100: =IF(ISERROR(VLOOKUP(A100, 'Project Reference'!A:A, 1, FALSE)), 0, 1) -> 1 | S100: =IFERROR(__xludf.DUMMYFUNCTION("IF(AND(REGEXMATCH(D100, B100), REGEXMATCH(D100, C100)), 1, 0) "),1.0) -> 1 | T100: =IF(AND(YEAR(E100)>=2023, YEAR(E100)<=2024), 1, 0) -> 1 | U100: =IF(F100-E100>=3, 1, 0) -> 1 | V100: =IF(G100>10000000000, 0, 1) -> 1
...

Sheet Data Cleaning Steps
A1: Indikator | B1: Kolom | C1: Gejala data kotor | D1: Data Cleaning step
A2: Completeness | B2: Nama_Proyek | C2: Missing Data | D2: Imputation dari Jenis_Proyek dan Lokasi, atau hapus baris
B3: Jenis_Proyek | C3: Missing Data | D3: Imputation dari Nama_Proyek
B4: Lokasi | C4: Missing Data | D4: Imputation dari Nama_Proyek
B5: Kontraktor | C5: Missing Data, Irrelevant Data | D5: Hapus kolom
A6: Uniqueness | B6: ID_Proyek | C6: Duplicate | D6: Cek reference table
A7: Validity | B7: ID_Proyek | C7: Duplicate | D7: Imputation ID sesuai urutan Tanggal_Mulai
A8: Consistency | B8: Nama_Proyek | C8: Irrelevant Data | D8: Biarkan saja, namun berikutnya verifikasi ke penyedia data
A9: Feasibility | B9: Tanggal_Selesai | C9: Irrelevant Data | D9: Biarkan saja, namun berikutnya verifikasi ke penyedia data
B10: Anggaran | C10: Outliers | D10: Biarkan saja, namun berikutnya verifikasi ke penyedia data, atau Imputation dengan Median
